-- phpMyAdmin SQL Dump
-- version 4.9.0.1
-- https://www.phpmyadmin.net/
--
-- Host: 127.0.0.1
-- Generation Time: Feb 22, 2020 at 04:17 PM
-- Server version: 10.4.6-MariaDB
-- PHP Version: 7.3.9

SET SQL_MODE = "NO_AUTO_VALUE_ON_ZERO";
SET AUTOCOMMIT = 0;
START TRANSACTION;
SET time_zone = "+00:00";


/*!40101 SET @OLD_CHARACTER_SET_CLIENT=@@CHARACTER_SET_CLIENT */;
/*!40101 SET @OLD_CHARACTER_SET_RESULTS=@@CHARACTER_SET_RESULTS */;
/*!40101 SET @OLD_COLLATION_CONNECTION=@@COLLATION_CONNECTION */;
/*!40101 SET NAMES utf8mb4 */;

--
-- Database: `helisoft_gratech`
--

-- --------------------------------------------------------

--
-- Table structure for table `adjective`
--

CREATE TABLE `adjective` (
  `ad_id` int(11) NOT NULL,
  `ad_name` varchar(50) NOT NULL
) ENGINE=MyISAM DEFAULT CHARSET=utf8;

--
-- Dumping data for table `adjective`
--

INSERT INTO `adjective` (`ad_id`, `ad_name`) VALUES
(4, 'کلاه'),
(5, 'کاپشن'),
(7, 'کفش'),
(8, 'IPAD'),
(10, 'جوراب'),
(11, 'کاپشن'),
(12, 'تبلت'),
(14, 'عینک'),
(20, 'اسباب بازی');

-- --------------------------------------------------------

--
-- Table structure for table `bank_account`
--

CREATE TABLE `bank_account` (
  `ba_id` int(11) NOT NULL,
  `ba_name` varchar(30) DEFAULT NULL COMMENT 'نام بانک',
  `ba_account_owner` varchar(50) NOT NULL COMMENT 'نام صاحب حساب',
  `ba_code` varchar(30) DEFAULT NULL COMMENT 'کد بانک',
  `ba_account_number` varchar(30) DEFAULT NULL COMMENT 'شماره حساب',
  `ba_branch_name` varchar(40) DEFAULT NULL COMMENT 'نام شعبه',
  `ba_branch_number` varchar(30) DEFAULT NULL COMMENT 'شماره شعبه',
  `ba_account_type` varchar(20) DEFAULT NULL COMMENT 'نوع حساب',
  `ba_shaba_number` varchar(40) DEFAULT NULL COMMENT 'شماره شبا',
  `ba_initial_balance` bigint(20) NOT NULL DEFAULT 0 COMMENT 'موجودی اولیه'
) ENGINE=InnoDB DEFAULT CHARSET=utf8;

-- --------------------------------------------------------

--
-- Table structure for table `book`
--

CREATE TABLE `book` (
  `b_id` int(11) NOT NULL,
  `b_cage` varchar(25) NOT NULL,
  `b_name` varchar(255) NOT NULL,
  `b_author` varchar(255) NOT NULL,
  `b_publisher` varchar(25) NOT NULL
) ENGINE=MyISAM DEFAULT CHARSET=utf8;

--
-- Dumping data for table `book`
--

INSERT INTO `book` (`b_id`, `b_cage`, `b_name`, `b_author`, `b_publisher`) VALUES
(5, '555', 'شازده کوچولو', 'حسین عباسی', 'محمود ملاک'),
(6, '15', 'سی شب سی قصه 1', 'مژگان شیخی', 'قدیانی'),
(7, '15', 'سی شب سی قصه 2', 'مژگان شیخی', 'قدیانی'),
(8, '15', 'سی شب سی قصه 4', 'مژگان شیخی', 'قدیانی'),
(9, '15', 'سی شب سی قصه 5', 'مژگان شیخی', 'قدیانی'),
(10, '15', 'سی شب سی قصه 6', 'مژگان شیخی', 'قدیانی'),
(11, '15', 'سی شب سی قصه7', 'مژگان شیخی', 'قدیانی'),
(12, '15', 'سی شب سی قصه8', 'مژگان شیخی', 'قدیانی'),
(13, '15', 'سی شب سی قصه 9', 'مژگان شیخی', 'قدیانی'),
(14, '15', 'سی شب سی قصه10', 'مژگان شیخی', 'قدیانی'),
(15, '15', 'سی شب سی قصه 11', 'مژگان شیخی', 'قدیانی'),
(16, '15', 'سی شب سی قصه 12', 'مژگان شیخی', 'قدیانی'),
(17, '15', 'ماکودکان مسلمان-امانت داری3', 'مریم اسلامی', 'قدیانی'),
(18, '15', 'ماکودکان مسلمان-قرآن1', 'مریم اسلامی', 'قدیانی'),
(19, '15', 'ماکودکان مسلمان-نیکی به پدرومادر4', 'مریم اسلامی', 'قدیانی'),
(20, '15', 'ماکودکان مسلمان-راست گویی6', 'مریم اسلامی', 'قدیانی'),
(21, '15', 'ماکودکان مسلمان-روزه8', 'مریم اسلامی', 'قدیانی'),
(22, '15', 'ماکودکان مسلمان-پاکیزگی9', 'مریم اسلامی', 'قدیانی'),
(23, '15', 'ماکودکان مسلمان-مراقبت از خود10', 'مریم اسلامی', 'قدیانی'),
(24, '15', 'علوم ترسناک', 'نیک آرنولد-مترجم محمود مزینانی', 'پیدایش'),
(25, '15', 'اتاق تجربه-سبیل بابابزرگ عمرا', 'معصومه یزدانی', 'چکه'),
(26, '15', 'صدای نفس های شمن-ابراهیم همت16', 'مهدی میرکیایی', 'کتابهای شکوفه'),
(27, '15', 'ماکودکان مسلمان-خوش قولی12', 'مریم اسلامی', 'قدیانی'),
(28, '15', 'جوانمردان صحرا-یعقوب لیث 4', 'مهدی میرکیایی', 'کتابهای شکوفه'),
(29, '15', 'جشن آتش-علی پسر بویه-5', 'مهدی میرکیایی', 'کتابهای شکوفه'),
(30, '15', 'آب و آتش-امام قلی خان 8', 'مهدی میرکیایی', 'کتابهای شکوفه'),
(31, '15', 'جوان ترین سردار-میرمهنا 9', 'مهدی میرکیایی', 'کتابهای شکوفه'),
(32, '15', 'نبرد در تاریکی-حسن خان ساری اصلان', 'مهدی میرکیایی', 'کتابهای شکوفه'),
(33, '15', 'دامی برای صیاد-رئیس علی دلواری13', 'مهدی میرکیایی', 'کتابهای شکوفه'),
(34, '15', 'سرار سبز-میرزا کوچک خان جنگلی14', 'مهدی میرکیایی', 'کتابهای شکوفه'),
(35, '15', 'آسوده اش نگذارید-دکتر مصطفی چمران15', 'مهدی میرکیایی', 'کتابهای شکوفه'),
(36, '15', 'داستان های دوستی-همیشه مثل تو 1', 'سید محمد مهاجرنی', 'قدیانی'),
(37, '15', 'داستان های دوستی-خرس عروسکی 2', 'سید محمد مهاجرنی', 'قدیانی'),
(38, '15', 'داستان های دوستی-طناب های قرمز 3', 'سید محمد مهاجرنی', 'قدیانی'),
(39, '15', 'داستان های دوستی-موهای طلایی 4', 'سید محمد مهاجرنی', 'قدیانی'),
(40, '15', 'داستان های دوستی-سیب سرخ 5', 'سید محمد مهاجرنی', 'قدیانی'),
(41, '15', 'داستان های دوستی-اشرف خانم 6', 'سید محمد مهاجرنی', 'قدیانی'),
(42, '15', 'داستان های دوستی-بچه های زرنگ 7', 'سید محمد مهاجرنی', 'قدیانی'),
(43, '15', 'داستان های دوستی-گروه شبنم 8', 'سید محمد مهاجرنی', 'قدیانی'),
(44, '15', 'من حضرت محمد را دوست دارم 1', 'غلامرضا حیدری ابهری', ' جمال'),
(45, '15', 'من امام علی(ع) را دوست دارم 2', 'غلامرضا حیدری ابهری', 'جمال'),
(46, '15', 'من حضرت زهرا را دوست دارم3', 'غلامرضا حیدری ابهری', 'جمال'),
(47, '15', 'من امام حسن(ع) را دوست دارم 4', 'غلامرضا حیدری ابهری', 'جمال'),
(48, '15', 'من امام سجاد را دوست دارم 6', 'غلامرضا حیدری ابهری', 'جمال'),
(49, '15', 'من امام باقر(ع) را دوست دارم 7', 'غلامرضا حیدری ابهری', 'جمال'),
(50, '15', 'من امام صادق(ع) را دوست دارم 8', 'غلامرضا حیدری ابهری', 'جمال'),
(51, '15', 'من امام کاظم را دوست دارم 9', 'غلامرضا حیدری ابهری', 'جمال'),
(52, '15', 'من امام رضا(ع) را دوست دارم 10', 'غلامرضا حیدری ابهری', 'جمال'),
(53, '15', 'من امام جواد(ع) را دوست دارم 11', 'غلامرضا حیدری ابهری', 'جمال'),
(54, '15', 'من امام هادی(ع) را دوست دارم 12', 'غلامرضا حیدری ابهری', 'جمال'),
(55, '15', 'من امام حسن عسگری (ع) را دوست دارم 13', 'غلامرضا حیدری ابهری', 'جمال'),
(56, '15', 'من امام زمان(ع) را دوست دارم 14', 'غلامرضا حیدری ابهری', 'جمال'),
(57, '15', 'من امام حسین(ع) را دوست دارم 5', 'غلامرضا حیدری ابهری', 'جمال'),
(58, '15', 'قصه های پیامبر و فرزندانش مجموعه1', 'نقی سلیمانی', 'کتابهای شکوفه'),
(59, '15', 'قصه های پیامبر و فرزندانش مجموعه2', 'نقی سلیمانی', 'کتابهای شکوفه'),
(60, '15', 'قصه های پیامبر و فرزندانش مجموعه3', 'نقی سلیمانی', 'کتابهای شکوفه'),
(61, '15', 'قصه های پیامبر و فرزندانش مجموعه4', 'نقی سلیمانی', 'کتابهای شکوفه'),
(62, '15', 'قصه های پیامبر و فرزندانش مجموعه5', 'نقی سلیمانی', 'کتابهای شکوفه'),
(63, '15', 'هنری زلزله پولدار می شود', 'فرانچسکا سایمون-مترجم آتوسا صالحی', 'افق'),
(64, '15', 'دلفین ها و نهنگ ها', 'مترجم نجمه احمدپور خوئینی', 'ندای مهدی'),
(65, '15', '14 قصه 14 معصوم امام مهدی 14', 'حسین فتاحی', 'قدیانی'),
(66, '15', '14 قصه 14 معصوم امام رضا 10', 'حسین فتاحی', 'قدیانی'),
(67, '15', 'قصه های کوچک برای بچه ای کوچک 1', 'شکوفه قاسم نیا', 'قدیانی'),
(68, '15', 'قصه های کوچک برای بچه ای کوچک 1', 'شکوفه قاسم نیا', 'قدیانی'),
(69, '15', 'قصه های کوچک برای بچه ای کوچک 2', 'شکوفه قاسم نیا', 'قدیانی'),
(70, '15', 'قصه های کوچک برای بچه ای کوچک 5', 'شکوفه قاسم نیا', 'قدیانی'),
(71, '15', 'قصه های کوچک برای بچه ای کوچک6 ', 'شکوفه قاسم نیا', 'قدیانی'),
(72, '15', 'روزی بود روزی نبود دزد و آرزو 2', 'محمد میرکیانی', 'محراب قلم'),
(73, '15', 'قصه های شاهنامه-اسفندیار رویین تن 3', 'آتوسا سالحی', 'افق'),
(74, '15', 'مامان چقدر خوب است', 'ناصر کشاورز', 'سوره مهر'),
(75, '15', 'بوستان سعدی شیرازی', 'محمد مطلق', 'پارسه'),
(76, '15', 'کریسمس پرماجرای استنی', 'مترجم احمد کسایی پور', 'کیمیا'),
(77, '15', 'ماجرای حیرات انگیز استنی', 'مترجم احمد کسایی پور', 'کیمیا'),
(78, '15', 'استنی نامرئی', 'مترجم احمد کسایی پور', 'کیمیا'),
(79, '15', 'استنی و چراغ جادو', 'مترجم احمد کسایی پور', 'کیمیا'),
(80, '15', 'قصه های رامین', 'توران رئیسی', 'پیک ادبیات'),
(81, '15', 'خواهر کوچولوی آتیش پاره من و هری شیطونه', 'مترجم پژمان طهرانیان،آناهیتا آتش بیز', 'کیمیا'),
(82, '15', 'خواهر کوچولوی آتیش پاره من و هری شیطونه', 'مترجم پژمان طهرانیان', 'کیمیا'),
(83, '15', 'موش های نقاشی و مداد رنگی', 'اسدالله شعبانی', 'مدرسه'),
(84, '15', 'روباه زرنگ با دم قشنگ', 'اسدالله شعبانی', 'مدرسه'),
(85, '15', 'قصه بازرگان و طوطی', 'اسدالله شعبانی', 'مدرسه'),
(86, '15', 'گلی کوچولو یه برگ هلو', 'اسدالله شعبانی', 'مدرسه'),
(87, '15', 'نصفش مال من نصفش مال تو', 'اسدالله شعبانی', 'مدرسه'),
(88, '15', 'یک بوته خار', 'اسدالله شعبانی', 'مدرسه'),
(89, '15', 'خاله قلقلی خیلی زبلی', 'اسدالله شعبانی', 'مدرسه'),
(90, '15', 'سرزمین رویای من', 'محمدصادق خدایی', 'ابرار'),
(91, '15', 'قشنگ مثل دایره', 'مریم خیاط پور', 'کتابهای شکوفه'),
(92, '15', 'داستان های آسمانی', 'مریم شریف رضویان', 'طاهر'),
(126, '15', 'سفید برفی و هفت کوتوله', 'مترجم فرزانه صابری', 'آبشن'),
(94, '15', 'کلیله و دمنه', 'مریم شریف رضویان', 'طاهر'),
(95, '15', 'قصه های شیرین جهان جلد11تا20', 'مترجم علی اکبری', 'قدیانی'),
(96, '15', 'قصه های شیرین جهان جلد31تا40', 'مترجم بیژن نامجو', 'قدیانی'),
(97, '15', 'در فصل های خانه', 'داوود لطف الله', 'مدرسه'),
(98, '15', 'آغاز داستان ها:اسطوره ی کیومرث پادشاه1', 'آرمان آرین ', 'چکه'),
(99, '15', 'پیروزی بردیوها', 'آرمان آرین ', 'چکه'),
(100, '15', 'سوار بر اهریمی', 'آرمان آرین ', 'چکه'),
(101, '15', 'ستمگر می آید اسطوره ی 4', 'آرمان آرین ', 'چکه'),
(102, '15', 'داستان مارها اسطوره 5', 'آرمان آرین ', 'چکه'),
(103, '15', 'نخستین انقلاب تاریخ اسطوره ی6', 'آرمان آرین ', 'چکه'),
(114, '15', 'اولین کتاب هوش من', 'علی اکبر صفائی دیبا', 'همکلاسی'),
(110, '15', 'صالح و قوم ثمود 1', 'افسانه شعبان نژاد', 'لک لک'),
(111, '15', 'چراهای شگفت انگیز قرآن کریم', 'رضا نباتی', 'محراب قلم'),
(112, '15', 'موشک کاغذی بزرگ', 'مترجم رضوان خرمیان', 'دانش نگار'),
(113, '15', 'فراهوش', 'علی اکبر صفائی دیبا', 'همکلاسی'),
(115, '15', 'پسرک بازیگوش و شیشه شکلات', 'غزاله همکار حسین جواهری', 'جواهری'),
(116, '15', 'مرد پینه دوز و مرد بازرگان', 'غزاله هنر کار و حسین جواهری', 'جواهری'),
(117, '15', 'بذر آرامش', 'مترجم حسین ابراهیمی', 'شهر'),
(118, '15', 'هدیه ای برای مادر بزرگ', 'رزاقی', 'کتاب های زعفرانی'),
(119, '15', 'کشتی نوح 2', 'افسانه شعبان نژاد', 'لک لک'),
(120, '15', 'فکر خوب احساس خول', 'مترجم مژگان امینی', 'فرهنگ پژوهان دانش'),
(121, '15', 'هویج های وحشتناک', 'مترجم پروین علی پر', 'به نگار'),
(122, '15', 'تکنیک نقاشی با مداد رنگی', 'مترجم سیامک علیزاده', 'اشجع'),
(123, '15', 'ماموریت دشوار', 'مترجم مجید عمیق', 'دلهام'),
(124, '15', 'داستان پسرک چوپان  گرگ', 'غزاله هنر کار و حسین جواهری', 'جواهری'),
(125, '15', 'داستان الاغ و سگ', 'غزاله هنر کار و حسین جواهری', 'جواهری'),
(127, '15', 'مملی خجالتی بود', 'فاطمه ستاری', 'دوست مهربان'),
(128, '15', 'محمود کوچولو هندونه خورد', 'حسین میرزایی', 'تکسوار حجاز'),
(136, '15', 'ساعت من طلا شده', 'برکات اهل بیت(ع)', 'برکات اهل بیت(ع)'),
(130, '15', 'همسایه های تازه', 'راضیه شعبانی', 'بنیاد پژوهش های اسلامی'),
(131, '15', 'آلبوم حیوانات', 'شکوفه اشرف الکتایی', 'دانش پرور'),
(132, '15', 'هاچین و واچین', 'مریم فلاح پور کوتنایی', 'نگین هشتم'),
(133, '15', 'علی بابا و چهل دزد', 'بیژن نامجو', 'برف'),
(134, '15', 'خواب خیالی', 'لیلا خیامی', 'آیین تربیت'),
(135, '15', 'خواب و تاب و بهار نارنج', 'پروین علی پور', 'بنیاد پژوهش اسلامی'),
(137, '15', 'حسنی میون خواب خوش', 'مهروش طهوری', 'اورانوس'),
(138, '15', 'شیری که خر بود', 'مترجم ناصر جلالیان', 'برف'),
(139, '15', 'کلاه نمدی', 'سوسن طاقدیس', 'نهاد هنر و ادبیات'),
(140, '15', 'نانی نازنازو', 'شکوه قاسم نیا', 'کتابهای شکوفه'),
(141, '15', 'چه کسی مرا برد به هوا', 'منصوره صابری', 'کتابهای شکوفه'),
(142, '15', 'خانه حیوانات', 'علیرضا روسی', 'دهسرا'),
(143, '15', 'هدیه های امام حسن', 'محمد مهاجرانی', 'بهار دلهاها'),
(144, '15', 'هاچین و واچین', 'مریم فلاح پور کوتنایی', 'نگین هشتم'),
(145, '15', 'تبر طلایی و فرشته مهربون', 'شاگاهیراتا', 'برف'),
(146, '15', 'شوخی می کنی؟', 'پروین علی پور', 'بنیاد پژوهش اسلامی'),
(147, '15', 'همیار طبیعت عاقبت فکر بد', 'مرجان طالب رضایی', 'آرشیو'),
(148, '15', 'سگی که قار قار میکرد', 'فریبا کلهر', 'کانون پرورش فکری نوجوانان'),
(149, '15', 'پینوکیو پسر مهربان', 'مترجم حبیبیان', 'دادجو'),
(150, '15', 'کلاغ تشنه', 'جعفر ابراهیمی', 'کانون پرورش فکری نوجوانان'),
(151, '15', 'مواضب جریمه خدا باش', 'غلامرضا حیدری ابهری', 'قدیانی'),
(152, '15', 'شهر قشنگ ظهپور', 'س رضایی', 'تکسوار حجاز'),
(153, '15', 'کامواها', 'نسیمه ایمانی', 'کتابهای پروانه'),
(154, '15', 'رنگانگ', 'مریم طالشی', 'برف'),
(155, '15', 'من نبودم دستم', 'لعیا اعتمادی', 'جمال'),
(156, '15', 'آش مامان سفیده و بابا سفیده', 'لاله جعفری', 'خانه ادبیات'),
(157, '15', 'آی بچه ها صدا میاد میگه آقا داره میاد', 'س رضایی', 'تکسوار حجاز'),
(158, '15', 'همیشه ناراضی', 'هوشنگ اشترانی', 'مفاهیم'),
(159, '15', 'حسنی همیار پلیسه', 'مرضیه خانی زاده', 'هنرور'),
(160, '15', 'دیو و دلبر', 'مترجم مهشید شادمهر شریف', 'تحول'),
(161, '15', 'حسنی و فتنه کثیف', 'مینا بخشی', 'مهر انگیز'),
(162, '15', 'دختر کوچولوی مهربان', 'مترجم آرزو رمضانی', 'آبرنگ'),
(163, '15', 'حسن کچل به جنگ دشمن می رود', 'حسین فتاحی', 'افق'),
(164, '15', 'شناخت رنگ ها', 'علی اکبر صفائی دیبا', 'همکلاسی'),
(165, '15', 'جزیره گنج', 'مترجم علی اکبری', 'برف'),
(166, '15', 'حسنی شدش بی دندون', 'آلاله قرئی', 'سرزمین مادری'),
(167, '15', 'یادم رفت', 'صبا رفیع', 'نردبان'),
(168, '15', 'سلیمان و حیوانات جنگل', 'محمود میرزایی', 'لیدا'),
(169, '15', 'پیرمرد ماهی گیر و پری دریایی', 'سعید میرزایی', 'مفاهیم'),
(170, '15', 'قصه های خرس کوچولو', 'لاله جعفری', 'کتابهای شکوفه'),
(171, '15', 'غول چراغ جادو', 'مترجم الهام کائینی', 'برف'),
(172, '15', 'سلام بر زندگی', 'مترجم مهناز عسگری', 'سروش'),
(173, '15', 'آلبوم حیوانات', 'شکوفه اشرف الکتایی', 'دانش پرور'),
(174, '15', 'قصه یک گربه و پنج موش', 'مصطفی رحماندوست', 'کانون پرورش فکری نوجوانان'),
(175, '15', 'لباس جدید پادشاه', 'مترجم اشرف دوستی', 'قصر کتاب'),
(176, '15', 'سه تا خربزه خیلی خوشمزه', 'ملک', 'برکات اهل بیت(ع)'),
(177, '15', 'حسنی و مرغ ناقلا', 'اکبر فلاحتی', 'دانش پرور'),
(178, '15', 'خودم بلدم', 'صبا رفیع', 'نردبان'),
(179, '15', 'کتاب و ب ممنوع', 'محمدکاظم مزیانی', 'شاهد'),
(180, '15', 'شاهنامه رستم و سهراب', 'زینب السادات طباطبایی', 'طاهر'),
(181, '15', 'ماجراهای پیشول میشول و آقای نیکی', 'بهنام صبوحی', 'کانون آگهی و تبلیغات'),
(182, '15', 'خروس زری پیرهن پری', 'احمد شاملو', 'خانه ادبیات'),
(183, '15', 'خرگوش مغرور و لاکپشت', 'شاگاهیراتا', 'برف'),
(184, '15', 'ملکه جنگل', 'سید احمد زرهانی', 'ستاد اقامه نماز'),
(185, '15', 'پرواز', 'سید جواد هاشمی', 'ستاد اقامه نماز'),
(186, '15', 'دوروتی و شهرجادو', 'فرانک بام', 'صبح شادی'),
(187, '15', 'دهکده خرگوش ها', 'اکبر فلاحتی', 'دانش پرور'),
(188, '15', 'شب بخیر عزیزم', 'پروین علی پور', 'بنیاد پژوهش اسلامی'),
(189, '15', 'زیباترین دیدنی', 'فریبا کلهر', 'بوستان کتاب قلم'),
(190, '15', 'خرسی که میخواست قصه بگوید', 'مترجم ساناز حکت شعار', 'کتابهای شکوفه'),
(191, '15', 'انرژی و شهر ما', 'محمد کمره ای', 'وزارت نیرو'),
(192, '15', 'خری که خر نشد', 'محمدرضا یوسفی', 'فرای علم'),
(193, '15', 'روباه و خروس', 'محمدرضا یوسفی', 'فرای علم'),
(194, '15', 'حسنی  که فکر درس نیست', 'مجید سیف', 'سپیده'),
(195, '15', 'مرد فقیر و بهترین پیران', 'عباس رمضانی', 'کتاب تارا'),
(196, '15', 'احادیث تصویری را رنگ کنید', 'محمود خیری', 'مکتب بشیر'),
(197, '15', 'زمین پاک', 'مترجم آرام وحیدی', 'کتاب های سبز'),
(198, '15', 'الاغ بابا از سفر اوم', 'ملک', 'برکات اهل بیت(ع)'),
(199, '15', 'پینوکیو', 'مترجم مهدی صبوحی', 'سپیده'),
(200, '15', 'طوطی و بازرگان', 'شایا محمدی رفیع', 'فرای علم'),
(201, '15', 'خروس و دوست مهربان', 'شاگاهیراتا', 'برف'),
(202, '15', 'خرگوش ارایشگر', 'مترجم زهرا ملک محمدی', 'فکر برتر'),
(203, '15', 'آموزش قرآن', 'مکتب القران الکریم', 'مکتب القران الکریم'),
(204, '15', 'کشتی نوح', 'مهدی قنبری', 'همکلاسی'),
(205, '15', 'شقایقی از کردستان', 'مهدی وحیدی صدر', 'نینوا'),
(206, '15', 'دوازده امام', 'علیرضا حضرتی', 'زائر'),
(207, '15', 'حضرت ابراهیم', 'طاهره معصومی', 'آبشن'),
(208, '15', 'حضرت یونس', 'مرجان رحمانی', 'همکلاسی'),
(209, '15', 'داستان موسی و حضرت خضر', 'مرجان رحمان', 'همکلاسی'),
(210, '15', 'نهج البلاغه', 'س رضایی', 'برکات اهل بیت(ع)'),
(211, '15', 'قصه چند آیه خوب خدا', 'مجتبی آموزگار', 'زیتون'),
(212, '15', 'حضرت الیاس و پرواز به آسمان', 'عزت سنایی راد', 'دوست مهربان'),
(213, '15', 'امام رضای مهربون', 'سید محمد مهاجرانی', 'جمال'),
(214, '15', 'جشن تکلیف', 'فرشته رامشینی', 'کمال اندیشه'),
(215, '15', 'ماجرای نذر زینب کوچولو', 'فاطمه سادات فصیحی', 'مسجد مقدس جمکران'),
(216, '15', 'تشنه تر از من', 'ابراهیم حسن بیگی', 'مدرسه'),
(217, '15', 'نوح و طوفان بزرگ', 'سید حسن ناصری', 'آیین تربیت'),
(218, '15', 'مدرسه نهج البلاغه', 'علی سلگی', 'شهرداری'),
(219, '15', 'جشن شکوفه ها', 'مازیار تهرانی', 'ستاد اقامه نماز'),
(220, '15', 'مصاحبه با شنگول و منگول', 'رحمن زارع', 'خانه ادبیات'),
(221, '15', 'روباه و شکار چی', 'بهمن آذری نجفی', 'آفتاب مهتاب'),
(222, '15', 'حضرت امام محمدباقر', 'احسان قنبری', 'همکلاسی'),
(223, '15', 'شتر مسافرت را به خانه برسان', 'برکات اهل بیت(ع)', 'برکات اهل بیت(ع)'),
(224, '15', 'هدیه روز تولد تدی', '', 'صدف'),
(225, '15', 'حضرت نوح', 'منیژه عارفی', 'جهان پویش'),
(226, '15', 'نی نوشیدنی ها', 'مهناز نخعی', 'کتاب های پروانه '),
(227, '15', 'ضربه کاری', 'احمد عربلو', 'محراب قلم'),
(228, '15', 'سایه ای زیرنور ماه', 'سوسن طاقدیس', 'گلبرگ سروش'),
(229, '15', 'بچه ها مهد کودک', 'سمیرا جعفری', 'نگین هشتم'),
(230, '15', 'داستان های پیامبر آواز چکاوک', 'مریم بصیری', 'قدر  ولایت'),
(231, '15', 'روباه کلک و کلاغ زیرک', 'محمود میرزایی دلاویز', 'شهرزاد'),
(232, '15', 'کتاب مهارت کودک', 'علی اکبر صفائی دیبا', 'سیب'),
(233, '15', 'مادر دوستت دارم', 'راحله قیداری', 'ادب و دانش'),
(234, '15', 'آبی تر از آسمان', 'محسن پارسا', 'سپیده'),
(235, '15', 'بوی هلو و باروت', 'محمد کاظم مزینانی', 'شاهد'),
(236, '15', 'نوح و طوفان بزرگ', 'سید حسن ناصری', 'آیین تربیت'),
(237, '15', 'قصه چند آیه خوب خدا', 'مجتبی آموزگار', 'زیتون'),
(238, '15', 'داستان موسی و حضرت خضر', 'مرجان رحمان', 'همکلاسی'),
(239, '15', 'حضرت یونس', 'مرجان رحمانی', 'همکلاسی'),
(240, '15', 'حضرت ابراهیم', 'طاهره معصومی', 'ابشن'),
(241, '15', 'حسنی رنگ می کند', '', 'صدف'),
(242, '15', 'شب بخیر عزیزم', 'پروین علی پور', 'بنیاد پژوهش اسلامی'),
(243, '15', 'موش روستایی و موش شهری', 'سعید بهروزی', 'افق'),
(244, '15', 'انرژی های نو', 'مترجم شهرزاد فتوحی', 'فنی ایران'),
(245, '15', 'سفر کک و مک ', 'مترجم غلامرضا امامی', 'شهر'),
(246, '15', 'جانشین پادشاه', 'سریر ملکی', 'سادس'),
(247, '15', 'در باغ خرگوش ها', 'مترجم غلامرضا امامی', 'شهر'),
(248, '15', 'امام رضا', 'مهدی وحیدی صدر', 'موسسه آموزشی پژوهشی امام '),
(249, '15', 'بهادر', 'نورا حق پرست', 'کانون پرورش فکری نوجوانان'),
(250, '15', 'قصه های مهربانی', 'سپیده خلیلی', 'کتاب های پروانه '),
(251, '15', 'دیو و درنا', 'مریم بصیری', 'کتاب های آبی گل'),
(252, '15', 'اتوبوس جادویی و سفربه دنیای برق', 'مترجم ابراهیم ابراهیمی', 'سبز اندیشان'),
(253, '15', 'روزی که آوس بیمار شد', 'مترجم سمیرا ابراهیمی', 'کتابهای شکوفه'),
(254, '15', 'سبد مادربزرگ', 'محمدرضا یوسفی', 'کتاب های پروانه '),
(255, '15', 'تخم مرغ گمشده', 'مترجم سارا ملایی', 'ادریس'),
(256, '15', 'شاهنامه حماسه فریدون و ضحاک', 'سعید رزاقی', 'طاهر'),
(257, '15', 'کوچولو شیرین تر از عسل تویی', '', 'محتوی'),
(258, '15', 'من کجا هستم', 'مترجم امیر حسین بنکدار', 'کانون پرورش فکری نوجوانان'),
(259, '15', 'زائر کوچولو', 'نرجس رحیمی نژاد', 'قدر  ولایت'),
(260, '15', 'بستنی رنگین کمان', 'منیژه هاشمی', 'گلبرگ سروش'),
(261, '15', 'ساعت هفت و ربع', 'محمد کاظم مزینانی', 'شاهد'),
(262, '15', 'حضرت امام حسن مجتبی', 'احسان قنبری', 'همکلاسی'),
(263, '15', 'جزیره گنج', 'علی اکبری', 'برف'),
(264, '15', 'کشتی  نوح ', 'مهدی قنبری', 'همکلاسی');

-- --------------------------------------------------------

--
-- Table structure for table `buy_package`
--

CREATE TABLE `buy_package` (
  `bp_id` int(11) NOT NULL COMMENT 'کد ردیف',
  `p_id` int(11) NOT NULL COMMENT 'کد شخص',
  `pk_id` int(11) NOT NULL COMMENT 'کد بسته',
  `bp_time` float NOT NULL COMMENT 'مدت زمان',
  `bp_expire` varchar(15) NOT NULL COMMENT 'تاریخ انقضا',
  `bp_type` varchar(15) NOT NULL
) ENGINE=InnoDB DEFAULT CHARSET=utf8;

-- --------------------------------------------------------

--
-- Table structure for table `costs`
--

CREATE TABLE `costs` (
  `c_id` int(11) NOT NULL,
  `h_id` int(11) NOT NULL,
  `c_price` double NOT NULL,
  `ba_id` int(11) NOT NULL,
  `c_date` date DEFAULT NULL,
  `c_time` time DEFAULT NULL,
  `u_id` int(11) NOT NULL,
  `c_details` text DEFAULT NULL
) ENGINE=InnoDB DEFAULT CHARSET=utf8;

-- --------------------------------------------------------

--
-- Table structure for table `course`
--

CREATE TABLE `course` (
  `c_id` int(11) NOT NULL,
  `c_name` varchar(75) DEFAULT NULL,
  `c_capacity` int(5) DEFAULT NULL,
  `c_date` date DEFAULT NULL,
  `c_fee` varchar(20) DEFAULT NULL,
  `t_id` int(11) DEFAULT NULL,
  `c_details` text DEFAULT NULL
) ENGINE=InnoDB DEFAULT CHARSET=utf8;

--
-- Dumping data for table `course`
--

INSERT INTO `course` (`c_id`, `c_name`, `c_capacity`, `c_date`, `c_fee`, `t_id`, `c_details`) VALUES
(133, 'نقاشی خلاق خصوصی', 5, '0000-00-00', '6000000', 0, 'ss'),
(159, 'شب یلدا 98', 200, '1398-09-29', '350000', 119, ''),
(160, 'قصه گویی ترم اول زمستان 98', 15, '1398-09-17', '1500000', 133, ''),
(169, 'مادر و کودک', 50, '1398-10-18', '15000', 46, '');

-- --------------------------------------------------------

--
-- Table structure for table `course_cost`
--

CREATE TABLE `course_cost` (
  `cc_id` int(11) NOT NULL,
  `c_id` int(11) NOT NULL,
  `cc_price` decimal(10,0) NOT NULL,
  `cc_details` text CHARACTER SET utf8 NOT NULL,
  `cc_date` date NOT NULL
) ENGINE=InnoDB DEFAULT CHARSET=latin1;

--
-- Dumping data for table `course_cost`
--

INSERT INTO `course_cost` (`cc_id`, `c_id`, `cc_price`, `cc_details`, `cc_date`) VALUES
(2, 160, '15000', 'مداد', '1398-10-18'),
(4, 160, '5000', 'خرید لوله', '1398-10-18'),
(5, 169, '5000', 'مداد', '1398-10-18');

-- --------------------------------------------------------

--
-- Table structure for table `course_ticket`
--

CREATE TABLE `course_ticket` (
  `ct_id` int(11) NOT NULL,
  `c_id` int(11) NOT NULL,
  `ct_num` tinyint(4) NOT NULL,
  `ct_name` varchar(50) CHARACTER SET utf8 NOT NULL,
  `ct_price` decimal(10,0) NOT NULL,
  `ct_date` date NOT NULL,
  `ct_disprice` decimal(10,0) NOT NULL DEFAULT 0
) ENGINE=InnoDB DEFAULT CHARSET=latin1;

--
-- Dumping data for table `course_ticket`
--

INSERT INTO `course_ticket` (`ct_id`, `c_id`, `ct_num`, `ct_name`, `ct_price`, `ct_date`, `ct_disprice`) VALUES
(1, 160, 2, 'مهدوی', '0', '1398-10-18', '0'),
(2, 160, 4, 'حسنی', '0', '1398-10-18', '0'),
(3, 160, 50, 'رضایی', '0', '1398-10-18', '0'),
(6, 160, 3, 'نجمی', '0', '1398-10-18', '0'),
(9, 160, 2, 'مهدوی', '1500000', '1398-10-18', '0'),
(10, 169, 2, 'مهدوی', '15000', '1398-10-18', '0'),
(11, 169, 2, 'حسنی', '15000', '1398-10-18', '0'),
(12, 169, 4, 'نجمی', '15000', '1398-10-18', '0'),
(13, 169, 2, 'هلما سنگی', '15000', '1398-11-13', '5000');

-- --------------------------------------------------------

--
-- Table structure for table `factor`
--

CREATE TABLE `factor` (
  `f_id` int(11) NOT NULL COMMENT 'کد ردیف',
  `u_id` int(11) DEFAULT NULL,
  `p_id` int(11) NOT NULL COMMENT 'کد شخص',
  `pr_id` int(11) NOT NULL COMMENT 'کد محصول',
  `f_count` int(11) NOT NULL COMMENT 'تعداد',
  `pr_price` int(11) NOT NULL COMMENT 'مبلغ',
  `f_date` datetime NOT NULL COMMENT 'تاریخ',
  `f_status` int(11) NOT NULL DEFAULT 0 COMMENT 'وضعیت پرداخت'
) ENGINE=InnoDB DEFAULT CHARSET=utf8;

--
-- Dumping data for table `factor`
--

INSERT INTO `factor` (`f_id`, `u_id`, `p_id`, `pr_id`, `f_count`, `pr_price`, `f_date`, `f_status`) VALUES
(350, NULL, 4771, 26, 1, 11000, '1398-10-26 10:56:00', 1),
(351, NULL, 4771, 26, 1, 11000, '1398-10-26 10:56:00', 1),
(352, NULL, 4771, 26, 1, 11000, '1398-10-26 10:56:00', 1),
(353, NULL, 4771, 26, 1, 11000, '1398-10-26 10:56:00', 1),
(354, NULL, 4771, 12, 1, 3000, '1398-10-26 10:59:00', 1),
(355, NULL, 4771, 12, 1, 3000, '1398-10-26 11:00:00', 1),
(356, NULL, 4771, 4, 1, 4000, '1398-10-26 11:02:00', 1),
(357, NULL, 4771, 4, 1, 4000, '1398-10-26 11:03:00', 1),
(358, NULL, 4771, 21, 1, 13000, '1398-10-26 11:10:00', 1),
(359, NULL, 4771, 21, 1, 13000, '1398-10-26 11:10:00', 1),
(360, NULL, 4771, 21, 1, 13000, '1398-10-26 11:10:00', 1),
(361, NULL, 4773, 20, 1, 14000, '1398-11-26 13:35:00', 0),
(362, NULL, 4773, 39, 1, 3500, '1398-11-26 13:35:00', 0),
(363, NULL, 4773, 3, 1, 1500, '1398-11-26 13:35:00', 0);

-- --------------------------------------------------------

--
-- Table structure for table `factor_buy`
--

CREATE TABLE `factor_buy` (
  `f_id` int(11) NOT NULL COMMENT 'کد فاکتور',
  `p_id` int(11) NOT NULL COMMENT 'کد تامین کننده',
  `f_date` varchar(16) NOT NULL COMMENT 'تاریخ ثبت فاکتور',
  `u_id` int(11) NOT NULL COMMENT 'کد کاربر',
  `f_VAT_status` tinyint(1) NOT NULL DEFAULT 0 COMMENT 'وضعیت گواهی ارزش افزوده',
  `f_payment` varchar(50) DEFAULT NULL COMMENT 'نحوه پرداخت'
) ENGINE=MyISAM DEFAULT CHARSET=utf8;

--
-- Dumping data for table `factor_buy`
--

INSERT INTO `factor_buy` (`f_id`, `p_id`, `f_date`, `u_id`, `f_VAT_status`, `f_payment`) VALUES
(9, 4802, '1398/12/4', 46, 0, 'غیر نقدی'),
(8, 4802, '1398/12/03', 46, 0, 'غیر نقدی'),
(7, 4802, '1398/12/4', 46, 0, 'غیر نقدی');

-- --------------------------------------------------------

--
-- Table structure for table `factor_buy_body`
--

CREATE TABLE `factor_buy_body` (
  `fb_id` int(11) NOT NULL COMMENT 'کد ردیف فاکتور خرید',
  `f_id` int(11) NOT NULL COMMENT 'کد فاکتور خرید',
  `pr_id` int(11) NOT NULL COMMENT 'کد ماده اولیه',
  `ba_id` int(11) NOT NULL COMMENT 'برداشت از',
  `fb_quantity` float NOT NULL COMMENT 'مقدار',
  `fb_price` double NOT NULL COMMENT 'مبلغ',
  `total_price` double NOT NULL COMMENT 'قیمت کل',
  `fb_discount` double NOT NULL DEFAULT 0 COMMENT 'مبلغ تخفیف',
  `fb_details` text DEFAULT NULL COMMENT 'توضیحات'
) ENGINE=MyISAM DEFAULT CHARSET=utf8 COMMENT='ردیف های فاکتور خرید';

--
-- Dumping data for table `factor_buy_body`
--

INSERT INTO `factor_buy_body` (`fb_id`, `f_id`, `pr_id`, `ba_id`, `fb_quantity`, `fb_price`, `total_price`, `fb_discount`, `fb_details`) VALUES
(1, 7, 4, 0, 4, 1500, 6000, 0, ''),
(2, 8, 3, 0, 40, 2000, 80000, 25000, ''),
(4, 9, 19, 0, 20, 7000, 140000, 25000, 'ندارد...'),
(5, 7, 10, 0, 20, 15000, 300000, 0, 'ندارد');

-- --------------------------------------------------------

--
-- Table structure for table `food`
--

CREATE TABLE `food` (
  `f_id` int(11) NOT NULL,
  `f_name` varchar(30) DEFAULT NULL,
  `f_type` varchar(30) DEFAULT NULL,
  `f_price` int(11) DEFAULT NULL,
  `f_supply` int(11) DEFAULT NULL
) ENGINE=InnoDB DEFAULT CHARSET=utf8;

--
-- Dumping data for table `food`
--

INSERT INTO `food` (`f_id`, `f_name`, `f_type`, `f_price`, `f_supply`) VALUES
(1, 'پنیر و خیار', 'صبحانه', 5000, 20),
(2, 'املت', 'صبحانه', 7000, 15),
(3, 'خامه عسل', 'صبحانه', 4000, 2),
(4, 'خورشت قیمه', 'ناهار', 9000, 20),
(5, 'ماکارونی', 'ناهار', 6000, 15),
(6, 'چلو کباب', 'ناهار', 12000, 15),
(7, 'کیک', 'میان وعده', 3500, 15),
(8, 'آبمیوه', 'میان وعده', 2000, 20),
(9, 'آش', 'شام', 3500, 20),
(10, 'حلیم', 'شام', 6800, 20);

-- --------------------------------------------------------

--
-- Table structure for table `food_plan`
--

CREATE TABLE `food_plan` (
  `fp_id` int(11) NOT NULL,
  `fp_date` date DEFAULT NULL,
  `f_id` int(11) DEFAULT NULL
) ENGINE=InnoDB DEFAULT CHARSET=utf8;

--
-- Dumping data for table `food_plan`
--

INSERT INTO `food_plan` (`fp_id`, `fp_date`, `f_id`) VALUES
(52, '1398-11-01', 9),
(53, '1398-11-02', 1);

-- --------------------------------------------------------

--
-- Table structure for table `food_reserv`
--

CREATE TABLE `food_reserv` (
  `fr_id` int(11) NOT NULL,
  `fp_id` int(11) NOT NULL,
  `p_id` int(11) NOT NULL
) ENGINE=InnoDB DEFAULT CHARSET=utf8;

--
-- Dumping data for table `food_reserv`
--

INSERT INTO `food_reserv` (`fr_id`, `fp_id`, `p_id`) VALUES
(21, 52, 4771),
(22, 52, 4772);

-- --------------------------------------------------------

--
-- Table structure for table `game`
--

CREATE TABLE `game` (
  `g_id` int(11) NOT NULL COMMENT 'کد ردیف',
  `u_id` int(11) DEFAULT NULL,
  `p_id` int(11) NOT NULL COMMENT 'کد شخص',
  `g_type` varchar(50) DEFAULT NULL COMMENT 'نوع ورود',
  `g_count` tinyint(5) NOT NULL DEFAULT 1 COMMENT 'تعداد',
  `g_in` time DEFAULT NULL COMMENT 'ساعت ورود',
  `g_out` time DEFAULT NULL COMMENT 'ساعت خروج',
  `g_date` date NOT NULL COMMENT 'تاریخ ورود',
  `g_total` smallint(6) DEFAULT 0 COMMENT 'جمع دقیقه عادی',
  `g_total_vip` smallint(6) DEFAULT 0 COMMENT 'جمع دقیقه ویژه',
  `g_extra` smallint(6) DEFAULT 0 COMMENT 'جمع دقیقه مازاد',
  `g_total_price` decimal(10,0) DEFAULT 0 COMMENT 'مبلغ عادی',
  `g_total_vip_price` decimal(10,0) DEFAULT 0 COMMENT 'مبلغ ویژه',
  `g_extra_price` decimal(10,0) DEFAULT 0 COMMENT 'مبلغ مازاد',
  `g_used_sharj` smallint(6) DEFAULT 0 COMMENT 'شارژ مصرف شده',
  `g_login_price` decimal(10,0) DEFAULT 0 COMMENT 'مدت مازاد',
  `g_total_shop` decimal(10,0) DEFAULT 0 COMMENT 'جمع فروشگاه',
  `g_offer_code` smallint(6) DEFAULT 0 COMMENT 'کد تخفیف',
  `g_offer_price` decimal(10,0) DEFAULT 0 COMMENT 'مبلغ تخفیف',
  `g_status` tinyint(1) NOT NULL DEFAULT 0 COMMENT 'وضعیت حضور',
  `g_adjective` text DEFAULT NULL COMMENT 'امانتی ها'
) ENGINE=InnoDB DEFAULT CHARSET=utf8;

--
-- Dumping data for table `game`
--

INSERT INTO `game` (`g_id`, `u_id`, `p_id`, `g_type`, `g_count`, `g_in`, `g_out`, `g_date`, `g_total`, `g_total_vip`, `g_extra`, `g_total_price`, `g_total_vip_price`, `g_extra_price`, `g_used_sharj`, `g_login_price`, `g_total_shop`, `g_offer_code`, `g_offer_price`, `g_status`, `g_adjective`) VALUES
(1, NULL, 1, 'خانه بازی', 1, '00:20:00', '11:17:00', '1398-10-13', 579, 0, 0, '570000', '0', '0', 0, '0', '0', 0, '0', 1, ''),
(2, NULL, 2, 'خانه بازی', 1, '00:22:00', '11:19:00', '1398-10-13', 598, 0, 0, '600000', '0', '0', 0, '0', '0', 0, '0', 1, ''),
(3, NULL, 5, 'خانه بازی', 1, '00:23:00', '11:19:00', '1398-10-13', 643, 13, 0, '660000', '0', '0', 0, '0', '0', 0, '0', 1, ''),
(4, NULL, 3, 'خانه بازی', 1, '09:59:00', '13:55:00', '1398-10-14', 235, 0, 0, '240000', '0', '0', 0, '0', '0', 4, '24000', 1, ''),
(5, NULL, 3817, 'خانه بازی', 1, '10:32:00', '17:58:00', '1398-10-14', 20, 425, 0, '60000', '350000', '0', 0, '0', '0', 7, '15000', 1, ''),
(6, NULL, 7, 'خانه بازی', 1, '16:17:00', '18:00:00', '1398-10-14', 103, 0, 0, '120000', '0', '0', 0, '15000', '0', 7, '15000', 1, ''),
(7, NULL, 1, 'خانه بازی', 1, '18:03:00', '20:14:00', '1398-10-14', 128, 2, 0, '120000', '0', '0', 0, '0', '4000', 0, '0', 1, ''),
(8, NULL, 30, 'خانه بازی', 1, '18:17:00', '21:52:00', '1398-10-14', 315, 0, 0, '330000', '0', '0', 0, '0', '0', 0, '0', 1, ''),
(9, NULL, 3, 'خانه بازی', 1, '18:21:00', '21:52:00', '1398-10-14', 111, 0, 0, '120000', '0', '0', 0, '0', '0', 0, '0', 1, ''),
(10, NULL, 49, 'خانه بازی', 1, '18:45:00', '21:53:00', '1398-10-14', 187, 0, 0, '180000', '0', '0', 0, '0', '0', 0, '0', 1, ''),
(11, NULL, 51, 'خانه بازی', 1, '18:51:00', '21:53:00', '1398-10-14', 182, 0, 0, '180000', '0', '0', 0, '0', '0', 7, '15000', 1, ''),
(12, NULL, 3817, 'خانه بازی', 1, '18:56:00', '21:54:00', '1398-10-14', 0, 178, 0, '0', '150000', '0', 0, '0', '0', 0, '0', 1, ''),
(13, NULL, 10, 'خانه بازی', 1, '20:18:00', '21:55:00', '1398-10-14', 97, 0, 0, '95000', '0', '0', 0, '0', '0', 0, '0', 1, ''),
(14, NULL, 4705, 'خانه بازی', 1, '20:19:00', '21:55:00', '1398-10-14', 96, 0, 0, '95000', '0', '0', 0, '0', '0', 0, '0', 1, ''),
(15, NULL, 11, 'خانه بازی', 1, '20:21:00', '21:55:00', '1398-10-14', 93, 0, 0, '95000', '0', '0', 0, '0', '0', 0, '0', 1, 'کلاه, کاپشن'),
(16, NULL, 1, 'خانه بازی', 1, '10:38:00', '16:50:00', '1398-10-15', 1, 371, 0, '0', '325000', '0', 0, '0', '0', 0, '0', 1, ''),
(17, NULL, 690, 'خانه بازی', 1, '11:00:00', '16:14:00', '1398-10-15', 314, 0, 0, '330000', '0', '0', 0, '0', '0', 0, '0', 1, ''),
(18, NULL, 195, 'خانه بازی', 1, '11:19:00', '16:14:00', '1398-10-15', 295, 0, 0, '300000', '0', '0', 0, '0', '0', 0, '0', 1, ''),
(19, NULL, 4599, 'خانه بازی', 1, '16:12:00', '21:03:00', '1398-10-15', 151, 140, 0, '150000', '125000', '0', 0, '0', '0', 0, '0', 1, ''),
(20, NULL, 4564, 'خانه بازی', 1, '16:25:00', '21:38:00', '1398-10-15', 313, 0, 0, '330000', '0', '0', 0, '0', '0', 0, '0', 1, 'کلاه'),
(21, NULL, 4532, 'خانه بازی', 1, '21:20:00', '21:38:00', '1398-10-15', 18, 0, 0, '60000', '0', '0', 0, '15000', '0', 0, '0', 1, ''),
(22, NULL, 3047, 'خانه بازی', 1, '21:20:00', '21:38:00', '1398-10-15', 18, 0, 0, '60000', '0', '0', 0, '15000', '0', 0, '0', 1, ''),
(23, NULL, 4680, 'خانه بازی', 1, '00:01:00', '00:25:00', '1398-10-16', 32, 0, 0, '60000', '0', '0', 0, '15000', '0', 0, '0', 1, ''),
(24, NULL, 4120, 'خانه بازی', 1, '00:36:00', '00:39:00', '1398-10-16', 3, 0, 0, '0', '0', '0', 0, '0', '0', 0, '0', 1, ''),
(25, NULL, 4566, 'خانه بازی', 1, '00:44:00', '00:52:00', '1398-10-16', 7, 0, 0, '60000', '0', '0', 0, '15000', '5000', 0, '0', 1, ''),
(26, NULL, 3383, 'خانه بازی', 1, '01:04:00', '01:13:00', '1398-10-16', 9, 0, 0, '60000', '0', '0', 0, '15000', '11000', 0, '0', 1, ''),
(27, NULL, 1367, 'خانه بازی', 1, '01:15:00', '14:43:00', '1398-10-16', 802, 0, 0, '0', '0', '0', 0, '0', '14500', 5, '0', 1, ''),
(28, NULL, 4393, 'خانه بازی', 1, '13:51:00', '14:43:00', '1398-10-16', 5, 0, 0, '60000', '0', '0', 0, '15000', '11000', 0, '0', 1, ''),
(29, NULL, 4413, 'خانه بازی', 1, '14:44:00', '14:44:00', '1398-10-16', 0, 0, 0, '0', '0', '0', 0, '0', '0', 0, '0', 1, ''),
(30, NULL, 4393, 'خانه بازی', 1, '22:32:00', '12:55:00', '1398-10-16', 577, 0, 0, '570000', '0', '0', 0, '0', '0', 0, '0', 1, ''),
(31, NULL, 4636, 'خانه بازی', 1, '22:32:00', '12:55:00', '1398-10-16', 577, 0, 0, '570000', '0', '0', 0, '0', '0', 0, '0', 1, ''),
(32, NULL, 3278, 'خانه بازی', 1, '22:32:00', '12:55:00', '1398-10-16', 577, 0, 0, '570000', '0', '0', 0, '0', '0', 0, '0', 1, ''),
(33, NULL, 1361, 'خانه بازی', 1, '12:56:00', '13:59:00', '1398-10-17', 63, 0, 0, '60000', '0', '0', 0, '15000', '0', 0, '0', 1, ''),
(34, NULL, 4704, 'خانه بازی', 1, '12:56:00', '13:57:00', '1398-10-17', 60, 0, 0, '60000', '0', '0', 60, '0', '0', 0, '0', 1, ''),
(35, NULL, 4653, 'خانه بازی', 1, '14:03:00', '17:37:00', '1398-10-17', 214, 0, 0, '210000', '0', '0', 0, '0', '0', 0, '0', 1, ''),
(36, NULL, 195, 'خانه بازی', 1, '14:03:00', '19:03:00', '1398-10-17', 0, 300, 0, '0', '325000', '0', 0, '0', '0', 0, '0', 1, ''),
(37, NULL, 4704, 'خانه بازی', 1, '14:15:00', '17:50:00', '1398-10-17', 215, 0, 0, '210000', '0', '0', 215, '0', '0', 0, '0', 1, ''),
(38, NULL, 4680, 'خانه بازی', 1, '19:03:00', '21:16:00', '1398-10-17', 0, 133, 0, '0', '200000', '0', 0, '0', '16000', 0, '0', 1, ''),
(39, NULL, 3906, 'خانه بازی', 1, '19:28:00', '21:15:00', '1398-10-17', 107, 0, 0, '120000', '0', '0', 0, '0', '1500', 0, '0', 1, ''),
(40, NULL, 4704, 'خانه بازی', 1, '19:49:00', '20:56:00', '1398-10-17', 0, 0, 47, '0', '0', '75000', 20, '0', '0', 0, '0', 1, ''),
(41, NULL, 4703, 'خانه بازی', 1, '21:00:00', '21:01:00', '1398-10-17', 1, 0, 0, '75000', '0', '0', 19, '0', '35000', 0, '0', 1, ''),
(42, NULL, 4703, 'خانه بازی', 1, '21:02:00', '21:14:00', '1398-10-17', 0, 0, 0, '0', '0', '0', 12, '0', '14000', 0, '0', 1, ''),
(43, NULL, 4107, 'خانه بازی', 1, '21:16:00', '21:27:00', '1398-10-17', 11, 0, 0, '2200', '0', '0', 0, '0', '0', 0, '0', 1, ''),
(44, NULL, 3525, 'خانه بازی', 1, '21:28:00', '23:57:00', '1398-10-17', 0, 149, 0, '0', '275000', '0', 0, '0', '11000', 0, '0', 1, ''),
(45, NULL, 4664, 'خانه بازی', 1, '01:18:00', '01:44:00', '1398-10-18', 26, 0, 0, '75000', '0', '0', 0, '0', '0', 0, '0', 1, ''),
(46, NULL, 4399, 'خانه بازی', 1, '01:18:00', '01:44:00', '1398-10-18', 26, 0, 0, '75000', '0', '0', 0, '0', '0', 0, '0', 1, ''),
(47, NULL, 4532, 'خانه بازی', 1, '01:19:00', '01:44:00', '1398-10-18', 25, 0, 0, '75000', '0', '0', 0, '0', '0', 0, '0', 1, ''),
(48, NULL, 1998, 'خانه بازی', 1, '14:55:00', '16:21:00', '1398-10-19', 75, 0, 0, '95000', '0', '0', 0, '0', '0', 0, '0', 1, ''),
(49, NULL, 1998, 'خانه بازی', 1, '19:59:00', '20:10:00', '1398-10-19', 11, 0, 0, '75000', '0', '0', 0, '0', '0', 0, '0', 1, ''),
(50, NULL, 1645, 'خانه بازی', 1, '22:35:00', '13:00:00', '1398-10-19', 575, 0, 0, '570000', '0', '0', 0, '0', '0', 0, '0', 1, ''),
(51, NULL, 2092, 'خانه بازی', 1, '13:03:00', '13:10:00', '1398-10-20', 7, 0, 0, '75000', '0', '0', 0, '0', '0', 0, '0', 1, ''),
(52, NULL, 1, 'خانه بازی', 1, '13:06:00', '13:10:00', '1398-10-20', 4, 0, 0, '75000', '0', '0', 0, '0', '0', 0, '0', 1, ''),
(53, NULL, 1998, 'خانه بازی', 1, '13:09:00', '13:10:00', '1398-10-20', 1, 0, 0, '75000', '0', '0', 0, '0', '0', 0, '0', 1, ''),
(54, NULL, 2092, 'خانه بازی', 1, '13:10:00', '14:45:00', '1398-10-20', 95, 0, 0, '95000', '0', '0', 0, '0', '0', 0, '0', 1, ''),
(55, NULL, 1777, 'خانه بازی', 1, '13:10:00', '14:45:00', '1398-10-20', 95, 0, 0, '95000', '0', '0', 0, '0', '0', 0, '0', 1, ''),
(56, NULL, 2060, 'خانه بازی', 1, '12:42:00', '14:14:00', '1398-10-22', 0, 92, 0, '0', '170000', '0', 0, '0', '0', 0, '0', 1, ''),
(57, NULL, 1777, 'خانه بازی', 1, '13:01:00', '14:14:00', '1398-10-22', 73, 0, 0, '95000', '0', '0', 0, '0', '0', 0, '0', 1, ''),
(58, NULL, 1748, 'خانه بازی', 1, '10:40:00', '13:52:00', '1398-10-23', 0, 191, 0, '0', '355000', '0', 0, '0', '0', 0, '0', 1, ''),
(59, NULL, 2070, 'خانه بازی', 1, '13:53:00', '16:25:00', '1398-10-23', 0, 152, 0, '0', '275000', '0', 0, '0', '0', 0, '0', 1, ''),
(60, NULL, 4709, 'خانه بازی', 1, '10:32:00', '10:32:00', '1398-10-24', 0, 0, 0, '0', '0', '0', 0, '0', '0', 0, '0', 1, ''),
(61, NULL, 4709, 'خانه بازی', 1, '10:32:00', '12:10:00', '1398-10-24', 98, 0, 0, '95000', '0', '0', 0, '0', '0', 0, '0', 1, ''),
(62, NULL, 4710, 'خانه بازی', 1, '11:04:00', '12:03:00', '1398-10-24', 56, 0, 0, '75000', '0', '0', 0, '0', '7000', 0, '0', 1, ''),
(63, NULL, 4711, 'خانه بازی', 1, '11:29:00', '14:34:00', '1398-10-24', 184, 0, 0, '180000', '0', '0', 0, '0', '0', 0, '0', 1, ''),
(64, NULL, 4712, 'خانه بازی', 1, '11:30:00', '14:34:00', '1398-10-24', 182, 0, 0, '180000', '0', '0', 0, '0', '0', 0, '0', 1, ''),
(65, NULL, 4713, 'خانه بازی', 1, '11:35:00', '12:36:00', '1398-10-24', 60, 0, 0, '75000', '0', '0', 0, '0', '0', 0, '0', 1, ''),
(66, NULL, 4714, 'خانه بازی', 1, '12:12:00', '13:15:00', '1398-10-24', 62, 0, 0, '75000', '0', '0', 0, '0', '0', 0, '0', 1, ''),
(67, NULL, 4718, 'خانه بازی', 1, '12:39:00', '15:14:00', '1398-10-24', 88, 0, 0, '95000', '0', '0', 0, '0', '0', 0, '0', 1, ''),
(68, NULL, 4719, 'خانه بازی', 1, '12:40:00', '15:15:00', '1398-10-24', 45, 0, 0, '75000', '0', '0', 0, '0', '0', 0, '0', 1, ''),
(69, NULL, 4720, 'خانه بازی', 1, '12:41:00', '13:46:00', '1398-10-24', 64, 0, 0, '75000', '0', '0', 0, '0', '0', 0, '0', 1, ''),
(70, NULL, 4722, 'خانه بازی', 1, '13:20:00', '15:07:00', '1398-10-24', 82, 0, 0, '95000', '0', '0', 0, '0', '0', 0, '0', 1, ''),
(71, NULL, 4723, 'خانه بازی', 1, '13:22:00', '15:07:00', '1398-10-24', 82, 0, 0, '95000', '0', '0', 0, '0', '0', 0, '0', 1, ''),
(72, NULL, 4724, 'خانه بازی', 1, '13:35:00', '16:54:00', '1398-10-24', 172, 0, 0, '180000', '0', '0', 0, '0', '0', 0, '0', 1, ''),
(73, NULL, 4725, 'خانه بازی', 1, '13:57:00', '17:09:00', '1398-10-24', 192, 0, 0, '210000', '0', '0', 0, '0', '0', 0, '0', 1, ''),
(74, NULL, 4726, 'خانه بازی', 1, '13:59:00', '15:10:00', '1398-10-24', 70, 0, 0, '95000', '0', '0', 0, '0', '0', 0, '0', 1, ''),
(75, NULL, 4727, 'خانه بازی', 1, '14:19:00', '16:39:00', '1398-10-24', 140, 0, 0, '150000', '0', '0', 0, '0', '0', 0, '0', 1, ''),
(76, NULL, 4728, 'خانه بازی', 1, '14:20:00', '16:50:00', '1398-10-24', 150, 0, 0, '150000', '0', '0', 0, '0', '0', 0, '0', 1, ''),
(77, NULL, 4729, 'خانه بازی', 1, '14:20:00', '16:41:00', '1398-10-24', 141, 0, 0, '150000', '0', '0', 0, '0', '0', 0, '0', 1, ''),
(78, NULL, 4730, 'خانه بازی', 1, '14:20:00', '16:44:00', '1398-10-24', 144, 0, 0, '150000', '0', '0', 0, '0', '0', 0, '0', 1, ''),
(79, NULL, 4731, 'خانه بازی', 1, '14:20:00', '16:42:00', '1398-10-24', 142, 0, 0, '150000', '0', '0', 0, '0', '0', 0, '0', 1, ''),
(80, NULL, 4732, 'خانه بازی', 1, '14:27:00', '16:41:00', '1398-10-24', 134, 0, 0, '150000', '0', '0', 0, '0', '0', 0, '0', 1, ''),
(81, NULL, 4734, 'خانه بازی', 1, '15:22:00', '16:28:00', '1398-10-24', 66, 0, 0, '75000', '0', '0', 0, '0', '0', 0, '0', 1, ''),
(82, NULL, 4733, 'خانه بازی', 1, '15:23:00', '16:27:00', '1398-10-24', 64, 0, 0, '75000', '0', '0', 0, '0', '0', 0, '0', 1, ''),
(83, NULL, 4736, 'خانه بازی', 1, '16:25:00', '17:53:00', '1398-10-24', 88, 0, 0, '95000', '0', '0', 0, '0', '0', 0, '0', 1, ''),
(84, NULL, 4735, 'خانه بازی', 1, '16:25:00', '17:54:00', '1398-10-24', 88, 0, 0, '95000', '0', '0', 0, '0', '0', 0, '0', 1, ''),
(85, NULL, 4737, 'خانه بازی', 1, '16:26:00', '17:54:00', '1398-10-24', 88, 0, 0, '95000', '0', '0', 0, '0', '0', 0, '0', 1, ''),
(86, NULL, 4738, 'خانه بازی', 1, '16:29:00', '17:58:00', '1398-10-24', 89, 0, 0, '95000', '0', '0', 0, '0', '0', 0, '0', 1, ''),
(87, NULL, 4739, 'خانه بازی', 1, '16:35:00', '20:54:00', '1398-10-24', 210, 0, 0, '210000', '0', '0', 0, '0', '0', 0, '0', 1, ''),
(88, NULL, 4740, 'خانه بازی', 1, '16:50:00', '20:15:00', '1398-10-24', 128, 0, 0, '120000', '0', '0', 0, '0', '0', 0, '0', 1, ''),
(89, NULL, 4741, 'خانه بازی', 1, '16:57:00', '20:54:00', '1398-10-24', 200, 0, 0, '210000', '0', '0', 0, '0', '0', 0, '0', 1, ''),
(90, NULL, 4742, 'خانه بازی', 1, '17:06:00', '18:50:00', '1398-10-24', 104, 0, 0, '120000', '0', '0', 0, '0', '0', 0, '0', 1, ''),
(91, NULL, 4743, 'خانه بازی', 1, '17:11:00', '18:17:00', '1398-10-24', 53, 0, 0, '75000', '0', '0', 0, '0', '0', 0, '0', 1, ''),
(92, NULL, 4744, 'خانه بازی', 1, '17:13:00', '18:16:00', '1398-10-24', 63, 0, 0, '75000', '0', '0', 0, '0', '10000', 0, '0', 1, ''),
(93, NULL, 4746, 'خانه بازی', 1, '17:18:00', '19:34:00', '1398-10-24', 95, 0, 0, '95000', '0', '0', 0, '0', '0', 0, '0', 1, ''),
(94, NULL, 4745, 'خانه بازی', 1, '17:18:00', '19:34:00', '1398-10-24', 66, 0, 0, '75000', '0', '0', 0, '0', '0', 0, '0', 1, ''),
(95, NULL, 4747, 'خانه بازی', 1, '17:20:00', '19:00:00', '1398-10-24', 100, 0, 0, '95000', '0', '0', 0, '0', '0', 0, '0', 1, ''),
(96, NULL, 4749, 'خانه بازی', 1, '17:35:00', '18:58:00', '1398-10-24', 83, 0, 0, '95000', '0', '0', 0, '0', '0', 0, '0', 1, ''),
(97, NULL, 4748, 'خانه بازی', 1, '17:35:00', '18:58:00', '1398-10-24', 83, 0, 0, '95000', '0', '0', 0, '0', '0', 0, '0', 1, ''),
(98, NULL, 4750, 'خانه بازی', 1, '17:39:00', '19:08:00', '1398-10-24', 64, 0, 0, '75000', '0', '0', 0, '0', '0', 0, '0', 1, ''),
(99, NULL, 4752, 'خانه بازی', 1, '17:41:00', '19:24:00', '1398-10-24', 103, 0, 0, '120000', '0', '0', 0, '0', '10000', 0, '0', 1, ''),
(100, NULL, 4751, 'خانه بازی', 1, '17:41:00', '19:24:00', '1398-10-24', 103, 0, 0, '120000', '0', '0', 0, '0', '0', 0, '0', 1, ''),
(101, NULL, 4753, 'خانه بازی', 1, '17:56:00', '19:35:00', '1398-10-24', 64, 0, 0, '75000', '0', '0', 0, '0', '0', 0, '0', 1, ''),
(102, NULL, 4754, 'خانه بازی', 1, '18:05:00', '18:59:00', '1398-10-24', 54, 0, 0, '75000', '0', '0', 0, '0', '0', 0, '0', 1, ''),
(103, NULL, 4755, 'خانه بازی', 1, '18:08:00', '18:51:00', '1398-10-24', 43, 0, 0, '75000', '0', '0', 0, '0', '0', 0, '0', 1, ''),
(104, NULL, 4756, 'خانه بازی', 1, '18:29:00', '19:43:00', '1398-10-24', 73, 0, 0, '95000', '0', '0', 0, '0', '0', 0, '0', 1, ''),
(105, NULL, 4757, 'خانه بازی', 1, '18:35:00', '20:20:00', '1398-10-24', 105, 0, 0, '120000', '0', '0', 0, '0', '0', 0, '0', 1, ''),
(106, NULL, 4758, 'خانه بازی', 1, '19:05:00', '20:04:00', '1398-10-24', 59, 0, 0, '75000', '0', '0', 0, '0', '0', 0, '0', 1, ''),
(107, NULL, 4759, 'خانه بازی', 1, '19:20:00', '20:15:00', '1398-10-24', 55, 0, 0, '75000', '0', '0', 0, '0', '0', 0, '0', 1, ''),
(108, NULL, 4760, 'خانه بازی', 1, '19:20:00', '20:52:00', '1398-10-24', 70, 0, 0, '95000', '0', '0', 0, '0', '0', 7, '15000', 1, ''),
(109, NULL, 4761, 'خانه بازی', 1, '19:31:00', '21:00:00', '1398-10-24', 89, 0, 0, '95000', '0', '0', 0, '0', '0', 0, '0', 1, ''),
(110, NULL, 4743, 'خانه بازی', 1, '19:32:00', '20:52:00', '1398-10-24', 56, 0, 0, '75000', '0', '0', 0, '0', '0', 0, '0', 1, ''),
(111, NULL, 4762, 'خانه بازی', 1, '19:57:00', '21:27:00', '1398-10-24', 74, 0, 0, '95000', '0', '0', 0, '0', '0', 0, '0', 1, ''),
(112, NULL, 4763, 'خانه بازی', 1, '20:19:00', '21:18:00', '1398-10-24', 59, 0, 0, '75000', '0', '0', 0, '0', '0', 0, '0', 1, ''),
(113, NULL, 4764, 'خانه بازی', 1, '20:50:00', '21:31:00', '1398-10-24', 41, 0, 0, '75000', '0', '0', 0, '0', '0', 0, '0', 1, ''),
(114, NULL, 1589, 'خانه بازی', 1, '12:06:00', '15:00:00', '1398-10-25', 174, 0, 0, '180000', '0', '0', 0, '0', '0', 0, '0', 1, ''),
(115, NULL, 4765, 'خانه بازی', 1, '16:59:00', '18:18:00', '1398-10-25', 79, 0, 0, '95000', '0', '0', 0, '0', '12000', 6, '14250', 1, ''),
(116, NULL, 4766, 'خانه بازی', 1, '17:03:00', '17:10:00', '1398-10-25', 6, 0, 0, '75000', '0', '0', 0, '0', '0', 0, '0', 1, ''),
(117, NULL, 4766, 'خانه بازی', 1, '17:48:00', '18:18:00', '1398-10-25', 30, 0, 0, '75000', '0', '0', 0, '0', '0', 0, '0', 1, ''),
(118, NULL, 4770, 'خانه بازی', 1, '17:49:00', '18:18:00', '1398-10-25', 29, 0, 0, '75000', '0', '0', 0, '0', '0', 0, '0', 1, ''),
(119, NULL, 4767, 'خانه بازی', 1, '17:50:00', '18:18:00', '1398-10-25', 28, 0, 0, '75000', '0', '0', 0, '0', '0', 0, '0', 1, ''),
(120, NULL, 4768, 'خانه بازی', 1, '17:51:00', '18:17:00', '1398-10-25', 26, 0, 0, '75000', '0', '0', 0, '0', '0', 0, '0', 1, ''),
(121, NULL, 4769, 'خانه بازی', 1, '17:51:00', '18:17:00', '1398-10-25', 26, 0, 0, '75000', '0', '0', 0, '0', '0', 7, '15000', 1, ''),
(122, NULL, 4771, 'خانه بازی', 1, '18:24:00', '18:33:00', '1398-10-25', 9, 0, 0, '75000', '0', '0', 0, '0', '0', 0, '0', 1, ''),
(123, NULL, 4771, 'خانه بازی', 1, '18:34:00', '20:53:00', '1398-10-25', 139, 0, 0, '150000', '0', '0', 0, '0', '0', 0, '0', 1, ''),
(124, NULL, 4771, 'خانه بازی', 1, '21:12:00', '11:08:00', '1398-10-25', 607, 0, 0, '151750', '0', '0', 0, '0', '58000', 0, '0', 1, ''),
(125, NULL, 4771, 'خانه بازی', 1, '11:08:00', '23:09:00', '1398-10-26', 18, 1403, 0, '4500', '2806000', '0', 0, '0', '35000', 0, '0', 1, ''),
(126, NULL, 4772, 'خانه بازی', 1, '11:08:00', '23:08:00', '1398-10-26', 1435, 0, 0, '358750', '0', '0', 0, '0', '0', 0, '0', 1, ''),
(127, NULL, 4773, 'خانه بازی', 1, '11:12:00', '23:08:00', '1398-10-26', 679, 37, 0, '169750', '30833', '0', 0, '0', '0', 10, '20058', 1, ''),
(128, NULL, 4774, 'خانه بازی', 1, '21:56:00', '23:08:00', '1398-10-27', 72, 0, 0, '18000', '0', '0', 0, '0', '0', 0, '0', 1, ''),
(129, NULL, 4775, 'خانه بازی', 1, '21:56:00', '23:08:00', '1398-10-27', 72, 0, 0, '18000', '0', '0', 0, '0', '0', 0, '0', 1, ''),
(130, NULL, 4779, 'خانه بازی', 1, '22:03:00', '23:08:00', '1398-10-27', 65, 0, 0, '16250', '0', '0', 0, '15000', '0', 0, '0', 1, ''),
(131, NULL, 4778, 'خانه بازی', 1, '22:03:00', '23:08:00', '1398-10-27', 65, 0, 0, '16250', '0', '0', 0, '15000', '0', 0, '0', 1, ''),
(132, NULL, 4777, 'خانه بازی', 1, '22:04:00', '23:08:00', '1398-10-27', 61, 2, 0, '15250', '1667', '0', 0, '15000', '0', 0, '0', 1, ''),
(133, NULL, 4776, 'خانه بازی', 1, '22:04:00', '23:07:00', '1398-10-27', 63, 0, 0, '15750', '0', '0', 0, '15000', '0', 0, '0', 1, ''),
(134, NULL, 4784, 'خانه بازی', 1, '22:05:00', '23:07:00', '1398-10-27', 62, 0, 0, '15500', '0', '0', 0, '15000', '0', 0, '0', 1, ''),
(135, NULL, 4783, 'خانه بازی', 1, '22:05:00', '23:07:00', '1398-10-27', 62, 0, 0, '15500', '0', '0', 0, '15000', '0', 0, '0', 1, ''),
(136, NULL, 4782, 'خانه بازی', 1, '22:05:00', '23:07:00', '1398-10-27', 62, 0, 0, '15500', '0', '0', 0, '15000', '0', 0, '0', 1, ''),
(137, NULL, 4781, 'خانه بازی', 1, '22:05:00', '23:07:00', '1398-10-27', 62, 0, 0, '15500', '0', '0', 0, '15000', '0', 0, '0', 1, ''),
(138, NULL, 4780, 'خانه بازی', 1, '22:05:00', '23:07:00', '1398-10-27', 62, 0, 0, '15500', '0', '0', 0, '15000', '0', 0, '0', 1, ''),
(139, NULL, 4778, 'خانه بازی', 2, '14:20:00', '21:52:00', '1398-10-29', 461, 0, 0, '115250', '0', '0', 0, '0', '0', 0, '0', 1, ''),
(140, NULL, 4775, 'خانه بازی', 1, '14:21:00', '14:35:00', '1398-10-29', 14, 0, 0, '3500', '0', '0', 0, '15000', '0', 0, '0', 1, ''),
(141, NULL, 4774, 'خانه بازی', 1, '14:21:00', '14:35:00', '1398-10-29', 14, 0, 0, '3500', '0', '0', 0, '15000', '0', 0, '0', 1, ''),
(143, 46, 4785, 'خانه بازی', 1, '21:53:00', '22:08:00', '1398-11-04', 0, 0, 0, '0', '0', '0', 14, '0', '0', 10, '0', 1, ''),
(144, 46, 4785, 'خانه بازی', 1, '09:00:00', '10:08:00', '1398-11-04', 0, 0, 0, '0', '0', '0', 50, '0', '0', 0, '0', 1, ''),
(145, 46, 4773, 'خانه بازی', 1, '21:17:00', '21:17:00', '1398-11-07', 0, 0, 0, '0', '0', '0', 0, '0', '0', 0, '0', 1, ''),
(146, 46, 4772, 'خانه بازی', 1, '14:58:00', '16:24:00', '1398-11-08', 408, 0, 0, '102000', '0', '0', 0, '0', '0', 0, '0', 1, ''),
(159, 46, 4779, 'خانه بازی', 1, '15:18:00', '16:18:00', '1398-11-13', 435, 0, 0, '108750', '0', '0', 0, '0', '0', 0, '0', 1, ''),
(160, 46, 4774, 'خانه بازی', 1, '15:18:00', NULL, '1398-11-13', 0, 0, 0, '0', '0', '0', 0, '0', '0', 0, '0', 0, ''),
(161, 46, 4778, 'خانه بازی', 1, '15:18:00', NULL, '1398-11-13', 0, 0, 0, '0', '0', '0', 0, '0', '0', 0, '0', 0, ''),
(166, 46, 4801, 'مهدکودک ساعتی', 3, '15:17:00', '16:18:00', '1398-11-16', 0, 0, 0, '0', '0', '0', 0, '0', '0', 0, '0', 1, 'کفش'),
(167, 46, 4773, 'خانه بازی', 1, '13:35:00', NULL, '1398-11-26', 0, 0, 0, '0', '0', '0', 0, '0', '0', 0, '0', 0, '');

-- --------------------------------------------------------

--
-- Table structure for table `game_meta`
--

CREATE TABLE `game_meta` (
  `gm_id` int(11) NOT NULL COMMENT 'کد متای بازی',
  `g_id` int(11) NOT NULL COMMENT 'کد بازی',
  `gm_key` varchar(50) NOT NULL COMMENT 'کلید متای بازی',
  `gm_value` varchar(50) NOT NULL COMMENT 'مقدار متای بازی',
  `gm_date` date NOT NULL COMMENT 'تاریخ ثبت',
  `gm_time` time NOT NULL COMMENT 'زمان ثبت',
  `gm_time_end` time DEFAULT NULL COMMENT 'زمان اتمام'
) ENGINE=InnoDB DEFAULT CHARSET=utf8 COMMENT='اطلاعات اضافی بازی';

--
-- Dumping data for table `game_meta`
--

INSERT INTO `game_meta` (`gm_id`, `g_id`, `gm_key`, `gm_value`, `gm_date`, `gm_time`, `gm_time_end`) VALUES
(1, 1, 'count', '1', '1398-10-13', '00:20:00', '09:58:00'),
(2, 2, 'count', '1', '1398-10-13', '00:22:00', '10:20:00'),
(3, 3, 'count', '1', '1398-10-13', '00:23:00', '11:06:00'),
(4, 3, 'vip', '1', '1398-10-13', '11:06:00', '11:19:00'),
(5, 1, 'pause', '1', '1398-10-14', '09:58:00', '09:58:00'),
(6, 1, 'count', '1', '1398-10-14', '09:58:00', '09:59:00'),
(7, 1, 'pause', '1', '1398-10-14', '09:59:00', '09:59:00'),
(8, 4, 'count', '1', '1398-10-14', '09:59:00', '13:54:00'),
(9, 1, 'pause', '1', '1398-10-14', '09:59:00', '10:13:00'),
(10, 1, 'pause', '1', '1398-10-14', '10:13:00', '10:20:00'),
(11, 1, 'pause', '1', '1398-10-14', '10:20:00', '11:17:00'),
(12, 2, 'pause', '1', '1398-10-14', '10:20:00', '11:19:00'),
(13, 5, 'count', '1', '1398-10-14', '10:32:00', '10:52:00'),
(14, 5, 'vip', '1', '1398-10-14', '10:52:00', '17:57:00'),
(15, 6, 'count', '1', '1398-10-14', '16:17:00', '18:00:00'),
(16, 7, 'count', '1', '1398-10-14', '18:03:00', '20:11:00'),
(17, 8, 'count', '1', '1398-10-14', '18:17:00', '20:12:00'),
(18, 9, 'count', '1', '1398-10-14', '18:21:00', '20:12:00'),
(19, 10, 'count', '1', '1398-10-14', '18:45:00', '21:52:00'),
(20, 11, 'count', '1', '1398-10-14', '18:51:00', '21:53:00'),
(21, 12, 'count', '1', '1398-10-14', '18:56:00', '18:56:00'),
(22, 12, 'vip', '1', '1398-10-14', '18:56:00', '21:54:00'),
(23, 7, 'vip', '1', '1398-10-14', '20:11:00', '20:13:00'),
(24, 8, 'count', '2', '1398-10-14', '20:12:00', '21:52:00'),
(25, 9, 'pause', '1', '1398-10-14', '20:12:00', '20:14:00'),
(26, 9, 'pause', '1', '1398-10-14', '20:14:00', '21:52:00'),
(27, 13, 'count', '1', '1398-10-14', '20:18:00', '21:55:00'),
(28, 14, 'count', '1', '1398-10-14', '20:19:00', '21:55:00'),
(29, 15, 'count', '1', '1398-10-14', '20:21:00', '21:54:00'),
(30, 16, 'count', '1', '1398-10-15', '10:38:00', '10:39:00'),
(31, 16, 'vip', '1', '1398-10-15', '10:39:00', '16:50:00'),
(32, 0, 'count', '1', '1398-10-15', '10:59:00', NULL),
(33, 17, 'count', '1', '1398-10-15', '11:00:00', '16:14:00'),
(34, 18, 'count', '1', '1398-10-15', '11:19:00', '16:14:00'),
(35, 19, 'count', '1', '1398-10-15', '16:12:00', '18:43:00'),
(36, 20, 'count', '1', '1398-10-15', '16:25:00', '21:38:00'),
(37, 19, 'vip', '1', '1398-10-15', '18:43:00', '21:03:00'),
(38, 21, 'count', '1', '1398-10-15', '21:20:00', '21:38:00'),
(39, 22, 'count', '1', '1398-10-15', '21:20:00', '21:38:00'),
(40, 23, 'count', '1', '1398-10-16', '00:01:00', '00:17:00'),
(41, 23, 'count', '2', '1398-10-16', '00:17:00', '00:25:00'),
(42, 24, 'count', '1', '1398-10-16', '00:36:00', '00:39:00'),
(43, 25, 'count', '1', '1398-10-16', '00:44:00', '00:51:00'),
(44, 26, 'count', '1', '1398-10-16', '01:04:00', '01:13:00'),
(45, 27, 'count', '1', '1398-10-16', '01:15:00', '14:06:00'),
(46, 28, 'count', '1', '1398-10-16', '13:51:00', '13:56:00'),
(47, 28, 'pause', '1', '1398-10-16', '13:56:00', '14:06:00'),
(48, 28, 'count', '1', '1398-10-16', '14:06:00', '14:06:00'),
(49, 27, 'pause', '1', '1398-10-16', '14:06:00', '14:12:00'),
(50, 28, 'pause', '1', '1398-10-16', '14:06:00', '14:06:00'),
(51, 28, 'pause', '1', '1398-10-16', '14:06:00', '14:12:00'),
(52, 28, 'pause', '1', '1398-10-16', '14:12:00', '14:12:00'),
(53, 27, 'count', '1', '1398-10-16', '14:12:00', '14:12:00'),
(54, 27, 'pause', '1', '1398-10-16', '14:12:00', '14:12:00'),
(55, 27, 'count', '1', '1398-10-16', '14:12:00', '14:43:00'),
(56, 28, 'pause', '1', '1398-10-16', '14:12:00', '14:12:00'),
(57, 28, 'pause', '1', '1398-10-16', '14:12:00', '14:12:00'),
(58, 28, 'pause', '1', '1398-10-16', '14:12:00', '14:13:00'),
(59, 28, 'pause', '1', '1398-10-16', '14:13:00', '14:43:00'),
(60, 29, 'count', '1', '1398-10-16', '14:44:00', '14:44:00'),
(61, 30, 'count', '1', '1398-10-16', '22:32:00', '12:55:00'),
(62, 31, 'count', '1', '1398-10-16', '22:32:00', '12:55:00'),
(63, 32, 'count', '1', '1398-10-16', '22:32:00', '12:55:00'),
(64, 33, 'count', '1', '1398-10-17', '12:56:00', '13:59:00'),
(65, 34, 'count', '1', '1398-10-17', '12:56:00', '13:56:00'),
(66, 0, 'count', '1', '1398-10-17', '14:03:00', NULL),
(67, 35, 'count', '1', '1398-10-17', '14:03:00', '17:37:00'),
(68, 36, 'count', '1', '1398-10-17', '14:03:00', '14:03:00'),
(69, 36, 'vip', '1', '1398-10-17', '14:03:00', '19:03:00'),
(70, 37, 'count', '1', '1398-10-17', '14:15:00', '17:50:00'),
(71, 38, 'count', '1', '1398-10-17', '19:03:00', '19:03:00'),
(72, 38, 'vip', '1', '1398-10-17', '19:03:00', '21:16:00'),
(73, 39, 'count', '1', '1398-10-17', '19:28:00', '21:15:00'),
(74, 40, 'count', '1', '1398-10-17', '19:49:00', '20:56:00'),
(75, 41, 'count', '1', '1398-10-17', '21:00:00', '21:01:00'),
(76, 42, 'count', '1', '1398-10-17', '21:02:00', '21:14:00'),
(77, 43, 'count', '1', '1398-10-17', '21:16:00', '21:27:00'),
(78, 44, 'count', '1', '1398-10-17', '21:28:00', '21:28:00'),
(79, 44, 'vip', '1', '1398-10-17', '21:28:00', '23:57:00'),
(80, 45, 'count', '1', '1398-10-18', '01:18:00', '01:44:00'),
(81, 46, 'count', '1', '1398-10-18', '01:18:00', '01:44:00'),
(82, 47, 'count', '1', '1398-10-18', '01:19:00', '01:44:00'),
(83, 48, 'count', '1', '1398-10-19', '14:55:00', '16:10:00'),
(84, 0, 'count', '1', '1398-10-19', '19:44:00', NULL),
(85, 0, 'count', '1', '1398-10-19', '19:44:00', NULL),
(86, 0, 'count', '1', '1398-10-19', '19:44:00', NULL),
(87, 49, 'count', '1', '1398-10-19', '19:59:00', '20:10:00'),
(88, 50, 'count', '1', '1398-10-19', '22:35:00', '13:00:00'),
(89, 0, 'count', '1', '1398-10-19', '22:47:00', NULL),
(90, 0, 'count', '1', '1398-10-19', '22:47:00', NULL),
(91, 0, 'count', '1', '1398-10-20', '13:01:00', NULL),
(92, 51, 'count', '1', '1398-10-20', '13:03:00', '13:10:00'),
(93, 0, 'count', '1', '1398-10-20', '13:03:00', NULL),
(94, 52, 'count', '1', '1398-10-20', '13:06:00', '13:10:00'),
(95, 53, 'count', '1', '1398-10-20', '13:09:00', '13:10:00'),
(96, 54, 'count', '1', '1398-10-20', '13:10:00', '14:45:00'),
(97, 55, 'count', '1', '1398-10-20', '13:10:00', '14:45:00'),
(98, 56, 'count', '1', '1398-10-22', '12:42:00', '12:42:00'),
(99, 56, 'vip', '1', '1398-10-22', '12:42:00', '14:14:00'),
(100, 57, 'count', '1', '1398-10-22', '13:01:00', '14:14:00'),
(101, 58, 'count', '1', '1398-10-23', '10:40:00', '10:40:00'),
(102, 58, 'vip', '1', '1398-10-23', '10:40:00', '13:51:00'),
(103, 59, 'count', '1', '1398-10-23', '13:53:00', '13:53:00'),
(104, 59, 'vip', '1', '1398-10-23', '13:53:00', '16:25:00'),
(105, 60, 'count', '1', '1398-10-24', '10:32:00', '10:32:00'),
(106, 61, 'count', '1', '1398-10-24', '10:32:00', '12:10:00'),
(107, 62, 'count', '1', '1398-10-24', '11:04:00', '12:00:00'),
(108, 63, 'count', '1', '1398-10-24', '11:29:00', '11:48:00'),
(109, 64, 'count', '1', '1398-10-24', '11:30:00', '11:48:00'),
(110, 65, 'count', '1', '1398-10-24', '11:35:00', '12:35:00'),
(111, 64, 'pause', '1', '1398-10-24', '11:48:00', '11:49:00'),
(112, 63, 'pause', '1', '1398-10-24', '11:48:00', '11:49:00'),
(113, 63, 'count', '1', '1398-10-24', '11:49:00', '14:34:00'),
(114, 64, 'count', '1', '1398-10-24', '11:49:00', '14:33:00'),
(115, 66, 'count', '1', '1398-10-24', '12:12:00', '13:14:00'),
(116, 65, 'pause', '1', '1398-10-24', '12:35:00', '12:35:00'),
(117, 65, 'count', '1', '1398-10-24', '12:35:00', '12:36:00'),
(118, 65, 'pause', '1', '1398-10-24', '12:36:00', '12:39:00'),
(119, 67, 'count', '1', '1398-10-24', '12:39:00', '13:25:00'),
(120, 65, 'count', '1', '1398-10-24', '12:39:00', '12:40:00'),
(121, 68, 'count', '1', '1398-10-24', '12:40:00', '13:25:00'),
(122, 65, 'pause', '1', '1398-10-24', '12:40:00', '12:41:00'),
(123, 69, 'count', '1', '1398-10-24', '12:41:00', '13:45:00'),
(124, 65, 'count', '1', '1398-10-24', '12:41:00', NULL),
(125, 70, 'count', '1', '1398-10-24', '13:20:00', '14:09:00'),
(126, 71, 'count', '1', '1398-10-24', '13:22:00', '14:10:00'),
(127, 67, 'pause', '1', '1398-10-24', '13:25:00', '14:32:00'),
(128, 68, 'pause', '1', '1398-10-24', '13:25:00', '13:35:00'),
(129, 72, 'count', '1', '1398-10-24', '13:35:00', '14:48:00'),
(130, 68, 'pause', '1', '1398-10-24', '13:35:00', '13:46:00'),
(131, 68, 'pause', '1', '1398-10-24', '13:46:00', '14:33:00'),
(132, 73, 'count', '1', '1398-10-24', '13:57:00', '17:09:00'),
(133, 74, 'count', '1', '1398-10-24', '13:59:00', '15:09:00'),
(134, 70, 'pause', '1', '1398-10-24', '14:09:00', '14:33:00'),
(135, 71, 'pause', '1', '1398-10-24', '14:10:00', '14:33:00'),
(136, 75, 'count', '1', '1398-10-24', '14:19:00', '16:39:00'),
(137, 76, 'count', '1', '1398-10-24', '14:20:00', '16:50:00'),
(138, 77, 'count', '1', '1398-10-24', '14:20:00', '16:41:00'),
(139, 78, 'count', '1', '1398-10-24', '14:20:00', '16:44:00'),
(140, 79, 'count', '1', '1398-10-24', '14:20:00', '16:42:00'),
(141, 80, 'count', '1', '1398-10-24', '14:27:00', '16:41:00'),
(142, 67, 'count', '1', '1398-10-24', '14:32:00', '15:14:00'),
(143, 68, 'pause', '1', '1398-10-24', '14:33:00', '14:33:00'),
(144, 68, 'pause', '1', '1398-10-24', '14:33:00', '14:36:00'),
(145, 70, 'count', '1', '1398-10-24', '14:33:00', '15:06:00'),
(146, 71, 'count', '1', '1398-10-24', '14:33:00', '14:34:00'),
(147, 71, 'pause', '1', '1398-10-24', '14:34:00', '14:34:00'),
(148, 71, 'count', '1', '1398-10-24', '14:34:00', '15:07:00'),
(149, 68, 'pause', '1', '1398-10-24', '14:36:00', '14:38:00'),
(150, 68, 'pause', '1', '1398-10-24', '14:38:00', '14:38:00'),
(151, 68, 'pause', '1', '1398-10-24', '14:38:00', '14:39:00'),
(152, 68, 'pause', '1', '1398-10-24', '14:39:00', '14:39:00'),
(153, 68, 'pause', '1', '1398-10-24', '14:39:00', '15:08:00'),
(154, 72, 'pause', '1', '1398-10-24', '14:48:00', '15:14:00'),
(155, 68, 'pause', '1', '1398-10-24', '15:08:00', '15:10:00'),
(156, 68, 'pause', '1', '1398-10-24', '15:10:00', '15:14:00'),
(157, 72, 'count', '1', '1398-10-24', '15:14:00', '15:14:00'),
(158, 72, 'pause', '1', '1398-10-24', '15:14:00', '15:15:00'),
(159, 72, 'count', '1', '1398-10-24', '15:15:00', '16:54:00'),
(160, 81, 'count', '1', '1398-10-24', '15:22:00', '16:28:00'),
(161, 82, 'count', '1', '1398-10-24', '15:23:00', '16:27:00'),
(162, 83, 'count', '1', '1398-10-24', '16:25:00', '17:53:00'),
(163, 84, 'count', '1', '1398-10-24', '16:25:00', '17:53:00'),
(164, 85, 'count', '1', '1398-10-24', '16:26:00', '17:54:00'),
(165, 86, 'count', '1', '1398-10-24', '16:29:00', '17:58:00'),
(166, 87, 'count', '1', '1398-10-24', '16:35:00', '18:47:00'),
(167, 88, 'count', '1', '1398-10-24', '16:50:00', '18:58:00'),
(168, 89, 'count', '1', '1398-10-24', '16:57:00', '18:46:00'),
(169, 90, 'count', '1', '1398-10-24', '17:06:00', '18:50:00'),
(170, 91, 'count', '1', '1398-10-24', '17:11:00', '18:04:00'),
(171, 92, 'count', '1', '1398-10-24', '17:13:00', '18:16:00'),
(172, 93, 'count', '1', '1398-10-24', '17:18:00', '18:11:00'),
(173, 94, 'count', '1', '1398-10-24', '17:18:00', '18:11:00'),
(174, 95, 'count', '1', '1398-10-24', '17:20:00', '19:00:00'),
(175, 96, 'count', '1', '1398-10-24', '17:35:00', '18:58:00'),
(176, 97, 'count', '1', '1398-10-24', '17:35:00', '18:58:00'),
(177, 98, 'count', '1', '1398-10-24', '17:39:00', '18:22:00'),
(178, 99, 'count', '1', '1398-10-24', '17:41:00', '19:24:00'),
(179, 100, 'count', '1', '1398-10-24', '17:41:00', '19:24:00'),
(180, 101, 'count', '1', '1398-10-24', '17:56:00', '18:14:00'),
(181, 91, 'pause', '1', '1398-10-24', '18:04:00', '18:05:00'),
(182, 102, 'count', '1', '1398-10-24', '18:05:00', '18:59:00'),
(183, 91, 'pause', '1', '1398-10-24', '18:05:00', '18:07:00'),
(184, 91, 'pause', '1', '1398-10-24', '18:07:00', '18:07:00'),
(185, 91, 'pause', '1', '1398-10-24', '18:07:00', '18:09:00'),
(186, 103, 'count', '1', '1398-10-24', '18:08:00', '18:51:00'),
(187, 91, 'pause', '1', '1398-10-24', '18:09:00', '18:10:00'),
(188, 91, 'pause', '1', '1398-10-24', '18:10:00', '18:11:00'),
(189, 94, 'pause', '1', '1398-10-24', '18:11:00', '19:21:00'),
(190, 93, 'pause', '1', '1398-10-24', '18:11:00', '18:52:00'),
(191, 91, 'pause', '1', '1398-10-24', '18:11:00', '18:14:00'),
(192, 101, 'pause', '1', '1398-10-24', '18:14:00', '18:48:00'),
(193, 91, 'pause', '1', '1398-10-24', '18:14:00', '18:16:00'),
(194, 91, 'pause', '1', '1398-10-24', '18:16:00', '18:17:00'),
(195, 91, 'pause', '1', '1398-10-24', '18:17:00', '18:17:00'),
(196, 91, 'pause', '1', '1398-10-24', '18:17:00', NULL),
(197, 98, 'pause', '1', '1398-10-24', '18:22:00', '18:47:00'),
(198, 104, 'count', '1', '1398-10-24', '18:29:00', '19:42:00'),
(199, 105, 'count', '1', '1398-10-24', '18:35:00', '20:20:00'),
(200, 89, 'pause', '1', '1398-10-24', '18:46:00', '19:23:00'),
(201, 87, 'pause', '1', '1398-10-24', '18:47:00', '19:35:00'),
(202, 98, 'count', '1', '1398-10-24', '18:47:00', '19:08:00'),
(203, 101, 'count', '1', '1398-10-24', '18:48:00', '18:50:00'),
(204, 101, 'pause', '1', '1398-10-24', '18:50:00', '18:51:00'),
(205, 101, 'count', '1', '1398-10-24', '18:51:00', '19:35:00'),
(206, 93, 'count', '1', '1398-10-24', '18:52:00', '19:34:00'),
(207, 88, 'pause', '1', '1398-10-24', '18:58:00', '20:14:00'),
(210, 106, 'count', '1', '1398-10-24', '19:05:00', '20:04:00'),
(219, 107, 'count', '1', '1398-10-24', '19:20:00', '20:15:00'),
(220, 108, 'count', '1', '1398-10-24', '19:20:00', '19:45:00'),
(221, 94, 'count', '1', '1398-10-24', '19:21:00', '19:34:00'),
(223, 89, 'count', '1', '1398-10-24', '19:23:00', '20:54:00'),
(228, 109, 'count', '1', '1398-10-24', '19:31:00', '21:00:00'),
(229, 110, 'count', '1', '1398-10-24', '19:32:00', '19:45:00'),
(230, 87, 'count', '1', '1398-10-24', '19:35:00', '20:53:00'),
(231, 108, 'pause', '1', '1398-10-24', '19:45:00', '20:07:00'),
(232, 110, 'pause', '1', '1398-10-24', '19:45:00', '20:08:00'),
(233, 111, 'count', '1', '1398-10-24', '19:57:00', '20:16:00'),
(234, 108, 'count', '1', '1398-10-24', '20:07:00', '20:52:00'),
(235, 110, 'count', '1', '1398-10-24', '20:08:00', '20:15:00'),
(236, 110, 'pause', '1', '1398-10-24', '20:15:00', '20:15:00'),
(237, 110, 'count', '1', '1398-10-24', '20:15:00', '20:51:00'),
(238, 111, 'pause', '1', '1398-10-24', '20:16:00', '20:31:00'),
(239, 112, 'count', '1', '1398-10-24', '20:19:00', '21:18:00'),
(240, 111, 'count', '1', '1398-10-24', '20:31:00', '21:26:00'),
(241, 113, 'count', '1', '1398-10-24', '20:50:00', '21:31:00'),
(242, 114, 'count', '1', '1398-10-25', '12:06:00', '14:34:00'),
(243, 114, 'pause', '1', '1398-10-25', '14:34:00', '14:34:00'),
(244, 114, 'count', '1', '1398-10-25', '14:34:00', '14:42:00'),
(245, 114, 'count', '2', '1398-10-25', '14:42:00', '14:42:00'),
(246, 114, 'count', '1', '1398-10-25', '14:42:00', '14:43:00'),
(247, 114, 'count', '3', '1398-10-25', '14:43:00', '14:43:00'),
(248, 114, 'count', '1', '1398-10-25', '14:43:00', '14:45:00'),
(249, 114, 'pause', '1', '1398-10-25', '14:45:00', '14:45:00'),
(250, 114, 'count', '1', '1398-10-25', '14:45:00', '14:45:00'),
(251, 114, 'pause', '1', '1398-10-25', '14:45:00', '14:45:00'),
(252, 114, 'count', '1', '1398-10-25', '14:45:00', '15:00:00'),
(253, 115, 'count', '1', '1398-10-25', '16:59:00', '18:18:00'),
(254, 116, 'count', '1', '1398-10-25', '17:03:00', '17:09:00'),
(255, 117, 'count', '1', '1398-10-25', '17:48:00', '18:18:00'),
(256, 118, 'count', '1', '1398-10-25', '17:49:00', '18:18:00'),
(257, 119, 'count', '1', '1398-10-25', '17:50:00', '18:18:00'),
(258, 120, 'count', '1', '1398-10-25', '17:51:00', '18:17:00'),
(259, 121, 'count', '1', '1398-10-25', '17:51:00', '18:17:00'),
(260, 122, 'count', '1', '1398-10-25', '18:24:00', '18:33:00'),
(261, 123, 'count', '1', '1398-10-25', '18:34:00', '20:53:00'),
(262, 124, 'count', '1', '1398-10-25', '21:12:00', '11:07:00'),
(263, 125, 'count', '1', '1398-10-26', '11:08:00', '11:26:00'),
(264, 126, 'count', '1', '1398-10-26', '11:08:00', '11:13:00'),
(265, 127, 'count', '1', '1398-10-26', '11:12:00', '22:31:00'),
(266, 126, 'count', '2', '1398-10-26', '11:13:00', '23:08:00'),
(267, 125, 'vip', '1', '1398-10-26', '11:26:00', '11:27:00'),
(268, 125, 'vip', '2', '1398-10-26', '11:27:00', '23:08:00'),
(269, 128, 'count', '1', '1398-10-27', '21:56:00', '23:08:00'),
(270, 129, 'count', '1', '1398-10-27', '21:56:00', '23:08:00'),
(271, 130, 'count', '1', '1398-10-27', '22:03:00', '23:08:00'),
(272, 131, 'count', '1', '1398-10-27', '22:03:00', '23:08:00'),
(273, 132, 'count', '1', '1398-10-27', '22:04:00', '23:05:00'),
(274, 133, 'count', '1', '1398-10-27', '22:04:00', '23:07:00'),
(275, 134, 'count', '1', '1398-10-27', '22:05:00', '23:07:00'),
(276, 135, 'count', '1', '1398-10-27', '22:05:00', '23:07:00'),
(277, 136, 'count', '1', '1398-10-27', '22:05:00', '23:07:00'),
(278, 137, 'count', '1', '1398-10-27', '22:05:00', '23:07:00'),
(279, 138, 'count', '1', '1398-10-27', '22:05:00', '23:07:00'),
(280, 127, 'vip', '1', '1398-10-27', '22:31:00', '23:08:00'),
(281, 132, 'vip', '1', '1398-10-27', '23:05:00', '23:07:00'),
(282, 139, 'count', '2', '1398-10-29', '14:20:00', '10:31:00'),
(283, 140, 'count', '1', '1398-10-29', '14:21:00', '14:35:00'),
(284, 141, 'count', '1', '1398-10-29', '14:21:00', '14:35:00'),
(285, 142, 'count', '1', '1398-10-29', '14:48:00', '10:31:00'),
(286, 139, 'pause', '1', '1398-11-02', '10:31:00', '10:31:00'),
(287, 139, 'pause', '1', '1398-11-02', '10:31:00', '15:14:00'),
(288, 142, 'pause', '1', '1398-11-02', '10:31:00', '21:20:00'),
(289, 139, 'count', '3', '1398-11-02', '15:14:00', '15:14:00'),
(290, 139, 'count', '1', '1398-11-02', '15:14:00', '15:17:00'),
(291, 139, 'pause', '1', '1398-11-02', '15:17:00', '21:52:00'),
(292, 143, 'count', '1', '1398-11-04', '21:53:00', '22:07:00'),
(293, 143, 'pause', '1', '1398-11-04', '22:07:00', '22:07:00'),
(294, 144, 'count', '1', '1398-11-04', '22:08:00', '22:11:00'),
(295, 145, 'count', '1', '1398-11-07', '21:17:00', '21:17:00'),
(296, 146, 'count', '1', '1398-11-08', '14:58:00', '14:59:00'),
(297, 146, 'count', '2', '1398-11-08', '14:59:00', '14:59:00'),
(298, 146, 'pause', '1', '1398-11-08', '14:59:00', '14:59:00'),
(299, 146, 'count', '1', '1398-11-08', '14:59:00', '21:46:00'),
(300, 146, 'pause', '1', '1398-11-10', '21:46:00', '16:24:00'),
(301, 147, 'count', '1', '1398-11-10', '23:33:00', NULL),
(302, 148, 'count', '1', '1398-11-10', '23:34:00', NULL),
(303, 149, 'count', '1', '1398-11-10', '23:36:00', NULL),
(304, 150, 'count', '1', '1398-11-10', '23:39:00', NULL),
(305, 151, 'count', '1', '1398-11-10', '23:43:00', NULL),
(306, 152, 'count', '1', '1398-11-10', '23:44:00', NULL),
(307, 153, 'count', '1', '1398-11-10', '23:50:00', NULL),
(308, 154, 'count', '1', '1398-11-10', '23:55:00', '23:56:00'),
(309, 155, 'count', '2', '1398-11-11', '00:04:00', NULL),
(310, 156, 'count', '3', '1398-11-11', '00:10:00', NULL),
(311, 157, 'count', '1', '1398-11-11', '00:10:00', NULL),
(312, 158, 'count', '1', '1398-11-11', '12:51:00', NULL),
(313, 159, 'count', '1', '1398-11-13', '15:18:00', '22:33:00'),
(314, 160, 'count', '1', '1398-11-13', '15:18:00', '22:33:00'),
(315, 161, 'count', '1', '1398-11-13', '15:18:00', '22:33:00'),
(316, 159, 'pause', '1', '1398-11-13', '22:33:00', '16:17:00'),
(317, 160, 'pause', '1', '1398-11-13', '22:33:00', '11:08:00'),
(318, 161, 'pause', '1', '1398-11-13', '22:33:00', '11:08:00'),
(319, 162, 'count', '2', '1398-11-13', '22:34:00', NULL),
(320, 163, 'count', '2', '1398-11-13', '22:38:00', NULL),
(321, 164, 'count', '2', '1398-11-13', '22:45:00', NULL),
(322, 165, 'count', '2', '1398-11-13', '22:46:00', '22:47:00'),
(323, 165, 'pause', '1', '1398-11-13', '22:47:00', NULL),
(324, 166, 'count', '3', '1398-11-16', '15:17:00', '15:17:00'),
(325, 166, 'pause', '1', '1398-11-16', '15:17:00', '16:18:00'),
(326, 167, 'count', '1', '1398-11-26', '13:35:00', '13:35:00'),
(327, 167, 'count', '3', '1398-11-26', '13:35:00', '13:36:00'),
(328, 167, 'pause', '1', '1398-11-26', '13:36:00', '13:57:00'),
(329, 167, 'count', '1', '1398-11-26', '13:57:00', '13:58:00'),
(330, 167, 'pause', '1', '1398-11-26', '13:58:00', '14:06:00'),
(331, 167, 'count', '1', '1398-11-26', '14:06:00', '14:10:00'),
(332, 167, 'pause', '1', '1398-11-26', '14:10:00', '15:06:00'),
(333, 167, 'count', '1', '1398-11-26', '15:06:00', '15:08:00'),
(334, 167, 'pause', '1', '1398-11-26', '15:08:00', '11:08:00');

-- --------------------------------------------------------

--
-- Table structure for table `headlines`
--

CREATE TABLE `headlines` (
  `h_id` int(11) NOT NULL,
  `h_name` varchar(50) NOT NULL,
  `h_code` int(11) DEFAULT 0,
  `h_details` text DEFAULT NULL
) ENGINE=InnoDB DEFAULT CHARSET=utf8;

-- --------------------------------------------------------

--
-- Table structure for table `loan`
--

CREATE TABLE `loan` (
  `l_id` int(11) NOT NULL,
  `p_id` int(11) NOT NULL,
  `b_id` int(11) NOT NULL,
  `l_fromdate` date DEFAULT NULL,
  `l_fromdetails` text DEFAULT NULL,
  `l_todate` date DEFAULT NULL,
  `l_todetails` text DEFAULT NULL,
  `l_enddate` date DEFAULT NULL
) ENGINE=MyISAM DEFAULT CHARSET=utf8;

--
-- Dumping data for table `loan`
--

INSERT INTO `loan` (`l_id`, `p_id`, `b_id`, `l_fromdate`, `l_fromdetails`, `l_todate`, `l_todetails`, `l_enddate`) VALUES
(17, 1588, 5, '1398-10-09', '', '0000-00-00', '', '1398-10-15'),
(16, 1588, 5, '1398-10-09', '', '1398-10-25', '', '1398-10-15'),
(12, 146, 4, '1398-09-10', '', '1398-09-17', '', '1398-09-17');

-- --------------------------------------------------------

--
-- Table structure for table `login_record`
--

CREATE TABLE `login_record` (
  `lr_id` int(11) NOT NULL,
  `u_id` int(11) NOT NULL,
  `lr_time` datetime NOT NULL,
  `lr_ip` varchar(15) CHARACTER SET utf8 NOT NULL
) ENGINE=MyISAM DEFAULT CHARSET=latin1;

--
-- Dumping data for table `login_record`
--

INSERT INTO `login_record` (`lr_id`, `u_id`, `lr_time`, `lr_ip`) VALUES
(6, 5, '2019-09-19 05:28:53', ''),
(5, 21, '2019-09-19 03:46:05', ''),
(4, 5, '2019-09-19 03:43:11', ''),
(8, 5, '2019-09-19 06:07:29', ''),
(9, 5, '2019-09-19 06:59:30', ''),
(10, 21, '2019-09-19 07:01:06', ''),
(11, 21, '2019-09-19 07:55:18', ''),
(12, 21, '2019-09-19 09:07:11', ''),
(13, 21, '2019-09-20 12:07:37', ''),
(14, 5, '2019-09-20 12:12:34', '46.225.213.168'),
(15, 21, '2019-09-20 07:48:06', '2.184.1.199'),
(16, 21, '2019-09-20 10:05:05', '2.184.1.199'),
(17, 24, '2019-09-21 10:51:55', '46.225.213.168'),
(18, 26, '2019-09-21 19:19:19', '37.27.61.116'),
(19, 21, '2019-09-21 19:27:06', '2.184.1.199'),
(20, 26, '2019-09-21 20:58:13', '46.225.213.168'),
(21, 21, '2019-09-21 20:58:47', '46.225.213.168'),
(22, 28, '2019-09-22 15:28:31', '104.237.226.177'),
(23, 5, '2019-09-22 15:42:24', '46.225.213.109'),
(24, 28, '2019-09-22 15:43:57', '46.225.213.109'),
(25, 21, '2019-09-22 22:27:53', '2.184.28.83'),
(26, 30, '2019-09-24 09:56:32', '5.120.137.204'),
(27, 5, '2019-09-24 10:37:19', '5.120.137.204'),
(28, 5, '2019-09-24 10:39:37', '5.120.137.204'),
(29, 30, '2019-09-24 10:44:18', '5.120.137.204'),
(30, 5, '2019-09-24 17:32:31', '86.57.115.46'),
(31, 5, '2019-09-24 17:32:43', '46.225.213.109'),
(32, 21, '2019-09-24 19:03:20', '46.225.213.109'),
(33, 21, '2019-09-24 21:34:33', '2.184.25.121'),
(34, 30, '2019-09-25 08:59:50', '5.120.137.204'),
(35, 22, '2019-09-25 10:31:28', '93.119.211.160'),
(36, 33, '2019-09-25 10:37:03', '93.119.211.160'),
(37, 5, '2019-09-25 10:54:20', '46.225.213.109'),
(38, 5, '2019-09-25 12:01:38', '46.225.213.109'),
(39, 21, '2019-09-25 17:40:13', '80.191.166.152'),
(40, 21, '2019-09-25 19:38:02', '80.191.166.152'),
(41, 21, '2019-09-25 21:43:31', '80.191.170.214'),
(42, 28, '2019-09-26 14:13:12', '2.177.158.195'),
(43, 5, '2019-09-26 14:54:22', '46.225.213.109'),
(44, 21, '2019-09-26 16:57:09', '2.183.144.176'),
(45, 21, '2019-09-26 17:49:36', '2.183.144.176'),
(46, 21, '2019-09-26 18:52:48', '2.183.144.176'),
(47, 21, '2019-09-26 19:46:16', '2.183.144.176'),
(48, 30, '2019-09-27 11:54:20', '80.191.165.189'),
(49, 21, '2019-09-27 17:36:01', '2.183.144.176'),
(50, 21, '2019-09-27 19:01:34', '2.183.144.176'),
(51, 30, '2019-09-28 09:03:51', '5.120.139.30'),
(52, 5, '2019-09-29 17:15:40', '5.120.139.30'),
(53, 5, '2019-09-30 15:57:21', '5.119.54.222'),
(54, 5, '2019-10-01 21:38:48', '46.225.208.85'),
(55, 21, '2019-10-01 21:40:10', '46.225.208.85'),
(56, 21, '2019-10-02 20:03:43', '78.39.94.52'),
(57, 21, '2019-10-04 00:12:37', '5.119.223.114'),
(58, 5, '2019-10-04 18:46:38', '5.119.223.114'),
(59, 21, '2019-10-04 18:46:53', '5.119.223.114'),
(60, 5, '2019-10-04 18:48:02', '5.119.223.114'),
(61, 5, '2019-10-04 18:49:06', '5.119.223.114'),
(62, 21, '2019-10-04 21:27:07', '78.39.94.52'),
(63, 5, '2019-10-04 21:46:35', '46.225.208.85'),
(64, 5, '2019-10-05 09:08:03', '46.225.208.85'),
(65, 28, '2019-10-05 09:11:37', '46.225.208.85'),
(66, 5, '2019-10-05 10:08:09', '5.119.223.114'),
(67, 34, '2019-10-06 12:41:09', '86.57.107.30'),
(68, 34, '2019-10-06 17:31:30', '51.75.165.229'),
(69, 5, '2019-10-07 18:52:43', '46.225.208.85'),
(70, 28, '2019-10-07 18:54:10', '89.198.181.221'),
(71, 29, '2019-10-07 21:26:45', '46.225.208.85'),
(72, 5, '2019-10-07 22:42:57', '46.225.208.85'),
(73, 29, '2019-10-08 11:46:14', '2.177.190.42'),
(74, 29, '2019-10-08 11:50:01', '84.241.11.195'),
(75, 29, '2019-10-10 13:35:05', '84.241.11.195'),
(76, 5, '2019-10-11 17:30:45', '5.202.97.119'),
(77, 5, '2019-10-11 18:19:57', '5.202.97.119'),
(78, 39, '2019-10-11 18:52:46', '5.202.97.119'),
(79, 39, '2019-10-11 18:56:23', '83.123.220.181'),
(80, 39, '2019-10-11 18:59:00', '37.129.67.105'),
(81, 39, '2019-10-11 19:01:39', '37.129.67.105'),
(82, 39, '2019-10-11 19:08:35', '37.129.67.105'),
(83, 39, '2019-10-11 20:09:28', '37.129.67.105'),
(84, 39, '2019-10-11 20:13:10', '37.129.67.105'),
(85, 21, '2019-10-11 22:13:58', '78.39.30.74'),
(86, 39, '2019-10-12 13:39:29', '31.56.185.89'),
(87, 39, '2019-10-12 17:16:16', '83.123.249.17'),
(88, 39, '2019-10-12 17:24:45', '5.202.97.119'),
(89, 39, '2019-10-12 18:48:11', '5.120.32.82'),
(90, 39, '2019-10-12 18:48:17', '5.202.97.119'),
(91, 43, '2019-10-13 11:08:46', '5.117.215.142'),
(92, 5, '2019-10-13 11:10:14', '5.120.12.76'),
(93, 43, '2019-10-13 13:36:48', '5.117.215.142'),
(94, 5, '2019-10-13 16:10:20', '46.225.209.197'),
(95, 43, '2019-10-13 16:12:10', '46.225.209.197'),
(96, 39, '2019-10-13 18:18:12', '5.202.97.119'),
(97, 5, '2019-10-13 21:08:37', '46.225.209.197'),
(98, 5, '2019-10-14 08:52:10', '5.119.139.84'),
(99, 5, '2019-10-14 09:21:12', '5.119.139.84'),
(100, 43, '2019-10-14 10:06:31', '5.119.139.84'),
(101, 39, '2019-10-14 18:20:56', '5.202.97.119'),
(102, 5, '2019-10-14 18:55:23', '46.225.209.55'),
(103, 21, '2019-10-14 18:56:03', '46.225.209.55'),
(104, 5, '2019-10-14 18:56:36', '46.225.209.55'),
(105, 5, '2019-10-15 12:49:19', '5.119.43.85'),
(106, 5, '2019-10-15 17:43:00', '46.225.209.55'),
(107, 5, '2019-10-15 20:07:00', '46.225.209.55'),
(108, 5, '2019-10-15 21:34:32', '46.225.209.55'),
(109, 5, '2019-10-15 22:54:19', '46.225.209.55'),
(110, 5, '2019-10-16 07:30:39', '46.225.209.55'),
(111, 5, '2019-10-16 08:02:19', '46.225.209.55'),
(112, 34, '2019-10-16 12:33:40', '51.75.165.229'),
(113, 5, '2019-10-16 13:03:09', '5.120.57.127'),
(114, 5, '2019-10-16 13:25:38', '5.120.57.127'),
(115, 5, '2019-10-16 16:32:57', '5.119.30.185'),
(116, 39, '2019-10-16 16:38:02', '5.202.97.119'),
(117, 34, '2019-10-16 16:59:22', '51.75.165.229'),
(118, 39, '2019-10-16 17:04:35', '5.202.97.119'),
(119, 39, '2019-10-16 17:06:49', '5.119.30.185'),
(120, 39, '2019-10-16 18:18:10', '5.202.97.119'),
(121, 39, '2019-10-16 18:18:20', '5.202.97.119'),
(122, 5, '2019-10-17 09:15:13', '5.119.131.162'),
(123, 43, '2019-10-17 09:22:59', '5.119.131.162'),
(124, 5, '2019-10-17 12:24:48', '5.119.131.162'),
(125, 39, '2019-10-17 19:08:50', '5.202.1.190'),
(126, 39, '2019-10-20 17:41:37', '5.202.1.190'),
(127, 39, '2019-10-22 17:23:29', '5.202.1.190'),
(128, 29, '2019-10-23 10:25:34', '104.237.226.177'),
(129, 5, '2019-10-23 10:25:44', '5.119.156.135'),
(130, 29, '2019-10-23 12:17:16', '104.237.226.177'),
(131, 29, '2019-10-23 14:50:05', '104.237.226.177'),
(132, 5, '2019-10-23 17:29:10', '5.119.156.135'),
(133, 5, '2019-10-23 17:31:52', '5.202.1.190'),
(134, 39, '2019-10-23 17:40:02', '5.202.1.190'),
(135, 39, '2019-10-23 17:45:53', '5.202.1.190'),
(136, 5, '2019-10-23 23:16:24', '46.225.232.47'),
(137, 5, '2019-10-24 13:16:48', '5.119.156.135'),
(138, 39, '2019-10-24 16:29:41', '5.202.1.190'),
(139, 5, '2019-10-24 17:06:11', '5.119.156.135'),
(140, 5, '2019-10-24 17:22:40', '5.119.156.135'),
(141, 29, '2019-10-24 19:17:19', '104.237.226.177'),
(142, 29, '2019-10-24 20:19:27', '84.241.11.195'),
(143, 29, '2019-10-24 20:25:33', '46.225.232.47'),
(144, 29, '2019-10-24 23:48:03', '104.237.226.177'),
(145, 29, '2019-10-25 11:08:20', '84.241.11.195'),
(146, 29, '2019-10-25 11:29:58', '104.237.226.177'),
(147, 29, '2019-10-25 12:31:17', '104.237.226.177'),
(148, 29, '2019-10-25 12:56:57', '84.241.11.195'),
(149, 29, '2019-10-25 13:15:38', '84.241.11.195'),
(150, 29, '2019-10-25 13:16:28', '104.237.226.177'),
(151, 29, '2019-10-25 13:37:04', '84.241.11.195'),
(152, 29, '2019-10-25 13:45:36', '104.237.226.177'),
(153, 29, '2019-10-25 13:52:02', '83.122.213.239'),
(154, 29, '2019-10-25 14:52:37', '84.241.11.195'),
(155, 29, '2019-10-25 14:59:07', '84.241.11.195'),
(156, 29, '2019-10-25 15:22:14', '84.241.11.195'),
(157, 29, '2019-10-25 15:45:48', '84.241.11.195'),
(158, 29, '2019-10-25 16:18:11', '104.237.226.177'),
(159, 29, '2019-10-25 18:17:36', '46.224.79.249'),
(160, 5, '2019-10-25 19:28:01', '5.202.1.190'),
(161, 29, '2019-10-25 20:02:32', '84.241.11.195'),
(162, 29, '2019-10-25 20:29:40', '46.224.79.249'),
(163, 5, '2019-10-26 08:00:35', '46.225.209.16'),
(164, 5, '2019-10-26 08:59:24', '46.225.209.16'),
(165, 29, '2019-10-26 09:56:53', '84.241.11.195'),
(166, 29, '2019-10-26 11:56:35', '84.241.11.195'),
(167, 29, '2019-10-26 12:02:03', '46.224.79.249'),
(168, 5, '2019-10-26 12:05:32', '5.120.4.43'),
(169, 29, '2019-10-26 13:02:39', '84.241.11.195'),
(170, 29, '2019-10-26 14:56:06', '5.120.4.43'),
(171, 29, '2019-10-26 14:56:46', '84.241.11.195'),
(172, 29, '2019-10-26 15:43:52', '89.196.188.101'),
(173, 29, '2019-10-26 15:55:37', '84.241.11.195'),
(174, 39, '2019-10-26 16:03:36', '5.202.1.190'),
(175, 29, '2019-10-26 17:51:53', '46.224.79.249'),
(176, 29, '2019-10-26 18:33:57', '104.237.225.11'),
(177, 39, '2019-10-26 18:58:19', '5.202.1.190'),
(178, 29, '2019-10-26 19:39:30', '5.120.4.43'),
(179, 39, '2019-10-26 19:50:47', '5.120.4.43'),
(180, 29, '2019-10-26 19:59:56', '5.120.4.43'),
(181, 39, '2019-10-26 20:52:56', '5.202.1.190'),
(182, 29, '2019-10-26 21:05:15', '5.120.4.43'),
(183, 29, '2019-10-26 21:13:45', '5.106.164.254'),
(184, 29, '2019-10-27 10:01:05', '46.224.79.249'),
(185, 29, '2019-10-27 14:47:19', '5.211.95.174'),
(186, 29, '2019-10-27 18:29:59', '104.237.226.177'),
(187, 29, '2019-10-27 22:16:16', '46.224.79.249'),
(188, 29, '2019-10-28 10:12:53', '84.241.11.195'),
(189, 29, '2019-10-28 13:55:03', '104.237.226.177'),
(190, 22, '2019-10-28 14:37:59', '93.119.223.37'),
(191, 22, '2019-10-28 15:13:32', '93.117.177.102'),
(192, 5, '2019-10-28 15:47:18', '46.225.209.16'),
(193, 29, '2019-10-28 16:14:42', '104.237.226.177'),
(194, 39, '2019-10-28 16:16:26', '5.202.1.190'),
(195, 22, '2019-10-28 18:34:34', '46.225.209.16'),
(196, 29, '2019-10-28 18:35:18', '46.225.209.16'),
(197, 29, '2019-10-29 10:34:19', '46.225.209.16'),
(198, 29, '2019-10-29 15:49:44', '84.241.11.195'),
(199, 29, '2019-10-30 10:34:10', '84.241.11.195'),
(200, 29, '2019-10-30 13:53:18', '104.237.226.135'),
(201, 5, '2019-10-30 15:44:14', '5.120.91.215'),
(202, 29, '2019-10-30 15:44:26', '5.120.91.215'),
(203, 22, '2019-10-30 15:50:05', '94.101.251.217'),
(204, 5, '2019-10-30 15:57:30', '5.120.91.215'),
(205, 29, '2019-10-30 16:07:18', '5.120.91.215'),
(206, 39, '2019-10-30 16:55:39', '5.202.1.190'),
(207, 39, '2019-10-30 19:01:55', '5.202.1.190'),
(208, 29, '2019-10-30 19:11:08', '5.202.1.190'),
(209, 39, '2019-10-30 19:11:40', '5.202.1.190'),
(210, 5, '2019-10-30 19:21:05', '5.202.1.190'),
(211, 39, '2019-10-30 19:23:40', '5.202.1.190'),
(212, 39, '2019-10-30 19:48:17', '37.129.31.105'),
(213, 39, '2019-10-30 19:58:47', '5.202.1.190'),
(214, 39, '2019-10-30 20:16:43', '5.202.1.190'),
(215, 39, '2019-10-31 08:03:39', '46.225.209.16'),
(216, 29, '2019-10-31 09:15:19', '46.225.209.16'),
(217, 39, '2019-10-31 09:19:04', '113.203.114.125'),
(218, 39, '2019-10-31 09:19:38', '5.202.1.190'),
(219, 29, '2019-10-31 09:54:24', '84.241.11.195'),
(220, 39, '2019-10-31 11:11:10', '83.122.188.153'),
(221, 39, '2019-10-31 12:36:27', '83.122.188.153'),
(222, 29, '2019-10-31 13:29:41', '84.241.11.195'),
(223, 29, '2019-10-31 13:37:08', '84.241.11.195'),
(224, 29, '2019-10-31 13:41:25', '84.241.11.195'),
(225, 29, '2019-10-31 13:48:46', '84.241.11.195'),
(226, 39, '2019-10-31 15:02:51', '5.202.1.190'),
(227, 39, '2019-10-31 16:11:05', '46.225.209.16'),
(228, 29, '2019-10-31 16:11:37', '46.225.209.16'),
(229, 39, '2019-10-31 16:20:51', '31.56.189.102'),
(230, 39, '2019-10-31 18:33:46', '46.225.209.16'),
(231, 39, '2019-10-31 18:50:10', '5.202.1.190'),
(232, 29, '2019-10-31 19:00:31', '46.225.209.16'),
(233, 39, '2019-10-31 19:02:11', '46.225.209.16'),
(234, 5, '2019-10-31 19:43:02', '46.225.209.16'),
(235, 39, '2019-10-31 19:52:10', '46.225.209.16'),
(236, 29, '2019-10-31 19:52:29', '46.225.209.16'),
(237, 29, '2019-10-31 20:08:05', '46.225.209.16'),
(238, 39, '2019-10-31 20:09:05', '5.202.1.190'),
(239, 39, '2019-10-31 20:37:03', '46.225.209.16'),
(240, 29, '2019-10-31 20:41:59', '46.225.209.16'),
(241, 29, '2019-10-31 20:49:43', '46.225.209.16'),
(242, 29, '2019-11-01 09:32:08', '192.254.92.6'),
(243, 29, '2019-11-01 11:00:59', '84.241.11.195'),
(244, 29, '2019-11-01 11:21:52', '46.225.209.16'),
(245, 29, '2019-11-01 11:32:36', '84.241.11.195'),
(246, 29, '2019-11-01 13:15:01', '5.120.91.215'),
(247, 39, '2019-11-01 13:46:11', '5.120.91.215'),
(248, 39, '2019-11-01 15:11:09', '5.202.25.36'),
(249, 29, '2019-11-01 15:36:24', '84.241.11.195'),
(250, 39, '2019-11-01 16:53:43', '31.56.189.102'),
(251, 29, '2019-11-01 17:46:15', '91.251.70.45'),
(252, 39, '2019-11-01 17:48:13', '31.56.189.102'),
(253, 29, '2019-11-01 17:52:53', '86.55.219.8'),
(254, 39, '2019-11-01 19:22:47', '46.225.209.16'),
(255, 39, '2019-11-01 19:33:16', '46.225.209.16'),
(256, 39, '2019-11-01 19:33:48', '46.225.209.16'),
(257, 29, '2019-11-01 19:37:21', '46.225.209.16'),
(258, 39, '2019-11-01 19:45:36', '46.225.209.16'),
(259, 29, '2019-11-01 19:50:30', '46.225.209.16'),
(260, 29, '2019-11-01 19:52:03', '84.241.11.195'),
(261, 39, '2019-11-01 19:52:09', '31.56.189.102'),
(262, 29, '2019-11-01 20:02:35', '46.225.209.16'),
(263, 39, '2019-11-01 20:02:45', '46.225.209.16'),
(264, 29, '2019-11-01 21:14:50', '46.225.209.16'),
(265, 29, '2019-11-01 21:19:13', '46.225.209.16'),
(266, 29, '2019-11-01 21:33:41', '5.211.72.214'),
(267, 39, '2019-11-02 10:43:03', '37.129.61.114'),
(268, 29, '2019-11-02 10:48:03', '84.241.11.195'),
(269, 29, '2019-11-02 13:36:33', '104.237.226.177'),
(270, 39, '2019-11-02 16:45:10', '5.202.25.36'),
(271, 29, '2019-11-02 17:25:25', '46.225.209.180'),
(272, 29, '2019-11-03 10:03:51', '84.241.11.195'),
(273, 29, '2019-11-03 10:56:27', '84.241.11.195'),
(274, 29, '2019-11-03 18:36:43', '46.225.215.100'),
(275, 29, '2019-11-03 20:16:24', '46.225.215.100'),
(276, 39, '2019-11-04 09:44:33', '5.202.99.219'),
(277, 29, '2019-11-04 11:01:51', '84.241.11.195'),
(278, 29, '2019-11-04 11:37:59', '84.241.11.195'),
(279, 39, '2019-11-04 12:56:14', '5.202.99.219'),
(280, 39, '2019-11-04 13:56:35', '5.202.99.219'),
(281, 29, '2019-11-04 16:09:54', '84.241.11.195'),
(282, 29, '2019-11-04 16:13:32', '104.237.226.177'),
(283, 22, '2019-11-04 16:50:28', '93.119.212.157'),
(284, 22, '2019-11-05 08:13:20', '37.98.46.143'),
(285, 22, '2019-11-05 11:02:50', '37.98.46.143'),
(286, 29, '2019-11-05 11:44:53', '84.241.11.195'),
(287, 29, '2019-11-05 11:55:30', '104.237.226.177'),
(288, 22, '2019-11-05 13:27:11', '37.98.26.113'),
(289, 29, '2019-11-05 14:11:22', '2.177.176.236'),
(290, 29, '2019-11-05 15:11:48', '84.241.11.195'),
(291, 22, '2019-11-05 16:27:45', '37.98.26.113'),
(292, 22, '2019-11-05 16:35:39', '37.98.46.143'),
(293, 22, '2019-11-05 19:11:19', '37.98.26.113'),
(294, 39, '2019-11-05 22:09:13', '46.225.232.201'),
(295, 29, '2019-11-06 09:00:40', '188.229.76.241'),
(296, 22, '2019-11-06 10:17:27', '94.101.251.124'),
(297, 29, '2019-11-06 10:39:13', '5.113.84.67'),
(298, 29, '2019-11-06 13:38:44', '188.229.76.241'),
(299, 29, '2019-11-06 14:12:28', '46.225.232.201'),
(300, 29, '2019-11-06 15:20:44', '188.229.76.241'),
(301, 29, '2019-11-06 15:51:39', '5.113.84.67'),
(302, 29, '2019-11-06 15:55:25', '5.113.84.67'),
(303, 29, '2019-11-06 18:55:54', '188.229.1.172'),
(304, 5, '2019-11-06 19:05:23', '46.225.232.201'),
(305, 22, '2019-11-07 08:22:55', '185.182.221.246'),
(306, 22, '2019-11-07 09:02:54', '185.182.221.246'),
(307, 5, '2019-11-07 09:05:30', '46.225.212.182'),
(308, 22, '2019-11-07 09:19:26', '185.182.221.246'),
(309, 22, '2019-11-07 10:16:12', '185.182.221.246'),
(310, 29, '2019-11-07 10:30:09', '5.113.84.67'),
(311, 29, '2019-11-07 11:00:43', '5.113.84.67'),
(312, 29, '2019-11-07 11:03:52', '5.113.84.67'),
(313, 29, '2019-11-07 11:12:55', '188.229.27.16'),
(314, 29, '2019-11-07 11:15:11', '5.113.84.67'),
(315, 29, '2019-11-07 11:27:29', '84.241.11.195'),
(316, 22, '2019-11-07 11:27:49', '185.182.221.246'),
(317, 29, '2019-11-07 11:30:01', '5.113.84.67'),
(318, 29, '2019-11-07 11:49:10', '84.241.11.195'),
(319, 29, '2019-11-07 11:51:52', '84.241.11.195'),
(320, 22, '2019-11-07 11:56:16', '185.182.221.246'),
(321, 29, '2019-11-07 12:02:21', '46.51.66.203'),
(322, 29, '2019-11-07 12:07:14', '46.51.66.203'),
(323, 22, '2019-11-07 12:07:43', '185.182.221.246'),
(324, 22, '2019-11-07 12:16:57', '185.182.221.246'),
(325, 29, '2019-11-07 12:19:23', '5.119.233.171'),
(326, 22, '2019-11-07 13:11:16', '185.182.221.246'),
(327, 22, '2019-11-07 13:11:52', '178.131.95.254'),
(328, 29, '2019-11-07 14:16:33', '5.112.77.8'),
(329, 22, '2019-11-07 14:22:32', '5.119.233.171'),
(330, 22, '2019-11-07 14:32:04', '185.182.221.246'),
(331, 29, '2019-11-07 14:53:03', '5.112.77.8'),
(332, 29, '2019-11-07 15:30:12', '5.112.77.8'),
(333, 29, '2019-11-07 16:32:17', '5.119.233.171'),
(334, 29, '2019-11-07 17:58:17', '46.225.212.182'),
(335, 29, '2019-11-07 23:54:18', '46.224.97.211'),
(336, 29, '2019-11-08 10:17:03', '5.112.77.8'),
(337, 29, '2019-11-08 11:03:49', '5.112.77.8'),
(338, 5, '2019-11-08 11:19:36', '46.225.212.182'),
(339, 5, '2019-11-08 12:35:24', '46.225.212.182'),
(340, 29, '2019-11-08 12:37:11', '46.225.212.182'),
(341, 39, '2019-11-08 12:39:26', '46.225.212.182'),
(342, 39, '2019-11-08 12:39:49', '46.225.212.182'),
(343, 5, '2019-11-08 12:43:36', '46.225.212.182'),
(344, 29, '2019-11-08 12:45:06', '46.225.212.182'),
(345, 5, '2019-11-08 13:03:55', '46.225.212.182'),
(346, 29, '2019-11-08 13:07:06', '84.241.11.195'),
(347, 29, '2019-11-08 13:53:59', '84.241.11.195'),
(348, 29, '2019-11-08 14:06:47', '84.241.11.195'),
(349, 39, '2019-11-08 15:23:49', '5.202.99.219'),
(350, 29, '2019-11-08 17:26:07', '5.106.49.32'),
(351, 29, '2019-11-08 18:41:47', '46.224.97.211'),
(352, 39, '2019-11-08 18:47:00', '46.225.212.182'),
(353, 29, '2019-11-08 18:47:12', '46.225.212.182'),
(354, 5, '2019-11-08 19:01:55', '46.225.212.182'),
(355, 5, '2019-11-08 19:31:29', '46.225.212.182'),
(356, 29, '2019-11-08 20:14:54', '46.225.212.182'),
(357, 5, '2019-11-08 20:16:13', '46.225.212.182'),
(358, 29, '2019-11-08 20:34:48', '46.225.212.182'),
(359, 5, '2019-11-08 20:49:49', '46.225.212.182'),
(360, 29, '2019-11-08 21:32:28', '46.225.212.182'),
(361, 5, '2019-11-08 21:32:58', '46.225.212.182'),
(362, 29, '2019-11-08 23:41:57', '46.225.212.182'),
(363, 5, '2019-11-08 23:47:07', '46.225.212.182'),
(364, 39, '2019-11-09 09:08:03', '46.225.212.182'),
(365, 5, '2019-11-09 09:08:28', '46.225.212.182'),
(366, 22, '2019-11-09 09:45:36', '185.103.84.50'),
(367, 29, '2019-11-09 10:37:38', '84.241.11.195'),
(368, 22, '2019-11-09 13:20:50', '185.103.84.50'),
(369, 29, '2019-11-09 13:41:41', '2.177.176.236'),
(370, 29, '2019-11-09 13:57:43', '86.55.245.226'),
(371, 29, '2019-11-09 14:32:38', '2.177.176.236'),
(372, 5, '2019-11-09 14:54:32', '5.120.73.27'),
(373, 29, '2019-11-09 15:31:43', '84.241.11.195'),
(374, 29, '2019-11-09 18:15:43', '46.225.212.182'),
(375, 29, '2019-11-09 20:02:03', '91.251.176.22'),
(376, 22, '2019-11-10 08:12:10', '94.101.248.160'),
(377, 22, '2019-11-10 09:10:46', '94.101.248.160'),
(378, 29, '2019-11-10 10:37:32', '5.114.218.201'),
(379, 22, '2019-11-10 11:07:02', '94.101.248.160'),
(380, 5, '2019-11-10 12:06:05', '113.203.123.195'),
(381, 22, '2019-11-10 14:41:57', '94.101.248.160'),
(382, 5, '2019-11-10 15:31:57', '83.123.25.12'),
(383, 29, '2019-11-10 15:56:26', '5.114.218.201'),
(384, 29, '2019-11-10 16:00:39', '89.199.108.139'),
(385, 39, '2019-11-10 16:11:07', '5.202.99.219'),
(386, 5, '2019-11-10 17:43:23', '5.119.130.242'),
(387, 29, '2019-11-10 17:43:41', '5.119.130.242'),
(388, 5, '2019-11-10 18:19:36', '5.119.130.242'),
(389, 29, '2019-11-10 18:21:10', '5.119.130.242'),
(390, 22, '2019-11-11 07:54:50', '93.117.191.83'),
(391, 22, '2019-11-11 09:04:38', '93.117.191.83'),
(392, 22, '2019-11-11 10:19:37', '93.117.191.83'),
(393, 29, '2019-11-11 10:57:24', '84.241.11.195'),
(394, 22, '2019-11-11 11:07:23', '94.101.249.80'),
(395, 5, '2019-11-11 11:33:00', '5.120.73.27');

-- --------------------------------------------------------

--
-- Table structure for table `offer`
--

CREATE TABLE `offer` (
  `o_id` int(11) NOT NULL COMMENT 'کد ردیف',
  `o_code` varchar(15) NOT NULL COMMENT 'کد تخفیف',
  `o_type` varchar(5) NOT NULL COMMENT 'نوع کد',
  `o_per` int(11) NOT NULL COMMENT 'میزان',
  `o_details` text NOT NULL COMMENT 'توضیحات'
) ENGINE=MyISAM DEFAULT CHARSET=utf8;

--
-- Dumping data for table `offer`
--

INSERT INTO `offer` (`o_id`, `o_code`, `o_type`, `o_per`, `o_details`) VALUES
(11, 'ولیعصر', 'درصد', 20, 'فرزند کارکنان دانشگاه'),
(10, 'مراجعه سوم', 'درصد', 10, '');

-- --------------------------------------------------------

--
-- Table structure for table `package`
--

CREATE TABLE `package` (
  `pk_id` int(11) NOT NULL COMMENT 'کد ردیف',
  `pk_name` varchar(20) NOT NULL COMMENT 'نام بسته',
  `pk_price` int(11) NOT NULL COMMENT 'مبلغ بسته',
  `pk_time` int(11) NOT NULL COMMENT 'زمان به دقیقه',
  `pk_expire` int(11) NOT NULL COMMENT 'اعتبار به روز'
) ENGINE=InnoDB DEFAULT CHARSET=utf8;

--
-- Dumping data for table `package`
--

INSERT INTO `package` (`pk_id`, `pk_name`, `pk_price`, `pk_time`, `pk_expire`) VALUES
(16, 'مشتری ثابت', 90000, 30, 30),
(17, 'اکیپ', 120000, 35, 60),
(18, 'عادی', 75000, 20, 60),
(23, 'ستاره', 10000, 12, 30),
(24, 'خورشید', 20000, 24, 60),
(28, 'فیروزه ای ', 0, 20, 30),
(30, 'بسته طلایی', 250000, 3000, 40),
(31, 'بسته نقره ای', 180000, 1800, 40),
(32, 'بسته برنزی', 140000, 1200, 40);

-- --------------------------------------------------------

--
-- Table structure for table `payment`
--

CREATE TABLE `payment` (
  `pa_id` int(11) NOT NULL,
  `u_id` int(11) DEFAULT NULL,
  `p_id` int(11) NOT NULL,
  `pa_price` decimal(10,0) NOT NULL DEFAULT 0,
  `pa_date` datetime NOT NULL,
  `pa_details` text NOT NULL,
  `pa_type` varchar(15) NOT NULL
) ENGINE=InnoDB DEFAULT CHARSET=utf8;

--
-- Dumping data for table `payment`
--

INSERT INTO `payment` (`pa_id`, `u_id`, `p_id`, `pa_price`, `pa_date`, `pa_details`, `pa_type`) VALUES
(35, NULL, 138, '0', '1398-06-29 00:00:00', '20 ساعت شارژ و 30 روز اعتبار', 'کارت'),
(36, NULL, 139, '-10000', '1398-06-30 00:00:00', '12 ساعت شارژ و 30 روز اعتبار', 'کارت'),
(37, NULL, 139, '5000', '1398-06-30 00:00:00', '', 'کارت'),
(38, NULL, 139, '4500', '1398-06-30 12:13:00', 'بازی، خرید', 'کارت'),
(39, NULL, 145, '0', '1398-07-02 00:00:00', '', 'کارت'),
(40, NULL, 146, '-10000', '1398-07-02 00:00:00', ' ساعت شارژ و 30 روز اعتبار', 'فاکتور سیستم'),
(41, NULL, 145, '-60000', '1398-07-02 00:00:00', ' ساعت شارژ و 60 روز اعتبار', 'فاکتور سیستم'),
(42, NULL, 147, '-50000', '1398-07-02 00:00:00', ' ساعت شارژ و 30 روز اعتبار', 'فاکتور سیستم'),
(43, NULL, 148, '-60000', '1398-07-02 00:00:00', ' ساعت شارژ و 60 روز اعتبار', 'فاکتور سیستم'),
(44, NULL, 148, '-50000', '1398-07-02 00:00:00', ' ساعت شارژ و 30 روز اعتبار', 'فاکتور سیستم'),
(46, NULL, 148, '-60000', '1398-07-02 00:00:00', '', 'کارت'),
(48, NULL, 148, '-50000', '1398-07-02 00:00:00', '', 'نقد'),
(49, NULL, 150, '-10000', '1398-07-02 00:00:00', ' ساعت شارژ و 30 روز اعتبار', 'فاکتور سیستم'),
(50, NULL, 150, '2500', '1398-07-02 18:39:00', 'بازی، خرید', 'کارت'),
(51, NULL, 150, '5000', '1398-07-02 00:00:00', '', 'کارت'),
(52, NULL, 0, '10000', '1398-07-03 10:31:00', 'خرید آزاد', 'کارت'),
(53, NULL, 0, '8000', '1398-07-03 21:44:00', 'خرید آزاد', 'کارت'),
(54, NULL, 154, '3200', '1398-07-14 17:48:00', 'بازی، خرید', 'کارت'),
(55, NULL, 155, '15000', '1398-07-15 19:47:00', 'بازی، خرید', 'نقد'),
(62, NULL, 160, '-250000', '1398-07-20 00:00:00', ' ساعت شارژ و 40 روز اعتبار', 'فاکتور سیستم'),
(72, NULL, 150, '-10000', '1398-07-23 00:00:00', ' ساعت شارژ و 30 روز اعتبار', 'فاکتور سیستم'),
(73, NULL, 146, '-10000', '1398-07-23 00:00:00', ' ساعت شارژ و 30 روز اعتبار', 'فاکتور سیستم'),
(74, NULL, 146, '-10000', '1398-07-23 00:00:00', ' ساعت شارژ و 30 روز اعتبار', 'فاکتور سیستم'),
(75, NULL, 146, '-10000', '1398-07-23 00:00:00', ' ساعت شارژ و 30 روز اعتبار', 'فاکتور سیستم'),
(76, NULL, 146, '-10000', '1398-07-23 00:00:00', ' ساعت شارژ و 30 روز اعتبار', 'فاکتور سیستم'),
(77, NULL, 146, '-10000', '1398-07-23 00:00:00', '10 ساعت شارژ و 30 روز اعتبار', 'فاکتور سیستم'),
(78, NULL, 150, '-10000', '1398-07-23 00:00:00', '10 ساعت شارژ و 30 روز اعتبار', 'فاکتور سیستم'),
(79, NULL, 150, '167700', '1398-07-24 00:03:00', 'بازی، خرید', 'کارت'),
(80, NULL, 146, '-10000', '1398-07-24 00:00:00', '20 ساعت شارژ و 30 روز اعتبار', 'فاکتور سیستم'),
(81, NULL, 169, '-10000', '1398-07-24 00:00:00', '10 ساعت شارژ و 30 روز اعتبار', 'فاکتور سیستم'),
(84, NULL, 146, '-100000', '1398-07-24 00:00:00', '200 دقیقه شارژ و 30 روز اعتبار', 'فاکتور سیستم'),
(95, NULL, 174, '7500', '1398-07-24 17:50:00', 'بازی، خرید', 'کارت'),
(99, NULL, 173, '18000', '1398-07-24 00:00:00', '', 'کارت'),
(100, NULL, 173, '-180000', '1398-07-24 00:00:00', '1800 دقیقه شارژ و 40 روز اعتبار', 'فاکتور سیستم'),
(101, NULL, 173, '16200', '1398-07-24 00:00:00', 'خرید بن', 'کارت'),
(102, NULL, 173, '145800', '1398-07-24 00:00:00', '', 'کارت'),
(103, NULL, 174, '25101', '1398-07-24 20:22:00', 'بازی، خرید', 'کارت'),
(104, NULL, 172, '41601', '1398-07-24 20:22:00', 'بازی، خرید', 'کارت'),
(105, NULL, 160, '28600', '1398-07-24 20:23:00', 'بازی، خرید', 'کارت'),
(106, NULL, 174, '3300', '1398-07-30 00:00:00', '', 'کارت'),
(107, NULL, 174, '-14000', '1398-07-30 00:00:00', '1200 دقیقه شارژ و 40 روز اعتبار', 'فاکتور سیستم'),
(108, NULL, 159, '174000', '1398-08-01 13:05:00', 'بازی، خرید', 'کارت'),
(109, NULL, 204, '75000', '1398-08-03 14:56:00', 'بازی، خرید', 'کارت'),
(110, NULL, 243, '75000', '1398-08-04 00:00:00', '', 'کارت'),
(111, NULL, 244, '75000', '1398-08-04 00:00:00', '', 'کارت'),
(112, NULL, 247, '75000', '1398-08-04 00:00:00', '', 'کارت'),
(113, NULL, 248, '75000', '1398-08-04 00:00:00', '', 'کارت'),
(114, NULL, 249, '75000', '1398-08-04 00:00:00', '', 'کارت'),
(115, NULL, 252, '95000', '1398-08-04 00:00:00', '', 'کارت'),
(116, NULL, 253, '75000', '1398-08-04 00:00:00', '', 'کارت'),
(117, NULL, 255, '140000', '1398-08-04 00:00:00', '', 'کارت'),
(118, NULL, 255, '75000', '1398-08-04 00:00:00', '', 'کارت'),
(119, NULL, 267, '75000', '1398-08-04 00:00:00', '', 'کارت'),
(120, NULL, 268, '65000', '1398-08-04 00:00:00', '', 'کارت'),
(121, NULL, 290, '75000', '1398-08-04 00:00:00', '', 'کارت'),
(122, NULL, 291, '75000', '1398-08-04 00:00:00', '', 'کارت'),
(123, NULL, 295, '75000', '1398-08-04 00:00:00', '', 'کارت'),
(124, NULL, 296, '75000', '1398-08-04 00:00:00', '', 'کارت'),
(125, NULL, 297, '75000', '1398-08-04 00:00:00', '', 'کارت'),
(126, NULL, 298, '75000', '1398-08-04 00:00:00', '', 'کارت'),
(127, NULL, 299, '75000', '1398-08-04 00:00:00', '', 'کارت'),
(128, NULL, 303, '75000', '1398-08-04 00:00:00', '', 'کارت'),
(129, NULL, 304, '75000', '1398-08-04 00:00:00', '', 'کارت'),
(130, NULL, 305, '75000', '1398-08-04 00:00:00', '', 'کارت'),
(131, NULL, 315, '75000', '1398-08-04 00:00:00', '', 'کارت'),
(132, NULL, 320, '75000', '1398-08-04 00:00:00', '', 'کارت'),
(133, NULL, 321, '65000', '1398-08-04 00:00:00', '', 'کارت'),
(134, NULL, 322, '75000', '1398-08-04 00:00:00', '', 'کارت'),
(135, NULL, 344, '95000', '1398-08-06 12:28:00', 'بازی، خرید', 'کارت'),
(136, NULL, 345, '108000', '1398-08-06 12:29:00', 'بازی، خرید', 'کارت'),
(137, NULL, 392, '75000', '1398-08-06 13:06:00', 'بازی، خرید', 'کارت'),
(138, NULL, 230, '85000', '1398-08-06 14:19:00', 'بازی، خرید', 'کارت'),
(139, NULL, 418, '120000', '1398-08-06 15:13:00', 'بازی، خرید', 'کارت'),
(140, NULL, 449, '75000', '1398-08-06 00:00:00', '', 'کارت'),
(141, NULL, 345, '108000', '1398-08-06 00:00:00', '', 'کارت'),
(142, NULL, 455, '120000', '1398-08-06 00:00:00', 'بازی', 'کارت'),
(143, NULL, 433, '95000', '1398-08-06 16:28:00', 'بازی، خرید', 'کارت'),
(144, NULL, 475, '75000', '1398-08-06 17:16:00', 'بازی، خرید', 'کارت'),
(145, NULL, 456, '120000', '1398-08-06 17:40:00', 'بازی، خرید', 'کارت'),
(146, NULL, 467, '95000', '1398-08-06 17:55:00', 'بازی، خرید', 'کارت'),
(147, NULL, 279, '95000', '1398-08-06 18:59:00', 'بازی، خرید', 'کارت'),
(148, NULL, 499, '75000', '1398-08-06 19:20:00', 'بازی، خرید', 'کارت'),
(149, NULL, 483, '95000', '1398-08-06 19:28:00', 'بازی، خرید', 'کارت'),
(150, NULL, 478, '160000', '1398-08-06 19:37:00', 'بازی، خرید', 'کارت'),
(151, NULL, 483, '175000', '1398-08-06 00:00:00', 'بازیvip', 'کارت'),
(152, NULL, 518, '85000', '1398-08-06 20:00:00', 'بازی، خرید', 'کارت'),
(153, NULL, 453, '120000', '1398-08-06 20:02:00', 'بازی، خرید', 'کارت'),
(154, NULL, 520, '75000', '1398-08-06 20:24:00', 'بازی، خرید', 'کارت'),
(155, NULL, 504, '120000', '1398-08-06 20:29:00', 'بازی، خرید', 'کارت'),
(156, NULL, 337, '75000', '1398-08-06 20:31:00', 'بازی، خرید', 'کارت'),
(157, NULL, 514, '95000', '1398-08-06 20:31:00', 'بازی، خرید', 'کارت'),
(158, NULL, 510, '120000', '1398-08-06 20:36:00', 'بازی، خرید', 'کارت'),
(159, NULL, 519, '120000', '1398-08-06 21:03:00', 'بازی، خرید', 'کارت'),
(160, NULL, 523, '85000', '1398-08-06 21:06:00', 'بازی، خرید', 'کارت'),
(161, NULL, 521, '170000', '1398-08-06 21:20:00', 'بازی، خرید', 'کارت'),
(162, NULL, 522, '95000', '1398-08-06 21:33:00', 'بازی، خرید', 'کارت'),
(163, NULL, 418, '75000', '1398-08-07 16:57:00', 'بازی، خرید', 'کارت'),
(164, NULL, 524, '75000', '1398-08-07 17:05:00', 'بازی، خرید', 'کارت'),
(165, NULL, 525, '95000', '1398-08-07 17:21:00', 'بازی، خرید', 'کارت'),
(166, NULL, 257, '95000', '1398-08-07 17:27:00', 'بازی، خرید', 'کارت'),
(167, NULL, 258, '95000', '1398-08-07 17:27:00', 'بازی، خرید', 'کارت'),
(168, NULL, 258, '85500', '1398-08-07 17:27:00', 'بازی، خرید', 'کارت'),
(169, NULL, 526, '75000', '1398-08-07 17:29:00', 'بازی، خرید', 'کارت'),
(170, NULL, 238, '85000', '1398-08-07 17:34:00', 'بازی، خرید', 'کارت'),
(171, NULL, 530, '75000', '1398-08-07 17:55:00', 'بازی، خرید', 'کارت'),
(172, NULL, 531, '75000', '1398-08-07 17:55:00', 'بازی، خرید', 'کارت'),
(173, NULL, 527, '95000', '1398-08-07 17:58:00', 'بازی، خرید', 'کارت'),
(174, NULL, 529, '75000', '1398-08-07 18:04:00', 'بازی، خرید', 'کارت'),
(175, NULL, 533, '75000', '1398-08-07 18:06:00', 'بازی، خرید', 'کارت'),
(176, NULL, 537, '75000', '1398-08-07 18:14:00', 'بازی، خرید', 'کارت'),
(177, NULL, 538, '67500', '1398-08-07 18:14:00', 'بازی، خرید', 'کارت'),
(178, NULL, 194, '75000', '1398-08-07 18:15:00', 'بازی، خرید', 'کارت'),
(179, NULL, 534, '75000', '1398-08-07 18:17:00', 'بازی، خرید', 'کارت'),
(180, NULL, 535, '95000', '1398-08-07 18:45:00', 'بازی، خرید', 'کارت'),
(181, NULL, 536, '95000', '1398-08-07 18:49:00', 'بازی، خرید', 'کارت'),
(182, NULL, 344, '95000', '1398-08-07 18:50:00', 'بازی، خرید', 'کارت'),
(183, NULL, 542, '75000', '1398-08-07 18:54:00', 'بازی، خرید', 'کارت'),
(184, NULL, 544, '75000', '1398-08-07 18:55:00', 'بازی، خرید', 'کارت'),
(185, NULL, 528, '120000', '1398-08-07 19:01:00', 'بازی، خرید', 'کارت'),
(186, NULL, 541, '75000', '1398-08-07 19:03:00', 'بازی، خرید', 'کارت'),
(187, NULL, 539, '105000', '1398-08-07 19:05:00', 'بازی، خرید', 'کارت'),
(188, NULL, 532, '120000', '1398-08-07 19:06:00', 'بازی، خرید', 'کارت'),
(189, NULL, 560, '75000', '1398-08-07 00:00:00', 'بازی', 'کارت'),
(190, NULL, 545, '95000', '1398-08-07 19:15:00', 'بازی، خرید', 'کارت'),
(191, NULL, 543, '95000', '1398-08-07 19:21:00', 'بازی، خرید', 'کارت'),
(192, NULL, 548, '75000', '1398-08-07 19:25:00', 'بازی، خرید', 'کارت'),
(193, NULL, 424, '85500', '1398-08-07 19:26:00', 'بازی، خرید', 'کارت'),
(194, NULL, 552, '75000', '1398-08-07 19:30:00', 'بازی، خرید', 'کارت'),
(195, NULL, 550, '75000', '1398-08-07 19:32:00', 'بازی، خرید', 'کارت'),
(196, NULL, 551, '75000', '1398-08-07 19:32:00', 'بازی، خرید', 'کارت'),
(197, NULL, 547, '95000', '1398-08-07 19:38:00', 'بازی، خرید', 'کارت'),
(198, NULL, 187, '95000', '1398-08-07 19:41:00', 'بازی، خرید', 'کارت'),
(199, NULL, 553, '85000', '1398-08-07 19:45:00', 'بازی، خرید', 'کارت'),
(200, NULL, 554, '75000', '1398-08-07 19:45:00', 'بازی، خرید', 'کارت'),
(201, NULL, 540, '75000', '1398-08-07 19:48:00', 'بازی، خرید', 'کارت'),
(202, NULL, 557, '75000', '1398-08-07 19:49:00', 'بازی، خرید', 'کارت'),
(203, NULL, 555, '95000', '1398-08-07 20:02:00', 'بازی، خرید', 'کارت'),
(204, NULL, 430, '95000', '1398-08-07 20:03:00', 'بازی، خرید', 'کارت'),
(205, NULL, 559, '75000', '1398-08-07 20:15:00', 'بازی، خرید', 'کارت'),
(206, NULL, 549, '120000', '1398-08-07 20:21:00', 'بازی، خرید', 'کارت'),
(207, NULL, 561, '75000', '1398-08-07 20:23:00', 'بازی، خرید', 'کارت'),
(208, NULL, 266, '75000', '1398-08-07 20:30:00', 'بازی، خرید', 'کارت'),
(209, NULL, 558, '95000', '1398-08-07 20:32:00', 'بازی، خرید', 'کارت'),
(210, NULL, 564, '75000', '1398-08-07 20:37:00', 'بازی، خرید', 'کارت'),
(211, NULL, 569, '75000', '1398-08-07 20:44:00', 'بازی، خرید', 'کارت'),
(212, NULL, 562, '75000', '1398-08-07 20:47:00', 'بازی، خرید', 'کارت'),
(213, NULL, 556, '120000', '1398-08-07 20:53:00', 'بازی، خرید', 'کارت'),
(214, NULL, 565, '75000', '1398-08-07 21:06:00', 'بازی، خرید', 'کارت'),
(215, NULL, 311, '135000', '1398-08-07 21:09:00', 'بازی، خرید', 'کارت'),
(216, NULL, 568, '85000', '1398-08-07 21:15:00', 'بازی، خرید', 'کارت'),
(217, NULL, 570, '75000', '1398-08-07 21:19:00', 'بازی، خرید', 'کارت'),
(218, NULL, 567, '105000', '1398-08-07 21:21:00', 'بازی، خرید', 'کارت'),
(219, NULL, 566, '95000', '1398-08-07 21:24:00', 'بازی، خرید', 'کارت'),
(220, NULL, 571, '75000', '1398-08-07 21:31:00', 'بازی، خرید', 'کارت'),
(221, NULL, 578, '75000', '1398-08-08 12:30:00', 'بازی، خرید', 'کارت'),
(222, NULL, 573, '75000', '1398-08-08 12:34:00', 'بازی، خرید', 'کارت'),
(223, NULL, 574, '75000', '1398-08-08 12:38:00', 'بازی، خرید', 'کارت'),
(224, NULL, 575, '75000', '1398-08-08 12:38:00', 'بازی، خرید', 'کارت'),
(225, NULL, 572, '95000', '1398-08-08 12:50:00', 'بازی، خرید', 'کارت'),
(226, NULL, 579, '75000', '1398-08-08 13:05:00', 'بازی، خرید', 'کارت'),
(227, NULL, 577, '95000', '1398-08-08 13:15:00', 'بازی، خرید', 'کارت'),
(228, NULL, 582, '85000', '1398-08-08 14:05:00', 'بازی، خرید', 'کارت'),
(229, NULL, 580, '220000', '1398-08-08 15:03:00', 'بازی، خرید', 'کارت'),
(230, NULL, 581, '220000', '1398-08-08 15:03:00', 'بازی، خرید', 'کارت'),
(231, NULL, 583, '95000', '1398-08-08 15:11:00', 'بازی، خرید', 'کارت'),
(232, NULL, 331, '75000', '1398-08-08 15:53:00', 'بازی، خرید', 'کارت'),
(233, NULL, 584, '67500', '1398-08-08 15:54:00', 'بازی، خرید', 'کارت'),
(234, NULL, 585, '65000', '1398-08-08 15:54:00', 'بازی، خرید', 'کارت'),
(235, NULL, 151, '1500', '1398-08-08 15:59:00', 'بازی، خرید', 'کارت'),
(236, NULL, 524, '75000', '1398-08-08 17:58:00', 'بازی، خرید', 'کارت'),
(237, NULL, 589, '95000', '1398-08-08 18:46:00', 'بازی، خرید', 'کارت'),
(238, NULL, 590, '85500', '1398-08-08 18:46:00', 'بازی، خرید', 'کارت'),
(239, NULL, 588, '95000', '1398-08-08 18:46:00', 'بازی، خرید', 'کارت'),
(240, NULL, 593, '75000', '1398-08-08 18:55:00', 'بازی، خرید', 'کارت'),
(241, NULL, 586, '120000', '1398-08-08 18:58:00', 'بازی، خرید', 'کارت'),
(242, NULL, 586, '120000', '1398-08-08 19:05:00', 'بازی، خرید', 'کارت'),
(243, NULL, 413, '120000', '1398-08-08 19:17:00', 'بازی، خرید', 'کارت'),
(244, NULL, 605, '75000', '1398-08-08 19:18:00', 'بازی، خرید', 'کارت'),
(245, NULL, 160, '-140000', '1398-08-08 00:00:00', '1200 دقیقه شارژ و 40 روز اعتبار', 'فاکتور سیستم'),
(246, NULL, 160, '393000', '1398-08-08 00:00:00', '', 'کارت'),
(247, NULL, 627, '85000', '1398-08-08 20:20:00', 'بازی، خرید', 'کارت'),
(248, NULL, 629, '95000', '1398-08-08 20:40:00', 'بازی، خرید', 'کارت'),
(249, NULL, 628, '95000', '1398-08-08 20:51:00', 'بازی، خرید', 'کارت'),
(250, NULL, 386, '75000', '1398-08-08 20:55:00', 'بازی، خرید', 'کارت'),
(251, NULL, 2517, '0', '1398-08-09 11:38:00', 'بازی، خرید', 'کارت'),
(252, NULL, 678, '27601', '1398-08-09 11:40:00', 'بازی، خرید', 'کارت'),
(253, NULL, 1869, '12000', '1398-08-09 12:22:00', 'بازی، خرید', 'کارت'),
(254, NULL, 1284, '19000', '1398-08-09 12:25:00', 'بازی، خرید', 'کارت'),
(255, NULL, 2515, '95000', '1398-08-09 12:31:00', 'بازی، خرید', 'کارت'),
(256, NULL, 2516, '82000', '1398-08-09 12:31:00', 'بازی، خرید', 'کارت'),
(257, NULL, 2518, '75000', '1398-08-09 12:33:00', 'بازی، خرید', 'کارت'),
(258, NULL, 2519, '75000', '1398-08-09 12:59:00', 'بازی، خرید', 'کارت'),
(259, NULL, 2520, '75000', '1398-08-09 13:41:00', 'بازی، خرید', 'کارت'),
(260, NULL, 2524, '105000', '1398-08-09 13:52:00', 'بازی، خرید', 'کارت'),
(261, NULL, 2523, '95000', '1398-08-09 13:52:00', 'بازی، خرید', 'کارت'),
(262, NULL, 2522, '95000', '1398-08-09 13:53:00', 'بازی، خرید', 'کارت'),
(263, NULL, 2527, '75000', '1398-08-09 13:53:00', 'بازی، خرید', 'کارت'),
(264, NULL, 2521, '95000', '1398-08-09 14:04:00', 'بازی، خرید', 'کارت'),
(265, NULL, 2530, '75000', '1398-08-09 14:15:00', 'بازی، خرید', 'کارت'),
(266, NULL, 2528, '105000', '1398-08-09 14:15:00', 'بازی، خرید', 'کارت'),
(267, NULL, 2531, '75000', '1398-08-09 15:07:00', 'بازی، خرید', 'کارت'),
(268, NULL, 2529, '120000', '1398-08-09 15:10:00', 'بازی، خرید', 'کارت'),
(269, NULL, 2526, '120000', '1398-08-09 15:39:00', 'بازی، خرید', 'کارت'),
(270, NULL, 2525, '220000', '1398-08-09 15:42:00', 'بازی، خرید', 'کارت'),
(271, NULL, 274, '120000', '1398-08-09 17:05:00', 'بازی، خرید', 'کارت'),
(272, NULL, 2141, '10000', '1398-08-09 17:51:00', 'بازی، خرید', 'کارت'),
(273, NULL, 2532, '120000', '1398-08-09 18:17:00', 'بازی، خرید', 'کارت'),
(274, NULL, 2534, '75000', '1398-08-09 18:22:00', 'بازی، خرید', 'کارت'),
(275, NULL, 2535, '75000', '1398-08-09 18:26:00', 'بازی، خرید', 'کارت'),
(276, NULL, 486, '75000', '1398-08-09 18:33:00', 'بازی، خرید', 'کارت'),
(277, NULL, 2159, '8000', '1398-08-09 18:36:00', 'بازی، خرید', 'کارت'),
(278, NULL, 516, '125000', '1398-08-09 00:00:00', 'بازیvip', 'کارت'),
(279, NULL, 227, '120000', '1398-08-09 18:38:00', 'بازی، خرید', 'کارت'),
(280, NULL, 2536, '75000', '1398-08-09 18:41:00', 'بازی، خرید', 'کارت'),
(281, NULL, 2537, '75000', '1398-08-09 19:33:00', 'بازی، خرید', 'کارت'),
(282, NULL, 826, '23000', '1398-08-09 19:35:00', 'بازی، خرید', 'کارت'),
(284, NULL, 2539, '10601', '1398-08-09 19:54:00', 'بازی، خرید', 'کارت'),
(285, NULL, 2541, '75000', '1398-08-09 20:03:00', 'بازی، خرید', 'کارت'),
(287, NULL, 2542, '10500', '1398-08-09 20:12:00', 'بازی، خرید', 'کارت'),
(288, NULL, 1140, '22101', '1398-08-09 20:17:00', 'بازی، خرید', 'کارت'),
(289, NULL, 717, '25601', '1398-08-09 20:24:00', 'بازی، خرید', 'کارت'),
(290, NULL, 800, '66500', '1398-08-09 20:27:00', 'بازی، خرید', 'کارت'),
(291, NULL, 2538, '120000', '1398-08-09 20:29:00', 'بازی، خرید', 'کارت'),
(292, NULL, 2544, '95000', '1398-08-09 20:36:00', 'بازی، خرید', 'کارت'),
(293, NULL, 2545, '75000', '1398-08-09 20:38:00', 'بازی، خرید', 'کارت'),
(294, NULL, 2546, '75000', '1398-08-09 20:41:00', 'بازی، خرید', 'کارت'),
(295, NULL, 230, '75000', '1398-08-09 20:43:00', 'بازی، خرید', 'کارت'),
(296, NULL, 2540, '120000', '1398-08-09 20:57:00', 'بازی، خرید', 'کارت'),
(297, NULL, 241, '75000', '1398-08-09 20:57:00', 'بازی، خرید', 'کارت'),
(298, NULL, 2543, '120000', '1398-08-09 21:06:00', 'بازی، خرید', 'کارت'),
(299, NULL, 535, '120000', '1398-08-09 21:10:00', 'بازی، خرید', 'کارت'),
(300, NULL, 2548, '95000', '1398-08-09 21:15:00', 'بازی، خرید', 'کارت'),
(301, NULL, 2549, '95000', '1398-08-09 21:33:00', 'بازی، خرید', 'کارت'),
(302, NULL, 2547, '105000', '1398-08-09 21:34:00', 'بازی، خرید', 'کارت'),
(303, NULL, 2550, '85000', '1398-08-09 21:35:00', 'بازی، خرید', 'کارت'),
(304, NULL, 389, '75000', '1398-08-09 21:36:00', 'بازی، خرید', 'کارت'),
(305, NULL, 2552, '75000', '1398-08-10 12:20:00', 'بازی، خرید', 'کارت'),
(306, NULL, 2558, '75000', '1398-08-10 12:31:00', 'بازی، خرید', 'کارت'),
(307, NULL, 2554, '75000', '1398-08-10 12:38:00', 'بازی، خرید', 'کارت'),
(308, NULL, 2555, '67500', '1398-08-10 12:38:00', 'بازی، خرید', 'کارت'),
(309, NULL, 2551, '75000', '1398-08-10 12:53:00', 'بازی، خرید', 'کارت'),
(310, NULL, 2556, '95000', '1398-08-10 12:54:00', 'بازی، خرید', 'کارت'),
(311, NULL, 2553, '75000', '1398-08-10 13:04:00', 'بازی، خرید', 'کارت'),
(312, NULL, 2557, '75000', '1398-08-10 13:04:00', 'بازی، خرید', 'کارت'),
(313, NULL, 2559, '75000', '1398-08-10 13:17:00', 'بازی، خرید', 'کارت'),
(314, NULL, 205, '95000', '1398-08-10 13:36:00', 'بازی، خرید', 'کارت'),
(315, NULL, 2569, '75000', '1398-08-10 13:39:00', 'بازی، خرید', 'کارت'),
(316, NULL, 199, '75000', '1398-08-10 13:43:00', 'بازی، خرید', 'کارت'),
(317, NULL, 2562, '95000', '1398-08-10 13:45:00', 'بازی، خرید', 'کارت'),
(318, NULL, 2565, '85000', '1398-08-10 13:47:00', 'بازی، خرید', 'کارت'),
(319, NULL, 2566, '75000', '1398-08-10 13:57:00', 'بازی، خرید', 'کارت'),
(320, NULL, 2567, '67500', '1398-08-10 13:57:00', 'بازی، خرید', 'کارت'),
(321, NULL, 450, '75000', '1398-08-10 14:03:00', 'بازی، خرید', 'کارت'),
(322, NULL, 2568, '75000', '1398-08-10 14:09:00', 'بازی، خرید', 'کارت'),
(323, NULL, 2570, '75000', '1398-08-10 14:10:00', 'بازی، خرید', 'کارت'),
(324, NULL, 2571, '75000', '1398-08-10 14:24:00', 'بازی، خرید', 'کارت'),
(325, NULL, 2572, '75000', '1398-08-10 14:38:00', 'بازی، خرید', 'کارت'),
(326, NULL, 2573, '67500', '1398-08-10 14:38:00', 'بازی، خرید', 'کارت'),
(327, NULL, 2563, '130000', '1398-08-10 14:41:00', 'بازی، خرید', 'کارت'),
(328, NULL, 2564, '108000', '1398-08-10 14:41:00', 'بازی، خرید', 'کارت'),
(329, NULL, 2574, '75000', '1398-08-10 14:51:00', 'بازی، خرید', 'کارت'),
(330, NULL, 2529, '120000', '1398-08-10 15:04:00', 'بازی، خرید', 'کارت'),
(331, NULL, 2577, '75000', '1398-08-10 16:47:00', 'بازی، خرید', 'کارت'),
(332, NULL, 2578, '75000', '1398-08-10 17:01:00', 'بازی، خرید', 'کارت'),
(333, NULL, 749, '22300', '1398-08-10 17:26:00', 'بازی، خرید', 'کارت'),
(334, NULL, 2585, '9500', '1398-08-10 17:34:00', 'بازی، خرید', 'نقد'),
(335, NULL, 2582, '75000', '1398-08-10 18:09:00', 'بازی، خرید', 'کارت'),
(336, NULL, 2580, '30101', '1398-08-10 18:10:00', 'بازی، خرید', 'کارت'),
(337, NULL, 2583, '75000', '1398-08-10 18:10:00', 'بازی، خرید', 'کارت'),
(338, NULL, 1125, '56601', '1398-08-10 18:14:00', 'بازی، خرید', 'کارت'),
(339, NULL, 2581, '95000', '1398-08-10 18:34:00', 'بازی، خرید', 'کارت'),
(340, NULL, 2532, '95000', '1398-08-10 18:34:00', 'بازی، خرید', 'کارت'),
(341, NULL, 2584, '95000', '1398-08-10 18:38:00', 'بازی، خرید', 'کارت'),
(342, NULL, 523, '75000', '1398-08-10 18:56:00', 'بازی، خرید', 'کارت'),
(343, NULL, 2588, '75000', '1398-08-10 18:57:00', 'بازی، خرید', 'کارت'),
(345, NULL, 2592, '75000', '1398-08-10 19:15:00', 'بازی، خرید', 'کارت'),
(346, NULL, 2576, '180000', '1398-08-10 19:18:00', 'بازی، خرید', 'کارت'),
(347, NULL, 2575, '180000', '1398-08-10 19:18:00', 'بازی، خرید', 'کارت'),
(348, NULL, 2579, '150000', '1398-08-10 19:19:00', 'بازی، خرید', 'کارت'),
(349, NULL, 228, '85000', '1398-08-10 19:23:00', 'بازی، خرید', 'کارت'),
(350, NULL, 2587, '51000', '1398-08-10 19:23:00', 'بازی، خرید', 'کارت'),
(351, NULL, 2594, '75000', '1398-08-10 19:30:00', 'بازی، خرید', 'کارت'),
(353, NULL, 2591, '95000', '1398-08-10 19:48:00', 'بازی، خرید', 'کارت'),
(354, NULL, 200, '95000', '1398-08-10 19:49:00', 'بازی، خرید', 'کارت'),
(355, NULL, 2589, '95000', '1398-08-10 00:00:00', 'بازی', 'کارت'),
(356, NULL, 2605, '95000', '1398-08-10 00:00:00', 'بازی', 'کارت'),
(357, NULL, 2606, '85000', '1398-08-10 00:00:00', 'بازی', 'کارت'),
(358, NULL, 502, '75000', '1398-08-10 20:00:00', 'بازی، خرید', 'کارت'),
(359, NULL, 852, '-140000', '1398-08-10 00:00:00', '1200 دقیقه شارژ و 40 روز اعتبار', 'فاکتور سیستم'),
(360, NULL, 852, '140000', '1398-08-10 00:00:00', 'بن', 'کارت'),
(361, NULL, 2380, '-250000', '1398-08-10 00:00:00', '3000 دقیقه شارژ و 40 روز اعتبار', 'فاکتور سیستم'),
(362, NULL, 2595, '95000', '1398-08-10 20:22:00', 'بازی، خرید', 'کارت'),
(363, NULL, 533, '75000', '1398-08-10 20:27:00', 'بازی، خرید', 'کارت'),
(364, NULL, 2600, '75000', '1398-08-10 20:43:00', 'بازی، خرید', 'کارت'),
(365, NULL, 2603, '75000', '1398-08-10 20:46:00', 'بازی، خرید', 'کارت'),
(366, NULL, 2602, '75000', '1398-08-10 20:52:00', 'بازی، خرید', 'کارت'),
(367, NULL, 2601, '75000', '1398-08-10 21:00:00', 'بازی، خرید', 'کارت'),
(368, NULL, 427, '95000', '1398-08-10 21:11:00', 'بازی، خرید', 'کارت'),
(369, NULL, 2597, '95000', '1398-08-10 21:14:00', 'بازی، خرید', 'کارت'),
(370, NULL, 2598, '85500', '1398-08-10 21:14:00', 'بازی، خرید', 'کارت'),
(371, NULL, 2596, '95000', '1398-08-10 21:15:00', 'بازی، خرید', 'کارت'),
(372, NULL, 522, '120000', '1398-08-10 21:15:00', 'بازی، خرید', 'کارت'),
(373, NULL, 2609, '75000', '1398-08-10 21:23:00', 'بازی، خرید', 'کارت'),
(374, NULL, 2608, '75000', '1398-08-10 21:23:00', 'بازی، خرید', 'کارت'),
(375, NULL, 2610, '75000', '1398-08-10 21:33:00', 'بازی، خرید', 'کارت'),
(376, NULL, 2607, '95000', '1398-08-10 00:00:00', 'بازی', 'کارت'),
(377, NULL, 323, '75000', '1398-08-11 12:08:00', 'بازی، خرید', 'کارت'),
(378, NULL, 2612, '85000', '1398-08-11 13:10:00', 'بازی، خرید', 'کارت'),
(379, NULL, 2613, '95000', '1398-08-11 14:03:00', 'بازی، خرید', 'کارت'),
(380, NULL, 2611, '160000', '1398-08-11 14:05:00', 'بازی، خرید', 'کارت'),
(381, NULL, 2616, '75000', '1398-08-11 14:44:00', 'بازی، خرید', 'کارت'),
(382, NULL, 456, '75000', '1398-08-11 16:29:00', 'بازی، خرید', 'کارت'),
(383, NULL, 2614, '150000', '1398-08-11 16:30:00', 'بازی، خرید', 'کارت'),
(384, NULL, 2617, '75000', '1398-08-11 16:55:00', 'بازی، خرید', 'کارت'),
(385, NULL, 2618, '75000', '1398-08-11 17:27:00', 'بازی، خرید', 'کارت'),
(386, NULL, 2529, '120000', '1398-08-11 18:00:00', 'بازی، خرید', 'کارت'),
(387, NULL, 2623, '75000', '1398-08-11 19:02:00', 'بازی، خرید', 'کارت'),
(388, NULL, 2624, '75000', '1398-08-11 19:02:00', 'بازی، خرید', 'کارت'),
(389, NULL, 2626, '75000', '1398-08-11 19:09:00', 'بازی، خرید', 'کارت'),
(390, NULL, 2625, '105000', '1398-08-11 19:35:00', 'بازی، خرید', 'کارت'),
(391, NULL, 2621, '180000', '1398-08-11 19:47:00', 'بازی، خرید', 'کارت'),
(392, NULL, 2622, '130000', '1398-08-11 19:50:00', 'بازی، خرید', 'کارت'),
(393, NULL, 2620, '120000', '1398-08-11 19:51:00', 'بازی، خرید', 'کارت'),
(394, NULL, 2628, '75000', '1398-08-11 19:51:00', 'بازی، خرید', 'کارت'),
(395, NULL, 2619, '150000', '1398-08-11 19:54:00', 'بازی، خرید', 'کارت'),
(396, NULL, 2627, '105000', '1398-08-11 20:05:00', 'بازی، خرید', 'کارت'),
(397, NULL, 2633, '75000', '1398-08-11 20:17:00', 'بازی، خرید', 'کارت'),
(398, NULL, 2632, '75000', '1398-08-11 20:18:00', 'بازی، خرید', 'کارت'),
(399, NULL, 2634, '75000', '1398-08-11 20:19:00', 'بازی، خرید', 'کارت'),
(400, NULL, 2629, '75000', '1398-08-11 20:19:00', 'بازی، خرید', 'کارت'),
(401, NULL, 2630, '75000', '1398-08-11 20:20:00', 'بازی، خرید', 'کارت'),
(402, NULL, 2637, '67500', '1398-08-11 20:58:00', 'بازی، خرید', 'کارت'),
(403, NULL, 2636, '75000', '1398-08-11 20:58:00', 'بازی، خرید', 'کارت'),
(404, NULL, 2635, '95000', '1398-08-11 21:30:00', 'بازی، خرید', 'کارت'),
(405, NULL, 2638, '95000', '1398-08-11 21:40:00', 'بازی، خرید', 'کارت'),
(406, NULL, 2639, '75000', '1398-08-12 12:02:00', 'بازی، خرید', 'کارت'),
(407, NULL, 2641, '75000', '1398-08-12 12:35:00', 'بازی، خرید', 'کارت'),
(408, NULL, 2642, '75000', '1398-08-12 12:35:00', 'بازی، خرید', 'کارت'),
(409, NULL, 2645, '75000', '1398-08-12 12:56:00', 'بازی، خرید', 'کارت'),
(410, NULL, 2646, '95000', '1398-08-12 13:35:00', 'بازی، خرید', 'کارت'),
(411, NULL, 2648, '75000', '1398-08-12 13:55:00', 'بازی، خرید', 'کارت'),
(412, NULL, 2648, '75000', '1398-08-12 13:56:00', 'بازی، خرید', 'کارت'),
(413, NULL, 2644, '95000', '1398-08-12 13:58:00', 'بازی، خرید', 'کارت'),
(414, NULL, 2649, '75000', '1398-08-12 14:21:00', 'بازی، خرید', 'کارت'),
(415, NULL, 2650, '75000', '1398-08-12 14:23:00', 'بازی، خرید', 'کارت'),
(416, NULL, 2650, '75000', '1398-08-12 14:23:00', 'بازی، خرید', 'کارت'),
(417, NULL, 2647, '95000', '1398-08-12 15:11:00', 'بازی، خرید', 'کارت'),
(418, NULL, 2655, '95000', '1398-08-12 16:27:00', 'بازی، خرید', 'کارت'),
(419, NULL, 2654, '95000', '1398-08-12 16:28:00', 'بازی، خرید', 'کارت'),
(420, NULL, 2656, '95000', '1398-08-12 16:28:00', 'بازی، خرید', 'کارت'),
(421, NULL, 481, '150000', '1398-08-12 00:00:00', 'بازی', 'کارت'),
(422, NULL, 2653, '95000', '1398-08-12 16:31:00', 'بازی، خرید', 'کارت'),
(423, NULL, 2657, '120000', '1398-08-12 16:52:00', 'بازی، خرید', 'کارت'),
(424, NULL, 2651, '180000', '1398-08-12 17:16:00', 'بازی، خرید', 'کارت'),
(425, NULL, 639, '150000', '1398-08-12 18:26:00', 'بازی، خرید', 'کارت'),
(426, NULL, 2660, '120000', '1398-08-12 18:52:00', 'بازی، خرید', 'کارت'),
(427, NULL, 274, '95000', '1398-08-12 18:56:00', 'بازی، خرید', 'کارت'),
(428, NULL, 2545, '220000', '1398-08-12 19:00:00', 'بازی، خرید', 'کارت'),
(429, NULL, 500, '95000', '1398-08-12 19:08:00', 'بازی، خرید', 'کارت'),
(430, NULL, 2661, '120000', '1398-08-12 19:09:00', 'بازی، خرید', 'کارت'),
(431, NULL, 2662, '95000', '1398-08-12 19:20:00', 'بازی، خرید', 'کارت'),
(432, NULL, 628, '75000', '1398-08-12 19:43:00', 'بازی، خرید', 'کارت'),
(433, NULL, 377, '95000', '1398-08-12 19:54:00', 'بازی، خرید', 'کارت'),
(434, NULL, 376, '85500', '1398-08-12 19:55:00', 'بازی، خرید', 'کارت'),
(435, NULL, 2663, '75000', '1398-08-12 19:55:00', 'بازی، خرید', 'کارت'),
(436, NULL, 2658, '160000', '1398-08-12 19:57:00', 'بازی، خرید', 'کارت'),
(437, NULL, 225, '150000', '1398-08-12 19:58:00', 'بازی، خرید', 'کارت'),
(438, NULL, 2659, '180000', '1398-08-12 20:18:00', 'بازی، خرید', 'کارت'),
(439, NULL, 2666, '75000', '1398-08-12 20:21:00', 'بازی، خرید', 'کارت'),
(440, NULL, 521, '75000', '1398-08-12 21:18:00', 'بازی، خرید', 'کارت'),
(441, NULL, 521, '50000', '1398-08-12 00:00:00', 'vip', 'کارت'),
(442, NULL, 2664, '95000', '1398-08-12 21:22:00', 'بازی، خرید', 'کارت'),
(443, NULL, 2665, '75000', '1398-08-12 21:29:00', 'بازی، خرید', 'کارت'),
(444, NULL, 689, '7601', '1398-08-13 10:14:00', 'بازی، خرید', 'کارت'),
(445, NULL, 2667, '7000', '1398-08-13 12:55:00', 'بازی، خرید', 'کارت'),
(446, NULL, 651, '31500', '1398-08-13 13:37:00', 'بازی، خرید', 'کارت'),
(447, NULL, 2416, '2000', '1398-08-13 13:52:00', 'بازی، خرید', 'کارت'),
(448, NULL, 151, '80000', '1398-08-13 00:00:00', 'مهدکودک', 'کارت'),
(449, NULL, 376, '75000', '1398-08-14 00:00:00', 'بازی', 'کارت'),
(450, NULL, 230, '75000', '1398-08-14 00:00:00', 'بازی', 'کارت'),
(451, NULL, 2611, '120000', '1398-08-14 00:00:00', 'بازی', 'کارت'),
(452, NULL, 2668, '0', '1398-08-14 00:00:00', '', 'کارت'),
(453, NULL, 2672, '125000', '1398-08-14 00:00:00', 'بازیvip', 'کارت'),
(454, NULL, 2674, '75000', '1398-08-14 00:00:00', 'بازی', 'کارت'),
(455, NULL, 2710, '75000', '1398-08-14 00:00:00', 'بازی', 'کارت'),
(456, NULL, 2675, '75000', '1398-08-14 00:00:00', 'بازی', 'کارت'),
(457, NULL, 2673, '67000', '1398-08-14 00:00:00', 'بازی', 'کارت'),
(458, NULL, 2676, '67000', '1398-08-14 00:00:00', 'بازی', 'کارت'),
(459, NULL, 2677, '67000', '1398-08-14 00:00:00', 'بازی', 'کارت'),
(460, NULL, 2678, '67000', '1398-08-14 00:00:00', 'بازی', 'کارت'),
(461, NULL, 2679, '67000', '1398-08-14 00:00:00', 'بازی', 'کارت'),
(462, NULL, 2680, '67000', '1398-08-14 00:00:00', 'بازی', 'کارت'),
(463, NULL, 2681, '67000', '1398-08-14 00:00:00', 'بازی', 'کارت'),
(464, NULL, 2670, '75000', '1398-08-14 00:00:00', 'بازی', 'کارت'),
(465, NULL, 2671, '75000', '1398-08-14 00:00:00', 'بازی', 'کارت'),
(466, NULL, 2684, '67000', '1398-08-14 00:00:00', 'بازی', 'کارت'),
(467, NULL, 2715, '75000', '1398-08-14 00:00:00', 'بازی', 'کارت'),
(468, NULL, 2701, '75000', '1398-08-14 00:00:00', 'بازی', 'کارت'),
(469, NULL, 2695, '75000', '1398-08-14 00:00:00', 'بازی', 'کارت'),
(470, NULL, 2702, '75000', '1398-08-14 00:00:00', 'بازی', 'کارت'),
(471, NULL, 2704, '75000', '1398-08-14 00:00:00', 'بازی', 'کارت'),
(472, NULL, 481, '95000', '1398-08-14 00:00:00', 'بازی', 'کارت'),
(473, NULL, 482, '85000', '1398-08-14 00:00:00', '', 'کارت'),
(475, NULL, 485, '95000', '1398-08-14 00:00:00', 'بازی', 'کارت'),
(476, NULL, 484, '85000', '1398-08-14 00:00:00', 'بازی', 'کارت'),
(477, NULL, 254, '95000', '1398-08-14 00:00:00', 'بازی', 'کارت'),
(478, NULL, 301, '145000', '1398-08-14 00:00:00', 'بازی', 'کارت'),
(479, NULL, 300, '150000', '1398-08-14 00:00:00', '', 'کارت'),
(480, NULL, 2716, '75000', '1398-08-14 00:00:00', 'بازی', 'کارت'),
(481, NULL, 216, '120000', '1398-08-14 00:00:00', 'بازی', 'کارت'),
(482, NULL, 2719, '75000', '1398-08-14 00:00:00', 'بازی', 'کارت'),
(483, NULL, 2717, '75000', '1398-08-14 00:00:00', 'بازی', 'کارت'),
(484, NULL, 2718, '75000', '1398-08-14 00:00:00', 'بازی', 'کارت'),
(485, NULL, 215, '120000', '1398-08-14 00:00:00', 'بازی', 'کارت'),
(486, NULL, 2692, '120000', '1398-08-14 00:00:00', 'بازی', 'کارت'),
(487, NULL, 151, '0', '1398-08-14 00:00:00', '', 'کارت'),
(488, NULL, 226, '75000', '1398-08-14 00:00:00', 'بازی', 'کارت'),
(489, NULL, 2724, '75000', '1398-08-14 00:00:00', 'بازی', 'کارت'),
(490, NULL, 2627, '375000', '1398-08-14 00:00:00', 'بازیvip', 'کارت'),
(491, NULL, 2720, '95000', '1398-08-14 00:00:00', 'بازی', 'کارت'),
(492, NULL, 2721, '85000', '1398-08-14 00:00:00', 'بازی', 'کارت'),
(493, NULL, 456, '75000', '1398-08-14 00:00:00', 'بازی', 'کارت'),
(494, NULL, 2722, '75000', '1398-08-14 00:00:00', 'بازی', 'کارت'),
(495, NULL, 2723, '75000', '1398-08-14 00:00:00', 'بازی', 'کارت'),
(496, NULL, 2731, '210000', '1398-08-14 00:00:00', 'بازی', 'کارت'),
(497, NULL, 583, '75000', '1398-08-14 00:00:00', 'بازی', 'کارت'),
(498, NULL, 2729, '75000', '1398-08-14 00:00:00', 'بازی', 'کارت'),
(499, NULL, 493, '75000', '1398-08-14 00:00:00', 'بازی', 'کارت'),
(500, NULL, 2726, '75000', '1398-08-14 00:00:00', 'بازی', 'کارت'),
(501, NULL, 284, '75000', '1398-08-14 00:00:00', 'بازی', 'کارت'),
(502, NULL, 2614, '75000', '1398-08-14 00:00:00', 'بازی', 'کارت'),
(503, NULL, 2727, '75000', '1398-08-14 00:00:00', 'بازی', 'کارت'),
(504, NULL, 2730, '75000', '1398-08-14 00:00:00', 'بازی', 'کارت'),
(505, NULL, 2728, '67000', '1398-08-14 00:00:00', 'بازی', 'کارت'),
(506, NULL, 343, '75000', '1398-08-14 00:00:00', 'بازی', 'کارت'),
(507, NULL, 2753, '95000', '1398-08-15 12:14:00', 'بازی، خرید', 'کارت'),
(508, NULL, 2804, '75000', '1398-08-15 12:37:00', 'بازی، خرید', 'کارت'),
(509, NULL, 2806, '67500', '1398-08-15 12:38:00', 'بازی، خرید', 'کارت'),
(510, NULL, 2805, '75000', '1398-08-15 12:38:00', 'بازی، خرید', 'کارت'),
(511, NULL, 2807, '75000', '1398-08-15 12:52:00', 'بازی، خرید', 'کارت'),
(512, NULL, 2802, '95000', '1398-08-15 12:57:00', 'بازی، خرید', 'کارت'),
(513, NULL, 217, '95000', '1398-08-15 13:22:00', 'بازی، خرید', 'کارت'),
(514, NULL, 2808, '75000', '1398-08-15 13:22:00', 'بازی، خرید', 'کارت'),
(515, NULL, 2797, '95000', '1398-08-15 13:50:00', 'بازی، خرید', 'کارت'),
(516, NULL, 210, '95000', '1398-08-15 13:50:00', 'بازی، خرید', 'کارت'),
(517, NULL, 2809, '85000', '1398-08-15 13:57:00', 'بازی، خرید', 'کارت'),
(518, NULL, 2803, '135000', '1398-08-15 00:00:00', '', 'کارت'),
(519, NULL, 352, '95000', '1398-08-15 14:11:00', 'بازی، خرید', 'کارت'),
(520, NULL, 440, '95000', '1398-08-15 14:16:00', 'بازی، خرید', 'کارت'),
(521, NULL, 2799, '120000', '1398-08-15 14:51:00', 'بازی، خرید', 'کارت'),
(522, NULL, 2815, '120000', '1398-08-15 00:00:00', 'بازی', 'کارت'),
(524, NULL, 2814, '75000', '1398-08-15 14:56:00', 'بازی، خرید', 'کارت'),
(525, NULL, 2816, '120000', '1398-08-15 00:00:00', 'بازی', 'کارت'),
(526, NULL, 2812, '95000', '1398-08-15 15:03:00', 'بازی، خرید', 'کارت'),
(527, NULL, 2810, '120000', '1398-08-15 15:06:00', 'بازی، خرید', 'کارت'),
(528, NULL, 544, '75000', '1398-08-15 15:30:00', 'بازی، خرید', 'کارت'),
(529, NULL, 2813, '95000', '1398-08-15 15:42:00', 'بازی، خرید', 'کارت'),
(530, NULL, 2811, '180000', '1398-08-15 16:19:00', 'بازی، خرید', 'کارت'),
(531, NULL, 2817, '75000', '1398-08-15 16:22:00', 'بازی، خرید', 'کارت'),
(532, NULL, 2818, '75000', '1398-08-15 16:22:00', 'بازی، خرید', 'کارت'),
(533, NULL, 2821, '75000', '1398-08-15 16:35:00', 'بازی، خرید', 'کارت'),
(534, NULL, 2826, '85000', '1398-08-15 17:00:00', 'بازی، خرید', 'کارت'),
(535, NULL, 2825, '75000', '1398-08-15 17:01:00', 'بازی، خرید', 'کارت'),
(536, NULL, 2793, '95000', '1398-08-15 17:43:00', 'بازی، خرید', 'کارت'),
(537, NULL, 2829, '75000', '1398-08-15 17:44:00', 'بازی، خرید', 'کارت'),
(538, NULL, 2828, '75000', '1398-08-15 17:50:00', 'بازی، خرید', 'کارت'),
(539, NULL, 2819, '120000', '1398-08-15 17:54:00', 'بازی، خرید', 'کارت'),
(540, NULL, 2820, '108000', '1398-08-15 17:55:00', 'بازی، خرید', 'کارت'),
(541, NULL, 2833, '75000', '1398-08-15 17:57:00', 'بازی، خرید', 'کارت'),
(542, NULL, 2836, '75000', '1398-08-15 18:34:00', 'بازی، خرید', 'کارت'),
(543, NULL, 2839, '75000', '1398-08-15 18:45:00', 'بازی، خرید', 'کارت'),
(544, NULL, 2831, '95000', '1398-08-15 18:47:00', 'بازی، خرید', 'کارت'),
(545, NULL, 2840, '75000', '1398-08-15 18:57:00', 'بازی، خرید', 'کارت'),
(546, NULL, 2822, '150000', '1398-08-15 19:00:00', 'بازی، خرید', 'کارت'),
(547, NULL, 2823, '135000', '1398-08-15 19:00:00', 'بازی، خرید', 'کارت'),
(548, NULL, 2830, '120000', '1398-08-15 19:14:00', 'بازی، خرید', 'کارت'),
(549, NULL, 2841, '75000', '1398-08-15 19:15:00', 'بازی، خرید', 'کارت'),
(550, NULL, 2832, '133000', '1398-08-15 19:16:00', 'بازی، خرید', 'کارت'),
(551, NULL, 2846, '75000', '1398-08-15 19:21:00', 'بازی، خرید', 'کارت'),
(552, NULL, 2844, '75000', '1398-08-15 19:23:00', 'بازی، خرید', 'کارت'),
(553, NULL, 2850, '75000', '1398-08-15 19:32:00', 'بازی، خرید', 'کارت'),
(554, NULL, 2843, '95000', '1398-08-15 19:38:00', 'بازی، خرید', 'کارت'),
(555, NULL, 2842, '85500', '1398-08-15 19:38:00', 'بازی، خرید', 'کارت'),
(556, NULL, 2849, '75000', '1398-08-15 19:43:00', 'بازی، خرید', 'کارت'),
(557, NULL, 2835, '120000', '1398-08-15 19:47:00', 'بازی، خرید', 'کارت'),
(558, NULL, 2855, '75000', '1398-08-15 19:50:00', 'بازی، خرید', 'کارت'),
(559, NULL, 2854, '75000', '1398-08-15 19:54:00', 'بازی، خرید', 'کارت'),
(560, NULL, 2852, '75000', '1398-08-15 19:55:00', 'بازی، خرید', 'کارت'),
(561, NULL, 2853, '75000', '1398-08-15 19:55:00', 'بازی، خرید', 'کارت'),
(562, NULL, 2845, '120000', '1398-08-15 20:07:00', 'بازی، خرید', 'کارت'),
(563, NULL, 2848, '95000', '1398-08-15 20:07:00', 'بازی، خرید', 'کارت'),
(564, NULL, 2851, '95000', '1398-08-15 20:08:00', 'بازی، خرید', 'کارت'),
(565, NULL, 2861, '75000', '1398-08-15 20:08:00', 'بازی، خرید', 'کارت'),
(566, NULL, 2537, '75000', '1398-08-15 20:09:00', 'بازی، خرید', 'کارت'),
(567, NULL, 228, '85000', '1398-08-15 20:12:00', 'بازی، خرید', 'کارت'),
(568, NULL, 2857, '75000', '1398-08-15 20:22:00', 'بازی، خرید', 'کارت'),
(569, NULL, 2858, '75000', '1398-08-15 20:22:00', 'بازی، خرید', 'کارت'),
(570, NULL, 2859, '75000', '1398-08-15 20:30:00', 'بازی، خرید', 'کارت'),
(571, NULL, 2595, '75000', '1398-08-15 20:49:00', 'بازی، خرید', 'کارت'),
(572, NULL, 2863, '75000', '1398-08-15 20:54:00', 'بازی، خرید', 'کارت'),
(573, NULL, 2860, '95000', '1398-08-15 20:54:00', 'بازی، خرید', 'کارت'),
(574, NULL, 2827, '240000', '1398-08-15 20:57:00', 'بازی، خرید', 'کارت'),
(575, NULL, 2838, '75000', '1398-08-15 21:16:00', 'بازی، خرید', 'کارت'),
(576, NULL, 241, '75000', '1398-08-15 21:17:00', 'بازی، خرید', 'کارت'),
(577, NULL, 2862, '95000', '1398-08-15 21:22:00', 'بازی، خرید', 'کارت'),
(578, NULL, 2856, '120000', '1398-08-15 21:28:00', 'بازی، خرید', 'کارت'),
(579, NULL, 2864, '85500', '1398-08-15 21:29:00', 'بازی، خرید', 'کارت'),
(580, NULL, 284, '95000', '1398-08-15 21:30:00', 'بازی، خرید', 'کارت'),
(581, NULL, 2865, '95000', '1398-08-15 21:30:00', 'بازی، خرید', 'کارت'),
(582, NULL, 2866, '75000', '1398-08-15 21:33:00', 'بازی، خرید', 'کارت'),
(583, NULL, 2824, '75000', '1398-08-16 12:02:00', 'بازی، خرید', 'کارت'),
(584, NULL, 2904, '75000', '1398-08-16 12:02:00', 'بازی، خرید', 'کارت'),
(589, NULL, 3028, '75000', '1398-08-17 12:22:00', 'بازی، خرید', 'کارت'),
(590, NULL, 3029, '75000', '1398-08-17 12:27:00', 'بازی، خرید', 'کارت'),
(591, NULL, 221, '75000', '1398-08-17 12:29:00', 'بازی، خرید', 'کارت'),
(592, NULL, 3030, '95000', '1398-08-17 13:10:00', 'بازی، خرید', 'کارت'),
(593, NULL, 3034, '75000', '1398-08-17 13:51:00', 'بازی، خرید', 'کارت'),
(594, NULL, 3038, '75000', '1398-08-17 14:08:00', 'بازی، خرید', 'کارت'),
(595, NULL, 3031, '72500', '1398-08-17 14:27:00', 'بازی، خرید', 'کارت'),
(596, NULL, 3032, '95000', '1398-08-17 14:27:00', 'بازی، خرید', 'کارت'),
(597, NULL, 563, '75000', '1398-08-17 14:34:00', 'بازی، خرید', 'کارت'),
(598, NULL, 3037, '120000', '1398-08-17 14:56:00', 'بازی، خرید', 'کارت'),
(599, NULL, 2645, '125000', '1398-08-17 14:59:00', 'بازی، خرید', 'کارت'),
(600, NULL, 3041, '95000', '1398-08-17 15:20:00', 'بازی، خرید', 'کارت'),
(601, NULL, 3042, '85500', '1398-08-17 15:21:00', 'بازی، خرید', 'کارت'),
(602, NULL, 3039, '75000', '1398-08-17 15:24:00', 'بازی، خرید', 'کارت'),
(603, NULL, 3043, '67500', '1398-08-17 15:24:00', 'بازی، خرید', 'کارت'),
(604, NULL, 3035, '150000', '1398-08-17 15:33:00', 'بازی، خرید', 'کارت'),
(605, NULL, 3036, '150000', '1398-08-17 15:33:00', 'بازی، خرید', 'کارت'),
(606, NULL, 311, '0', '1398-08-17 15:54:00', 'بازی، خرید', 'کارت'),
(607, NULL, 965, '10300', '1398-08-17 16:08:00', 'بازی، خرید', 'کارت'),
(608, NULL, 675, '10500', '1398-08-17 16:08:00', 'بازی، خرید', 'کارت'),
(609, NULL, 3044, '75000', '1398-08-17 16:19:00', 'بازی، خرید', 'کارت'),
(611, NULL, 257, '75000', '1398-08-17 16:53:00', 'بازی، خرید', 'کارت'),
(612, NULL, 258, '67500', '1398-08-17 16:53:00', 'بازی، خرید', 'کارت'),
(613, NULL, 3047, '75000', '1398-08-17 17:00:00', 'بازی، خرید', 'کارت'),
(614, NULL, 3045, '75000', '1398-08-17 17:02:00', 'بازی، خرید', 'کارت'),
(615, NULL, 3046, '67500', '1398-08-17 17:03:00', 'بازی، خرید', 'کارت'),
(616, NULL, 3048, '75000', '1398-08-17 17:23:00', 'بازی، خرید', 'کارت'),
(617, NULL, 3049, '95000', '1398-08-17 18:25:00', 'بازی، خرید', 'کارت'),
(618, NULL, 430, '75000', '1398-08-17 18:44:00', 'بازی، خرید', 'کارت'),
(619, NULL, 3053, '75000', '1398-08-17 18:58:00', 'بازی، خرید', 'کارت'),
(620, NULL, 3057, '85000', '1398-08-17 18:59:00', 'بازی، خرید', 'کارت'),
(621, NULL, 3058, '77500', '1398-08-17 19:00:00', 'بازی، خرید', 'کارت'),
(622, NULL, 3054, '75000', '1398-08-17 19:12:00', 'بازی، خرید', 'کارت'),
(623, NULL, 301, '75000', '1398-08-17 19:16:00', 'بازی، خرید', 'کارت'),
(624, NULL, 300, '67500', '1398-08-17 19:16:00', 'بازی، خرید', 'کارت'),
(625, NULL, 3059, '75000', '1398-08-17 19:16:00', 'بازی، خرید', 'کارت'),
(626, NULL, 3062, '75000', '1398-08-17 19:22:00', 'بازی، خرید', 'کارت'),
(627, NULL, 3052, '95000', '1398-08-17 19:24:00', 'بازی، خرید', 'کارت'),
(628, NULL, 3055, '95000', '1398-08-17 19:27:00', 'بازی، خرید', 'کارت'),
(629, NULL, 3056, '85500', '1398-08-17 19:28:00', 'بازی، خرید', 'کارت'),
(630, NULL, 3061, '75000', '1398-08-17 19:31:00', 'بازی، خرید', 'کارت'),
(631, NULL, 3060, '75000', '1398-08-17 19:31:00', 'بازی، خرید', 'کارت'),
(632, NULL, 2827, '150000', '1398-08-17 19:32:00', 'بازی، خرید', 'کارت'),
(633, NULL, 252, '120000', '1398-08-17 19:34:00', 'بازی، خرید', 'کارت'),
(634, NULL, 3050, '95000', '1398-08-17 19:34:00', 'بازی، خرید', 'کارت'),
(635, NULL, 3051, '85500', '1398-08-17 19:34:00', 'بازی، خرید', 'کارت'),
(636, NULL, 3068, '75000', '1398-08-17 19:37:00', 'بازی، خرید', 'کارت'),
(637, NULL, 194, '75000', '1398-08-17 19:40:00', 'بازی، خرید', 'کارت'),
(638, NULL, 286, '95000', '1398-08-17 19:43:00', 'بازی، خرید', 'کارت'),
(639, NULL, 3066, '75000', '1398-08-17 19:44:00', 'بازی، خرید', 'کارت'),
(640, NULL, 3067, '67500', '1398-08-17 19:44:00', 'بازی، خرید', 'کارت'),
(641, NULL, 3070, '75000', '1398-08-17 19:47:00', 'بازی، خرید', 'کارت'),
(642, NULL, 3071, '75000', '1398-08-17 19:47:00', 'بازی، خرید', 'کارت'),
(643, NULL, 3063, '95000', '1398-08-17 19:50:00', 'بازی، خرید', 'کارت'),
(644, NULL, 3075, '75000', '1398-08-17 20:02:00', 'بازی، خرید', 'کارت'),
(645, NULL, 625, '67500', '1398-08-17 20:02:00', 'بازی، خرید', 'کارت'),
(646, NULL, 3073, '75000', '1398-08-17 20:03:00', 'بازی، خرید', 'کارت'),
(647, NULL, 3076, '75000', '1398-08-17 20:04:00', 'بازی، خرید', 'کارت'),
(648, NULL, 3064, '120000', '1398-08-17 20:07:00', 'بازی، خرید', 'کارت'),
(649, NULL, 3069, '95000', '1398-08-17 20:09:00', 'بازی، خرید', 'کارت'),
(650, NULL, 3074, '75000', '1398-08-17 20:09:00', 'بازی، خرید', 'کارت'),
(651, NULL, 521, '105000', '1398-08-17 20:13:00', 'بازی، خرید', 'کارت'),
(652, NULL, 3072, '95000', '1398-08-17 20:20:00', 'بازی، خرید', 'کارت'),
(653, NULL, 3077, '75000', '1398-08-17 20:29:00', 'بازی، خرید', 'کارت'),
(654, NULL, 3080, '75000', '1398-08-17 00:00:00', 'بازی', 'کارت'),
(655, NULL, 556, '95000', '1398-08-17 20:55:00', 'بازی، خرید', 'کارت'),
(656, NULL, 3078, '95000', '1398-08-17 21:04:00', 'بازی، خرید', 'کارت'),
(657, NULL, 3079, '95000', '1398-08-17 21:06:00', 'بازی، خرید', 'کارت'),
(658, NULL, 3033, '60000', '1398-08-17 23:50:00', 'بازی، خرید', 'کارت'),
(659, NULL, 3033, '305000', '1398-08-17 00:00:00', '', 'کارت'),
(660, NULL, 3033, '60000', '1398-08-17 23:57:00', 'بازی، خرید', 'کارت'),
(661, NULL, 3033, '15000', '1398-08-18 00:00:00', '', 'کارت'),
(662, NULL, 150, '12000', '1398-08-18 00:04:00', 'بازی، خرید', 'کارت'),
(663, NULL, 3033, '60000', '1398-08-18 00:06:00', 'بازی، خرید', 'کارت'),
(664, NULL, 3033, '60000', '1398-08-18 00:09:00', 'بازی، خرید', 'کارت'),
(665, NULL, 3033, '15000', '1398-08-18 00:00:00', '', 'کارت'),
(666, NULL, 0, '35000', '1398-08-18 13:49:00', 'خرید آزاد', 'کارت'),
(667, NULL, 3161, '35000', '1398-08-18 14:12:00', 'خرید آزاد', 'کارت'),
(668, NULL, 3284, '108000', '1398-08-18 16:53:00', 'بازی، خرید', 'کارت'),
(669, NULL, 3298, '85500', '1398-08-18 17:14:00', 'بازی، خرید', 'کارت'),
(670, NULL, 501, '85500', '1398-08-18 17:28:00', 'بازی، خرید', 'کارت'),
(671, NULL, 218, '108000', '1398-08-18 18:04:00', 'بازی، خرید', 'کارت'),
(672, NULL, 637, '108000', '1398-08-18 18:11:00', 'بازی، خرید', 'کارت'),
(673, NULL, 3307, '108000', '1398-08-18 18:14:00', 'بازی، خرید', 'کارت'),
(674, NULL, 275, '108000', '1398-08-18 19:05:00', 'بازی، خرید', 'کارت'),
(675, NULL, 483, '6000', '1398-08-18 00:00:00', '', 'کارت'),
(676, NULL, 3321, '85500', '1398-08-18 20:34:00', 'بازی، خرید', 'کارت'),
(677, NULL, 3321, '850000', '1398-08-18 20:34:00', 'بازی، خرید', 'کارت'),
(678, NULL, 3541, '85500', '1398-08-19 17:39:00', 'بازی، خرید', 'کارت'),
(679, NULL, 242, '150000', '1398-08-19 00:00:00', 'مهدوی', 'کارت'),
(680, NULL, 3540, '95000', '1398-08-19 00:00:00', 'مهدوی', 'کارت'),
(681, NULL, 3538, '105000', '1398-08-19 00:00:00', 'مهدوی', 'کارت'),
(682, NULL, 3539, '95000', '1398-08-19 00:00:00', 'مهدوی', 'کارت'),
(683, NULL, 3535, '95000', '1398-08-19 00:00:00', 'مهدوی', 'کارت'),
(684, NULL, 524, '75000', '1398-08-19 00:00:00', 'مهدوی', 'کارت'),
(685, NULL, 3534, '95000', '1398-08-19 00:00:00', 'مهدوی', 'کارت'),
(686, NULL, 3533, '75000', '1398-08-19 00:00:00', 'مهدوی', 'کارت'),
(687, NULL, 2547, '75000', '1398-08-19 00:00:00', 'مهدوی', 'کارت'),
(688, NULL, 3532, '75000', '1398-08-19 00:00:00', 'مهدوی', 'کارت'),
(689, NULL, 3512, '75000', '1398-08-19 00:00:00', 'مهدوی', 'کارت'),
(690, NULL, 3494, '95000', '1398-08-19 00:00:00', 'مهدوی', 'کارت'),
(691, NULL, 3483, '95000', '1398-08-19 00:00:00', 'مهدوی', 'کارت'),
(692, NULL, 3482, '75000', '1398-08-19 00:00:00', 'مهدوی', 'کارت'),
(693, NULL, 3480, '75000', '1398-08-19 00:00:00', 'مهدوی', 'کارت'),
(694, NULL, 353, '105000', '1398-08-19 00:00:00', 'مهدوی', 'کارت'),
(695, NULL, 3477, '120000', '1398-08-19 00:00:00', 'مهدوی', 'کارت'),
(696, NULL, 292, '95000', '1398-08-19 00:00:00', 'مهدوی', 'کارت'),
(697, NULL, 3464, '75000', '1398-08-19 00:00:00', 'مهدوی', 'کارت'),
(698, NULL, 3462, '75000', '1398-08-19 00:00:00', 'مهدوی', 'کارت'),
(699, NULL, 3445, '120000', '1398-08-19 00:00:00', 'مهدوی', 'کارت'),
(700, NULL, 3544, '135000', '1398-08-19 18:34:00', 'بازی، خرید', 'کارت'),
(701, NULL, 3549, '85500', '1398-08-19 19:37:00', 'بازی، خرید', 'کارت'),
(702, NULL, 2867, '0', '1398-08-20 00:00:00', '', 'کارت'),
(703, NULL, 2669, '500000', '1398-08-20 00:00:00', 'پیش دبستانی', 'نقد'),
(704, NULL, 2668, '500000', '1398-08-20 00:00:00', 'پیش دبستانی', 'کارت'),
(705, NULL, 1, '395000', '1398-10-14 17:51:54', '', ''),
(706, NULL, 1, '395000', '1398-10-14 17:57:59', 'خانه بازی', 'کارت'),
(707, NULL, 1, '120000', '1398-10-14 18:00:43', 'خانه بازی', 'کارت'),
(708, NULL, 1, '124000', '1398-10-14 20:14:11', 'خانه بازی', 'کارت'),
(709, NULL, 1, '330000', '1398-10-14 21:52:29', 'خانه بازی', 'کارت'),
(710, NULL, 1, '120000', '1398-10-14 21:52:36', 'خانه بازی', 'کارت'),
(711, NULL, 1, '180000', '1398-10-14 21:52:58', 'خانه بازی', 'کارت'),
(712, NULL, 1, '165000', '1398-10-14 21:53:17', 'خانه بازی', 'کارت'),
(713, NULL, 1, '150000', '1398-10-14 21:54:49', 'خانه بازی', 'کارت'),
(714, NULL, 1, '95000', '1398-10-14 21:54:59', 'خانه بازی', 'کارت'),
(715, NULL, 1, '95000', '1398-10-14 21:55:06', 'خانه بازی', 'کارت'),
(716, NULL, 1, '95000', '1398-10-14 21:55:16', 'خانه بازی', 'کارت'),
(717, NULL, 3383, '86000', '1398-10-16 01:13:06', 'خانه بازی', 'کارت'),
(718, NULL, 1367, '14500', '1398-10-16 14:43:34', 'خانه بازی', 'کارت'),
(719, NULL, 4393, '86000', '1398-10-16 14:43:40', 'خانه بازی', 'کارت'),
(720, NULL, 4413, '0', '1398-10-16 14:44:16', 'خانه بازی', 'کارت'),
(721, NULL, 4393, '570000', '1398-10-17 12:55:09', 'خانه بازی', 'کارت'),
(722, NULL, 3278, '570000', '1398-10-17 12:55:15', 'خانه بازی', 'کارت'),
(723, NULL, 4636, '570000', '1398-10-17 12:55:19', 'خانه بازی', 'کارت'),
(724, NULL, 1361, '75000', '1398-10-17 13:59:12', 'خانه بازی', 'کارت'),
(725, NULL, 195, '325000', '1398-10-17 19:03:22', 'خانه بازی', 'کارت'),
(726, NULL, 4704, '75000', '1398-10-17 20:56:22', 'خانه بازی', 'کارت'),
(727, NULL, 4703, '35000', '1398-10-17 21:01:49', 'خانه بازی', 'کارت'),
(728, NULL, 4703, '14000', '1398-10-17 21:14:04', 'خانه بازی', 'کارت'),
(729, NULL, 3906, '121500', '1398-10-17 21:15:44', 'خانه بازی', 'کارت'),
(730, NULL, 4680, '216000', '1398-10-17 21:16:15', 'خانه بازی', 'کارت'),
(731, NULL, 4107, '2200', '1398-10-17 21:27:43', 'خانه بازی', 'کارت'),
(732, NULL, 3525, '286000', '1398-10-17 23:57:46', 'خانه بازی', 'کارت'),
(733, NULL, 4532, '75000', '1398-10-18 01:44:42', 'خانه بازی', 'کارت'),
(734, NULL, 4399, '75000', '1398-10-18 01:44:47', 'خانه بازی', 'کارت'),
(735, NULL, 4664, '75000', '1398-10-18 01:44:51', 'خانه بازی', 'کارت'),
(736, NULL, 1998, '95000', '1398-10-19 16:21:41', 'خانه بازی', 'کارت'),
(737, NULL, 1998, '95000', '1398-10-19 16:21:41', 'خانه بازی', 'کارت'),
(738, NULL, 1998, '95000', '1398-10-19 16:21:41', 'خانه بازی', 'کارت'),
(739, NULL, 1998, '95000', '1398-10-19 16:21:41', 'خانه بازی', 'کارت'),
(740, NULL, 1998, '95000', '1398-10-19 16:21:41', 'خانه بازی', 'کارت'),
(741, NULL, 1998, '95000', '1398-10-19 16:21:41', 'خانه بازی', 'کارت'),
(742, NULL, 1998, '95000', '1398-10-19 16:21:41', 'خانه بازی', 'کارت'),
(743, NULL, 1998, '95000', '1398-10-19 16:21:41', 'خانه بازی', 'کارت'),
(744, NULL, 1998, '95000', '1398-10-19 16:21:41', 'خانه بازی', 'کارت'),
(745, NULL, 1998, '95000', '1398-10-19 16:21:41', 'خانه بازی', 'کارت'),
(746, NULL, 1998, '95000', '1398-10-19 16:21:41', 'خانه بازی', 'کارت'),
(747, NULL, 1998, '95000', '1398-10-19 16:21:41', 'خانه بازی', 'کارت'),
(748, NULL, 1998, '95000', '1398-10-19 16:21:41', 'خانه بازی', 'کارت'),
(749, NULL, 1998, '95000', '1398-10-19 16:21:41', 'خانه بازی', 'کارت'),
(750, NULL, 1998, '95000', '1398-10-19 16:21:41', 'خانه بازی', 'کارت'),
(751, NULL, 1998, '95000', '1398-10-19 16:21:41', 'خانه بازی', 'کارت'),
(752, NULL, 1998, '75000', '1398-10-19 20:10:33', 'خانه بازی', 'کارت'),
(753, NULL, 1645, '570000', '1398-10-20 13:00:56', 'خانه بازی', 'کارت'),
(754, NULL, 2092, '75000', '1398-10-20 13:10:07', 'خانه بازی', 'کارت'),
(755, NULL, 1998, '75000', '1398-10-20 13:10:15', 'خانه بازی', 'کارت'),
(756, NULL, 1, '75000', '1398-10-20 13:10:22', 'خانه بازی', 'کارت'),
(757, NULL, 2092, '95000', '1398-10-20 14:45:03', 'خانه بازی', 'کارت'),
(758, NULL, 1777, '95000', '1398-10-20 14:45:10', 'خانه بازی', 'کارت'),
(759, NULL, 1748, '355000', '1398-10-23 13:52:25', 'خانه بازی', 'کارت'),
(760, NULL, 4710, '82000', '1398-10-24 12:03:34', 'خانه بازی', 'کارت'),
(761, NULL, 4709, '95000', '1398-10-24 12:10:42', 'خانه بازی', 'کارت'),
(762, NULL, 4713, '75000', '1398-10-24 12:35:59', 'خانه بازی', 'کارت'),
(763, NULL, 4714, '75000', '1398-10-24 13:14:45', 'خانه بازی', 'کارت'),
(764, NULL, 4720, '75000', '1398-10-24 13:46:14', 'خانه بازی', 'کارت'),
(765, NULL, 4712, '180000', '1398-10-24 14:34:03', 'خانه بازی', 'کارت'),
(766, NULL, 4711, '180000', '1398-10-24 14:34:26', 'خانه بازی', 'کارت'),
(767, NULL, 4722, '95000', '1398-10-24 15:06:51', 'خانه بازی', 'کارت'),
(768, NULL, 4723, '95000', '1398-10-24 15:07:26', 'خانه بازی', 'کارت'),
(769, NULL, 4726, '95000', '1398-10-24 15:10:17', 'خانه بازی', 'کارت'),
(770, NULL, 4718, '95000', '1398-10-24 15:14:51', 'خانه بازی', 'کارت'),
(771, NULL, 4719, '75000', '1398-10-24 15:15:23', 'خانه بازی', 'کارت'),
(772, NULL, 4733, '75000', '1398-10-24 16:27:15', 'خانه بازی', 'کارت'),
(773, NULL, 4734, '75000', '1398-10-24 16:28:22', 'خانه بازی', 'کارت'),
(774, NULL, 4727, '150000', '1398-10-24 16:39:07', 'خانه بازی', 'کارت'),
(775, NULL, 4729, '150000', '1398-10-24 16:41:27', 'خانه بازی', 'کارت'),
(776, NULL, 4732, '150000', '1398-10-24 16:41:50', 'خانه بازی', 'کارت'),
(777, NULL, 4731, '150000', '1398-10-24 16:42:16', 'خانه بازی', 'کارت'),
(778, NULL, 4730, '150000', '1398-10-24 16:44:19', 'خانه بازی', 'کارت'),
(779, NULL, 4728, '150000', '1398-10-24 16:50:12', 'خانه بازی', 'کارت'),
(780, NULL, 4724, '180000', '1398-10-24 16:54:56', 'خانه بازی', 'کارت'),
(781, NULL, 4725, '210000', '1398-10-24 17:09:37', 'خانه بازی', 'کارت'),
(782, NULL, 4736, '95000', '1398-10-24 17:53:42', 'خانه بازی', 'کارت'),
(783, NULL, 4735, '95000', '1398-10-24 17:54:04', 'خانه بازی', 'کارت'),
(784, NULL, 4737, '95000', '1398-10-24 17:54:48', 'خانه بازی', 'کارت'),
(785, NULL, 4738, '95000', '1398-10-24 17:58:10', 'خانه بازی', 'کارت'),
(786, NULL, 4744, '85000', '1398-10-24 18:16:32', 'خانه بازی', 'کارت'),
(787, NULL, 4743, '75000', '1398-10-24 18:17:22', 'خانه بازی', 'کارت'),
(788, NULL, 4742, '120000', '1398-10-24 18:50:55', 'خانه بازی', 'کارت'),
(789, NULL, 4755, '75000', '1398-10-24 18:51:31', 'خانه بازی', 'کارت');
INSERT INTO `payment` (`pa_id`, `u_id`, `p_id`, `pa_price`, `pa_date`, `pa_details`, `pa_type`) VALUES
(790, NULL, 4749, '95000', '1398-10-24 18:58:21', 'خانه بازی', 'کارت'),
(791, NULL, 4748, '95000', '1398-10-24 18:58:28', 'خانه بازی', 'کارت'),
(792, NULL, 4754, '75000', '1398-10-24 18:59:46', 'خانه بازی', 'کارت'),
(793, NULL, 4747, '95000', '1398-10-24 19:00:45', 'خانه بازی', 'کارت'),
(794, NULL, 4750, '75000', '1398-10-24 19:08:44', 'خانه بازی', 'کارت'),
(795, NULL, 4752, '130000', '1398-10-24 19:24:25', 'خانه بازی', 'کارت'),
(796, NULL, 4751, '120000', '1398-10-24 19:24:34', 'خانه بازی', 'کارت'),
(797, NULL, 4746, '95000', '1398-10-24 19:34:28', 'خانه بازی', 'کارت'),
(798, NULL, 4745, '75000', '1398-10-24 19:34:48', 'خانه بازی', 'کارت'),
(799, NULL, 4753, '75000', '1398-10-24 19:35:06', 'خانه بازی', 'کارت'),
(800, NULL, 4756, '95000', '1398-10-24 19:42:59', 'خانه بازی', 'کارت'),
(801, NULL, 4758, '75000', '1398-10-24 20:04:50', 'خانه بازی', 'کارت'),
(802, NULL, 4740, '120000', '1398-10-24 20:15:22', 'خانه بازی', 'کارت'),
(803, NULL, 4759, '75000', '1398-10-24 20:15:31', 'خانه بازی', 'کارت'),
(804, NULL, 4757, '120000', '1398-10-24 20:20:12', 'خانه بازی', 'کارت'),
(805, NULL, 4743, '75000', '1398-10-24 20:52:26', 'خانه بازی', 'کارت'),
(806, NULL, 4760, '80000', '1398-10-24 20:52:44', 'خانه بازی', 'کارت'),
(807, NULL, 4739, '210000', '1398-10-24 20:54:27', 'خانه بازی', 'کارت'),
(808, NULL, 4741, '210000', '1398-10-24 20:54:50', 'خانه بازی', 'کارت'),
(809, NULL, 4761, '95000', '1398-10-24 21:00:43', 'خانه بازی', 'کارت'),
(810, NULL, 4763, '75000', '1398-10-24 21:18:22', 'خانه بازی', 'کارت'),
(811, NULL, 4762, '95000', '1398-10-24 21:26:57', 'خانه بازی', 'کارت'),
(812, NULL, 4764, '75000', '1398-10-24 21:31:11', 'خانه بازی', 'کارت'),
(813, NULL, 1589, '180000', '1398-10-25 15:00:21', 'خانه بازی', 'کارت'),
(814, NULL, 4769, '60000', '1398-10-25 18:17:48', 'خانه بازی', 'کارت'),
(815, NULL, 4768, '75000', '1398-10-25 18:17:55', 'خانه بازی', 'کارت'),
(816, NULL, 4767, '75000', '1398-10-25 18:18:06', 'خانه بازی', 'کارت'),
(817, NULL, 4770, '75000', '1398-10-25 18:18:11', 'خانه بازی', 'کارت'),
(818, NULL, 4766, '75000', '1398-10-25 18:18:15', 'خانه بازی', 'کارت'),
(819, NULL, 4765, '92750', '1398-10-25 18:18:21', 'خانه بازی', 'کارت'),
(820, NULL, 4771, '75000', '1398-10-25 18:33:14', 'خانه بازی', 'کارت'),
(821, NULL, 4771, '150000', '1398-10-25 20:53:51', 'خانه بازی', 'کارت'),
(822, NULL, 4780, '30500', '1398-10-27 23:07:14', 'خانه بازی', 'کارت'),
(823, NULL, 4781, '30500', '1398-10-27 23:07:22', 'خانه بازی', 'کارت'),
(824, NULL, 4782, '30500', '1398-10-27 23:07:28', 'خانه بازی', 'کارت'),
(825, NULL, 4783, '30500', '1398-10-27 23:07:36', 'خانه بازی', 'کارت'),
(826, NULL, 4784, '30500', '1398-10-27 23:07:44', 'خانه بازی', 'کارت'),
(827, NULL, 4776, '30750', '1398-10-27 23:07:52', 'خانه بازی', 'کارت'),
(828, NULL, 4777, '31917', '1398-10-27 23:08:05', 'خانه بازی', 'کارت'),
(829, NULL, 4778, '31250', '1398-10-27 23:08:13', 'خانه بازی', 'کارت'),
(830, NULL, 4779, '31250', '1398-10-27 23:08:19', 'خانه بازی', 'کارت'),
(831, NULL, 4775, '18000', '1398-10-27 23:08:28', 'خانه بازی', 'کارت'),
(832, NULL, 4774, '18000', '1398-10-27 23:08:39', 'خانه بازی', 'کارت'),
(833, NULL, 4773, '180525', '1398-10-27 23:08:45', 'خانه بازی', 'کارت'),
(834, NULL, 4772, '358750', '1398-10-27 23:08:52', 'خانه بازی', 'کارت'),
(835, NULL, 4771, '2849500', '1398-10-27 23:09:02', 'خانه بازی', 'کارت'),
(838, 46, 4778, '115250', '1398-11-02 16:02:20', 'خانه بازی', 'نقد'),
(842, 46, 4785, '-180000', '1398-11-05 00:00:00', '1800 دقیقه شارژ و 40 روز اعتبار', 'فاکتور سیستم'),
(843, 46, 4785, '20000', '1398-11-06 17:23:28', 'پرداخت شد', 'کارت'),
(844, 46, 4785, '-20000', '1398-11-06 00:00:00', '24 دقیقه شارژ و 60 روز اعتبار', 'فاکتور سیستم'),
(845, 46, 4785, '-180000', '1398-11-06 00:00:00', '1800 دقیقه شارژ و 40 روز اعتبار', 'فاکتور سیستم'),
(846, 46, 4771, '-120000', '1398-11-08 00:00:00', '35 دقیقه شارژ و 60 روز اعتبار', 'فاکتور سیستم'),
(847, 46, 4771, '0', '1398-11-08 00:00:00', ' دقیقه شارژ و  روز اعتبار', 'فاکتور سیستم'),
(848, 46, 4771, '-120000', '1398-11-08 00:00:00', '35 دقیقه شارژ و 60 روز اعتبار', 'فاکتور سیستم');

-- --------------------------------------------------------

--
-- Table structure for table `person`
--

CREATE TABLE `person` (
  `p_id` int(11) NOT NULL,
  `p_type` varchar(30) NOT NULL COMMENT 'مشتری یا تامین کننده',
  `u_id` int(11) DEFAULT NULL,
  `p_name` varchar(15) DEFAULT NULL COMMENT 'نام',
  `p_family` varchar(15) DEFAULT NULL COMMENT 'نام خانوادگی',
  `p_fname` varchar(15) DEFAULT NULL COMMENT 'نام پدر',
  `p_birth` date DEFAULT NULL COMMENT 'تاریخ تولد',
  `p_code` varchar(15) DEFAULT NULL COMMENT 'کد اشتراک',
  `p_gender` tinyint(1) NOT NULL COMMENT 'جنسیت',
  `p_mobile` varchar(15) DEFAULT NULL COMMENT 'موبایل',
  `p_sharj` smallint(6) DEFAULT 0 COMMENT 'شارژ به دقیقه',
  `p_expire` date DEFAULT NULL COMMENT 'تاریخ انقضا',
  `p_pack` int(3) DEFAULT 0 COMMENT 'بسته',
  `p_regdate` date DEFAULT NULL COMMENT 'تاریخ عضویت',
  `p_commitment` date DEFAULT NULL COMMENT 'تعهدنامه'
) ENGINE=InnoDB DEFAULT CHARSET=utf8;

--
-- Dumping data for table `person`
--

INSERT INTO `person` (`p_id`, `p_type`, `u_id`, `p_name`, `p_family`, `p_fname`, `p_birth`, `p_code`, `p_gender`, `p_mobile`, `p_sharj`, `p_expire`, `p_pack`, `p_regdate`, `p_commitment`) VALUES
(4771, '', NULL, 'هلما', 'سنگی', NULL, '1398-10-17', '11151279', 0, '', 35, '1399-01-09', 17, '1398-10-25', NULL),
(4772, '', NULL, 'هانا', 'اسدی', NULL, '1395-10-02', NULL, 0, '09112530058', 0, NULL, 0, '1398-10-25', NULL),
(4773, '', NULL, 'هیلا', 'سنگی', NULL, '0000-00-00', NULL, 0, '', 0, NULL, 0, '1398-10-26', NULL),
(4774, '', NULL, 'علی', 'رضایی', NULL, '0000-00-00', NULL, 1, '', 0, NULL, 0, '1398-10-27', NULL),
(4775, '', NULL, 'محسن', 'حسنی', NULL, '0000-00-00', NULL, 1, '', 0, NULL, 0, '1398-10-27', NULL),
(4776, '', NULL, 'سنا', 'محمدی', NULL, '0000-00-00', NULL, 0, '', 0, NULL, 0, '1398-10-27', NULL),
(4777, '', NULL, 'سینا', 'حسنی', NULL, '0000-00-00', NULL, 1, '', 0, NULL, 0, '1398-10-27', NULL),
(4778, '', NULL, 'سوگول', 'محسنی', NULL, '0000-00-00', NULL, 0, '', 0, NULL, 0, '1398-10-27', NULL),
(4779, '', NULL, 'شیما', 'رضاپور', NULL, '0000-00-00', NULL, 0, '', 0, NULL, 0, '1398-10-27', NULL),
(4785, '', NULL, 'هدیه', 'سلیمی', NULL, '1398-10-09', '9702140', 0, '9111568954', 1865, '1398-12-16', 31, '1398-10-29', NULL),
(4801, '', 46, 'مهدی', 'حسن پور', NULL, '1398-11-01', NULL, 1, '09111568954', 0, NULL, 0, '1398-11-16', NULL),
(4802, 'تامین کننده', 1, 'رضا', 'حسنی', NULL, NULL, NULL, 1, NULL, 0, NULL, 0, NULL, NULL);

-- --------------------------------------------------------

--
-- Table structure for table `person_meta`
--

CREATE TABLE `person_meta` (
  `pm_id` int(11) NOT NULL,
  `p_id` int(11) NOT NULL,
  `pm_meta` varchar(255) NOT NULL,
  `pm_value` text NOT NULL
) ENGINE=MyISAM DEFAULT CHARSET=utf8;

-- --------------------------------------------------------

--
-- Table structure for table `product`
--

CREATE TABLE `product` (
  `pr_id` int(11) NOT NULL COMMENT 'کد ردیف',
  `pr_name` varchar(20) NOT NULL COMMENT 'نام کالا',
  `pr_stock` int(11) NOT NULL COMMENT 'موجودی',
  `pr_buy` int(11) NOT NULL COMMENT 'قیمت خرید',
  `pr_sale` int(11) NOT NULL COMMENT 'قیمت فروش'
) ENGINE=InnoDB DEFAULT CHARSET=utf8;

--
-- Dumping data for table `product`
--

INSERT INTO `product` (`pr_id`, `pr_name`, `pr_stock`, `pr_buy`, `pr_sale`) VALUES
(3, 'آب معدنی', 982, 1500, 1500),
(4, 'نوشابه ', 0, 4000, 4000),
(10, 'موکا', 1000, 9000, 9000),
(11, 'هات چاکلت', 999, 7000, 7000),
(12, 'چای', 0, 3000, 3000),
(13, 'دمنوش', 1000, 6000, 6000),
(14, 'شیرموز شکلات', 995, 11000, 11000),
(15, 'موهیتو', 993, 10000, 10000),
(16, 'لیموناد', 999, 9000, 9000),
(17, 'اسموتی هندوانه', 998, 11000, 11000),
(18, 'اسموتی موز', 998, 13000, 13000),
(19, 'شیک شکلات', 993, 12000, 12000),
(20, 'شیک کیت کت', 998, 14000, 14000),
(21, 'شیک توت فرنگی', 996, 13000, 13000),
(22, 'شیک موز شکلات', 995, 14000, 14000),
(23, 'شیک قهوه', 997, 11000, 11000),
(24, 'بستنی', 988, 8000, 8000),
(25, 'بستنی مخصوص', 997, 12000, 12000),
(26, 'کیک بستنی', 988, 11000, 11000),
(27, 'کیک', 14, 9000, 9000),
(33, 'بشقاب هات داگ', 991, 20000, 20000),
(35, 'بشقاب ویژه', 990, 29000, 29000),
(36, 'اسنک', 991, 16000, 16000),
(37, 'کیک میوه ای', 89, 4000, 4500),
(38, 'شیر کوچیک', 50, 2000, 2500),
(39, 'کیک', 15, 3000, 3500),
(40, 'بستنی', 25, 2500, 3000),
(41, 'کیک', 7, 2000, 2500),
(42, 'کیک', 8, 2000, 2500),
(44, 'کیک', 16, 2000, 2000),
(46, 'ژله', 18, 2000, 2000),
(47, 'کلوچه ', 16, 1000, 1000),
(48, 'شربت البالو', 18, 2000, 2000);

-- --------------------------------------------------------

--
-- Table structure for table `setting`
--

CREATE TABLE `setting` (
  `ID` int(11) NOT NULL,
  `meta_key` varchar(20) NOT NULL,
  `meta_value` text NOT NULL
) ENGINE=InnoDB DEFAULT CHARSET=utf8;

--
-- Dumping data for table `setting`
--

INSERT INTO `setting` (`ID`, `meta_key`, `meta_value`) VALUES
(9, 'opt_name', 'بالونیا PLAYHOUSE'),
(10, 'opt_hour1', '8000'),
(11, 'opt_hour2', '8000'),
(12, 'save_opt', ''),
(14, 'sms_user', 'mahdavi1456'),
(15, 'sms_pass', 'm54692764o'),
(16, 'sms_line', '+985000125475'),
(25, 'opt_name', 'بالونیا PLAYHOUSE'),
(27, 'opt_hour1', '4000'),
(28, 'opt_hour2', '4000'),
(29, 'sms_user', 'boardland'),
(30, 'sms_pass', '123456'),
(31, 'sms_line', '+985000125475'),
(32, 'save_opt', ''),
(33, 'opt_name', 'بالونیا PLAYHOUSE'),
(35, 'opt_hour1', '5000'),
(36, 'opt_hour2', '3000'),
(37, 'sms_user', ''),
(38, 'sms_pass', ''),
(39, 'sms_line', '-'),
(40, 'save_opt', ''),
(41, 'happy_text', 'نوگول باغ زندگی \r\nتولدت مبارک\r\nگراتک'),
(42, 'opt_name', 'بالونیا PLAYHOUSE'),
(44, 'sms_user', ''),
(45, 'sms_pass', ''),
(46, 'sms_line', '-'),
(47, 'happy_text', 'تولدت مبارک'),
(48, 'opt_hour1', '5000'),
(49, 'opt_hour2', '5000'),
(50, 'save_opt', ''),
(51, 'opt_name', 'بالونیا PLAYHOUSE'),
(53, 'sms_user', '9122753213'),
(54, 'sms_pass', 'خئهی30030'),
(55, 'sms_line', '+981000152'),
(56, 'happy_text', 'سلام عزیزم\r\nتولد کوچولوی نازنینت\r\nمبارک\r\n\r\nدلتنگ ش'),
(57, 'opt_hour1', '75000'),
(58, 'opt_hour2', '60000'),
(59, 'save_opt', ''),
(60, 'opt_name', 'بالونیا PLAYHOUSE'),
(62, 'sms_user', '9122753213'),
(63, 'sms_pass', '0453608167'),
(64, 'sms_line', '+985000125475'),
(65, 'happy_text', 'فرشته كوچولو\r\nروز به دنيا اومدن تو براي همه ما عزیزه،\r\nبه مناسبت تولدت، امروز در خانه بازی بالونیا یک ساعت مهمان ما هستی عزیزم\r\nمنتظرت هستیم'),
(66, 'opt_hour1', ''),
(67, 'opt_hour2', ''),
(68, 'save_opt', ''),
(69, 'opt_name', 'بالونیا PLAYHOUSE'),
(71, 'sms_user', '09133933505'),
(72, 'sms_pass', 'soltani3505'),
(73, 'sms_line', '+985000125475'),
(74, 'happy_text', 'تولدت مبارک\r\nخونه مادربزرگه'),
(75, 'opt_hour1', '10000'),
(76, 'opt_hour2', '10000'),
(77, 'save_opt', ''),
(78, 'opt_name', 'بالونیا PLAYHOUSE'),
(80, 'sms_user', ''),
(81, 'sms_pass', ''),
(82, 'sms_line', '-'),
(83, 'happy_text', ''),
(84, 'opt_hour1', '8000'),
(85, 'opt_hour2', '8000'),
(86, 'save_opt', ''),
(87, 'free_time', '0'),
(88, 'price_1_to_15', '60000'),
(89, 'price_15_to_30', '60000'),
(90, 'price_30_to_45', '60000'),
(91, 'price_45_to_60', '60000'),
(92, 'price_up_60', '15000'),
(93, 'free_time', '0'),
(94, 'price_1_to_15', '2500'),
(95, 'price_15_to_30', '5000'),
(96, 'price_30_to_45', '7500'),
(97, 'price_45_to_60', '10000'),
(98, 'price_up_60', '15000'),
(99, 'free_time', '0'),
(100, 'price_1_to_15', '1200'),
(101, 'price_15_to_30', '1100'),
(102, 'price_30_to_45', '1000'),
(103, 'price_45_to_60', '900'),
(104, 'price_up_60', '15000'),
(105, 'part_calc', '0'),
(106, 'part_calc', '1'),
(107, 'free_time', '0'),
(108, 'part_calc', '1'),
(109, 'price_1_to_15', '60000'),
(110, 'price_15_to_30', '60000'),
(111, 'price_30_to_45', '60000'),
(112, 'price_45_to_60', '60000'),
(113, 'price_up_60', '15000'),
(114, 'login_price', '15000'),
(115, 'login_deadline', '70'),
(116, 'baloon_round', '1'),
(117, 'login_price', '15000'),
(118, 'login_deadline', '70'),
(119, 'baloon_round', '1'),
(120, 'login_price', '15000'),
(121, 'login_deadline', '70'),
(122, 'baloon_round', '0'),
(123, 'ppp', '30'),
(124, 'price_vip', '50000'),
(125, 'opt_name', 'بالونیا PLAYHOUSE'),
(127, 'ppp', '30'),
(128, 'sms_user', ''),
(129, 'sms_pass', ''),
(130, 'sms_line', '-'),
(131, 'happy_text', ''),
(132, 'free_time', '0'),
(133, 'login_price', '15000'),
(134, 'login_deadline', '70'),
(135, 'part_calc', '1'),
(136, 'price_up_60', '15000'),
(137, 'price_vip', '50000'),
(138, 'baloon_round', '0'),
(139, 'save_opt', ''),
(140, 'ppp', '30'),
(141, 'price_vip', '50000'),
(142, 'ppp', '30'),
(143, 'price_vip', '50000'),
(144, 'opt_address', 'امیرکبیر غربی، نبش ابوذر'),
(145, 'opt_sign', 'ممنون از اینکه به مجموعه ما سر زدید...'),
(146, 'opt_address', 'امیرکبیر غربی، نبش ابوذر'),
(147, 'opt_sign', 'ممنون از اینکه به مجموعه ما سر زدید...'),
(148, 'price_down_60', '17000'),
(149, 'price_down_vip', ''),
(150, 'round_type', 'normal'),
(151, 'vip_price_down_60', '50000'),
(152, 'vip_price_up_60', '120000'),
(153, 'roles', '<p>قوانین مجموعه در این قسمت نوشته می شوند</p>'),
(154, 'push_menu', '0'),
(155, 'opt_home', 'http://localhost/hls5/');

-- --------------------------------------------------------

--
-- Table structure for table `sms_log`
--

CREATE TABLE `sms_log` (
  `sl_id` int(11) NOT NULL,
  `sl_type` varchar(25) CHARACTER SET utf8 NOT NULL,
  `sl_user` int(11) NOT NULL,
  `sl_date` varchar(16) CHARACTER SET utf8 NOT NULL,
  `sl_line` varchar(17) CHARACTER SET utf8 NOT NULL,
  `sl_bulk` int(15) NOT NULL,
  `sl_rcpts` text CHARACTER SET utf8 NOT NULL,
  `sl_text` longtext CHARACTER SET utf8 NOT NULL
) ENGINE=MyISAM DEFAULT CHARSET=latin1;

--
-- Dumping data for table `sms_log`
--

INSERT INTO `sms_log` (`sl_id`, `sl_type`, `sl_user`, `sl_date`, `sl_line`, `sl_bulk`, `sl_rcpts`, `sl_text`) VALUES
(1, '', 1, '1398/05/25 18:41', '+985000189', 57719409, '09138630341,09132920597,09031829869,09130412398,09366035719,09037484216,09916938690,09027859655,09134420390,09136548449,09029240611,09223926348,09399729474,09139911377,09212091810,09223095078,09217511947,09192373942,09134934053,09360351587', 'سلام. به بردلند خوش اومدین.\r\nامیدوارم روز خوبی رو کنار هم داشته باشیم.'),
(9, '', 21, '1398/06/26 21:54', '+985000125475', 60874043, '09138630341', 'تست'),
(10, '', 21, '1398/06/28 15:48', '+985000125475', 61024127, '09138630341,09132920597,09031829869,09130412398,09366035719,09037484216,09916938690,09027859655,09134420390,09136548449,09029240611,09223926348,09399729474,09139911377,09212091810,09223095078,09217511947,09192373942,09134934053,09360351587,09356484418,09139912946,09136231715,09363023678,09136515321,09366033559,09134409544,09135987579,09306225100,09369794121,09213153495,09229965169,09390936514,09024020077,09217807342,09302153914,09139916022,09137147643,09132917621,09133911811,09215513781,09335288161,09379535822,09053069119,09131965602,09352234008,09210357994,09135318594,09391915137,09134433696,09136522118,09128979793,09227325654,09909658736,09131401840,09364120809,09215067019,09309074539,09134931643,09396094776,09137206029,09215977145,09137746498,09393413010,09913658236,09133911360,09139912440,09392921206,09028746688,09132903058,09140991060,09135826080,09215979693,09352237057,09131915549,09140613326,09215973480,09215952339,09384330781,09391923885,09130646098,09217516300,09303911600,09136234541,09033193446,09391911993,09100680902,09381914212,09140149824,09393730098,09217527974,09138549962,09223572130,09103388990,09130429874,09223401452,09135395212,09139939559,09120049063,09120685135,09131917646,09381536188,09205430117,09216776025,09135993200,09904395300,09393384633,09124183632,09133939518,09017028450,09138472779,09215437364,09308823502,09214801148,09369563835,09139933576,09354468484,09309421768', 'سلام.\r\nفردا ایونت \"اسم و فامیل بازی\"\r\nثبت نام از طریق اینستاگرام بردلند'),
(11, '', 39, '1398/07/21 18:43', '+985000125475', 62979742, '09138630341', 'تست'),
(12, '', 39, '1398/08/08 19:25', '+985000125475', 64320340, '09138630341', 'تست'),
(13, '', 39, '1398/08/09 08:38', '+985000125475', 64342858, '09138630341', 'تست'),
(14, '', 29, '1398/08/11 13:37', '+985000125475', 64505904, '09122753213', 'سلام '),
(15, '', 29, '1398/08/16 17:22', '+985000125475', 64970717, '09121332628', 'سامیار عزیزم\r\nفرشته كوچولو\r\nروز به دنيا اومدن تو براي همه ما عزیزه،\r\nبه مناسبت تولدت، امروز در خانه بازی بالونیا مهمان ما هستی.\r\nمنتظرت هستیم'),
(16, '', 5, '1398/10/19 01:59', '+985000125475', 71103053, '09138630341', 'س'),
(17, 'birthday', 1, '1398/10/21 23:44', '+985000125475', 71341584, '9139938322', 'نازنین رجبی عزیز \r\nنوگول باغ زندگی \r\nتولدت مبارک\r\nگراتک'),
(18, 'bulk', 1, '1398/10/21 23:46', '+985000125475', 71341660, '09138630341', 'a');

-- --------------------------------------------------------

--
-- Table structure for table `user_activity`
--

CREATE TABLE `user_activity` (
  `ua_id` int(11) NOT NULL,
  `u_id` int(11) NOT NULL,
  `ua_date` date NOT NULL,
  `ua_in_time` time NOT NULL,
  `ua_out_time` time NOT NULL
) ENGINE=InnoDB DEFAULT CHARSET=latin1;

--
-- Dumping data for table `user_activity`
--

INSERT INTO `user_activity` (`ua_id`, `u_id`, `ua_date`, `ua_in_time`, `ua_out_time`) VALUES
(21, 5, '1398-10-20', '15:15:12', '15:18:10'),
(22, 5, '1398-10-20', '15:23:22', '15:26:21'),
(23, 46, '1398-11-12', '15:36:58', '15:37:40'),
(24, 46, '1398-11-12', '15:37:53', '15:38:10');

--
-- Indexes for dumped tables
--

--
-- Indexes for table `adjective`
--
ALTER TABLE `adjective`
  ADD PRIMARY KEY (`ad_id`);

--
-- Indexes for table `bank_account`
--
ALTER TABLE `bank_account`
  ADD PRIMARY KEY (`ba_id`);

--
-- Indexes for table `book`
--
ALTER TABLE `book`
  ADD PRIMARY KEY (`b_id`);

--
-- Indexes for table `buy_package`
--
ALTER TABLE `buy_package`
  ADD PRIMARY KEY (`bp_id`);

--
-- Indexes for table `costs`
--
ALTER TABLE `costs`
  ADD PRIMARY KEY (`c_id`);

--
-- Indexes for table `course`
--
ALTER TABLE `course`
  ADD PRIMARY KEY (`c_id`);

--
-- Indexes for table `course_cost`
--
ALTER TABLE `course_cost`
  ADD PRIMARY KEY (`cc_id`);

--
-- Indexes for table `course_ticket`
--
ALTER TABLE `course_ticket`
  ADD PRIMARY KEY (`ct_id`);

--
-- Indexes for table `factor`
--
ALTER TABLE `factor`
  ADD PRIMARY KEY (`f_id`);

--
-- Indexes for table `factor_buy`
--
ALTER TABLE `factor_buy`
  ADD PRIMARY KEY (`f_id`);

--
-- Indexes for table `factor_buy_body`
--
ALTER TABLE `factor_buy_body`
  ADD PRIMARY KEY (`fb_id`);

--
-- Indexes for table `food`
--
ALTER TABLE `food`
  ADD PRIMARY KEY (`f_id`);

--
-- Indexes for table `food_plan`
--
ALTER TABLE `food_plan`
  ADD PRIMARY KEY (`fp_id`);

--
-- Indexes for table `food_reserv`
--
ALTER TABLE `food_reserv`
  ADD PRIMARY KEY (`fr_id`);

--
-- Indexes for table `game`
--
ALTER TABLE `game`
  ADD PRIMARY KEY (`g_id`);

--
-- Indexes for table `game_meta`
--
ALTER TABLE `game_meta`
  ADD PRIMARY KEY (`gm_id`);

--
-- Indexes for table `headlines`
--
ALTER TABLE `headlines`
  ADD PRIMARY KEY (`h_id`);

--
-- Indexes for table `loan`
--
ALTER TABLE `loan`
  ADD PRIMARY KEY (`l_id`);

--
-- Indexes for table `login_record`
--
ALTER TABLE `login_record`
  ADD PRIMARY KEY (`lr_id`);

--
-- Indexes for table `offer`
--
ALTER TABLE `offer`
  ADD PRIMARY KEY (`o_id`);

--
-- Indexes for table `package`
--
ALTER TABLE `package`
  ADD PRIMARY KEY (`pk_id`);

--
-- Indexes for table `payment`
--
ALTER TABLE `payment`
  ADD PRIMARY KEY (`pa_id`);

--
-- Indexes for table `person`
--
ALTER TABLE `person`
  ADD PRIMARY KEY (`p_id`);

--
-- Indexes for table `person_meta`
--
ALTER TABLE `person_meta`
  ADD PRIMARY KEY (`pm_id`);

--
-- Indexes for table `product`
--
ALTER TABLE `product`
  ADD PRIMARY KEY (`pr_id`);

--
-- Indexes for table `setting`
--
ALTER TABLE `setting`
  ADD PRIMARY KEY (`ID`);

--
-- Indexes for table `sms_log`
--
ALTER TABLE `sms_log`
  ADD PRIMARY KEY (`sl_id`);

--
-- Indexes for table `user_activity`
--
ALTER TABLE `user_activity`
  ADD PRIMARY KEY (`ua_id`);

--
-- AUTO_INCREMENT for dumped tables
--

--
-- AUTO_INCREMENT for table `adjective`
--
ALTER TABLE `adjective`
  MODIFY `ad_id` int(11) NOT NULL AUTO_INCREMENT, AUTO_INCREMENT=29;

--
-- AUTO_INCREMENT for table `bank_account`
--
ALTER TABLE `bank_account`
  MODIFY `ba_id` int(11) NOT NULL AUTO_INCREMENT, AUTO_INCREMENT=6;

--
-- AUTO_INCREMENT for table `book`
--
ALTER TABLE `book`
  MODIFY `b_id` int(11) NOT NULL AUTO_INCREMENT, AUTO_INCREMENT=265;

--
-- AUTO_INCREMENT for table `buy_package`
--
ALTER TABLE `buy_package`
  MODIFY `bp_id` int(11) NOT NULL AUTO_INCREMENT COMMENT 'کد ردیف';

--
-- AUTO_INCREMENT for table `costs`
--
ALTER TABLE `costs`
  MODIFY `c_id` int(11) NOT NULL AUTO_INCREMENT, AUTO_INCREMENT=2;

--
-- AUTO_INCREMENT for table `course`
--
ALTER TABLE `course`
  MODIFY `c_id` int(11) NOT NULL AUTO_INCREMENT, AUTO_INCREMENT=172;

--
-- AUTO_INCREMENT for table `course_cost`
--
ALTER TABLE `course_cost`
  MODIFY `cc_id` int(11) NOT NULL AUTO_INCREMENT, AUTO_INCREMENT=6;

--
-- AUTO_INCREMENT for table `course_ticket`
--
ALTER TABLE `course_ticket`
  MODIFY `ct_id` int(11) NOT NULL AUTO_INCREMENT, AUTO_INCREMENT=14;

--
-- AUTO_INCREMENT for table `factor`
--
ALTER TABLE `factor`
  MODIFY `f_id` int(11) NOT NULL AUTO_INCREMENT COMMENT 'کد ردیف', AUTO_INCREMENT=364;

--
-- AUTO_INCREMENT for table `factor_buy`
--
ALTER TABLE `factor_buy`
  MODIFY `f_id` int(11) NOT NULL AUTO_INCREMENT COMMENT 'کد فاکتور', AUTO_INCREMENT=10;

--
-- AUTO_INCREMENT for table `factor_buy_body`
--
ALTER TABLE `factor_buy_body`
  MODIFY `fb_id` int(11) NOT NULL AUTO_INCREMENT COMMENT 'کد ردیف فاکتور خرید', AUTO_INCREMENT=6;

--
-- AUTO_INCREMENT for table `food`
--
ALTER TABLE `food`
  MODIFY `f_id` int(11) NOT NULL AUTO_INCREMENT, AUTO_INCREMENT=12;

--
-- AUTO_INCREMENT for table `food_plan`
--
ALTER TABLE `food_plan`
  MODIFY `fp_id` int(11) NOT NULL AUTO_INCREMENT, AUTO_INCREMENT=54;

--
-- AUTO_INCREMENT for table `food_reserv`
--
ALTER TABLE `food_reserv`
  MODIFY `fr_id` int(11) NOT NULL AUTO_INCREMENT, AUTO_INCREMENT=23;

--
-- AUTO_INCREMENT for table `game`
--
ALTER TABLE `game`
  MODIFY `g_id` int(11) NOT NULL AUTO_INCREMENT COMMENT 'کد ردیف', AUTO_INCREMENT=168;

--
-- AUTO_INCREMENT for table `game_meta`
--
ALTER TABLE `game_meta`
  MODIFY `gm_id` int(11) NOT NULL AUTO_INCREMENT COMMENT 'کد متای بازی', AUTO_INCREMENT=335;

--
-- AUTO_INCREMENT for table `headlines`
--
ALTER TABLE `headlines`
  MODIFY `h_id` int(11) NOT NULL AUTO_INCREMENT, AUTO_INCREMENT=3;

--
-- AUTO_INCREMENT for table `loan`
--
ALTER TABLE `loan`
  MODIFY `l_id` int(11) NOT NULL AUTO_INCREMENT, AUTO_INCREMENT=18;

--
-- AUTO_INCREMENT for table `login_record`
--
ALTER TABLE `login_record`
  MODIFY `lr_id` int(11) NOT NULL AUTO_INCREMENT, AUTO_INCREMENT=396;

--
-- AUTO_INCREMENT for table `offer`
--
ALTER TABLE `offer`
  MODIFY `o_id` int(11) NOT NULL AUTO_INCREMENT COMMENT 'کد ردیف', AUTO_INCREMENT=12;

--
-- AUTO_INCREMENT for table `package`
--
ALTER TABLE `package`
  MODIFY `pk_id` int(11) NOT NULL AUTO_INCREMENT COMMENT 'کد ردیف', AUTO_INCREMENT=35;

--
-- AUTO_INCREMENT for table `payment`
--
ALTER TABLE `payment`
  MODIFY `pa_id` int(11) NOT NULL AUTO_INCREMENT, AUTO_INCREMENT=849;

--
-- AUTO_INCREMENT for table `person`
--
ALTER TABLE `person`
  MODIFY `p_id` int(11) NOT NULL AUTO_INCREMENT, AUTO_INCREMENT=4803;

--
-- AUTO_INCREMENT for table `person_meta`
--
ALTER TABLE `person_meta`
  MODIFY `pm_id` int(11) NOT NULL AUTO_INCREMENT, AUTO_INCREMENT=538;

--
-- AUTO_INCREMENT for table `product`
--
ALTER TABLE `product`
  MODIFY `pr_id` int(11) NOT NULL AUTO_INCREMENT COMMENT 'کد ردیف', AUTO_INCREMENT=93;

--
-- AUTO_INCREMENT for table `setting`
--
ALTER TABLE `setting`
  MODIFY `ID` int(11) NOT NULL AUTO_INCREMENT, AUTO_INCREMENT=156;

--
-- AUTO_INCREMENT for table `sms_log`
--
ALTER TABLE `sms_log`
  MODIFY `sl_id` int(11) NOT NULL AUTO_INCREMENT, AUTO_INCREMENT=19;

--
-- AUTO_INCREMENT for table `user_activity`
--
ALTER TABLE `user_activity`
  MODIFY `ua_id` int(11) NOT NULL AUTO_INCREMENT, AUTO_INCREMENT=25;
COMMIT;

/*!40101 SET CHARACTER_SET_CLIENT=@OLD_CHARACTER_SET_CLIENT */;
/*!40101 SET CHARACTER_SET_RESULTS=@OLD_CHARACTER_SET_RESULTS */;
/*!40101 SET COLLATION_CONNECTION=@OLD_COLLATION_CONNECTION */;
