-- MySQL dump 10.15  Distrib 10.0.38-MariaDB, for Linux (x86_64)
--
-- Host: localhost    Database: helisoft_balloniadb
-- ------------------------------------------------------
-- Server version	10.0.38-MariaDB

/*!40101 SET @OLD_CHARACTER_SET_CLIENT=@@CHARACTER_SET_CLIENT */;
/*!40101 SET @OLD_CHARACTER_SET_RESULTS=@@CHARACTER_SET_RESULTS */;
/*!40101 SET @OLD_COLLATION_CONNECTION=@@COLLATION_CONNECTION */;
/*!40101 SET NAMES utf8mb4 */;
/*!40103 SET @OLD_TIME_ZONE=@@TIME_ZONE */;
/*!40103 SET TIME_ZONE='+00:00' */;
/*!40014 SET @OLD_UNIQUE_CHECKS=@@UNIQUE_CHECKS, UNIQUE_CHECKS=0 */;
/*!40014 SET @OLD_FOREIGN_KEY_CHECKS=@@FOREIGN_KEY_CHECKS, FOREIGN_KEY_CHECKS=0 */;
/*!40101 SET @OLD_SQL_MODE=@@SQL_MODE, SQL_MODE='NO_AUTO_VALUE_ON_ZERO' */;
/*!40111 SET @OLD_SQL_NOTES=@@SQL_NOTES, SQL_NOTES=0 */;

--
-- Current Database: `helisoft_balloniadb`
--


--
-- Table structure for table `adjective`
--

DROP TABLE IF EXISTS `adjective`;
/*!40101 SET @saved_cs_client     = @@character_set_client */;
/*!40101 SET character_set_client = utf8 */;
CREATE TABLE `adjective` (
  `ad_id` int(11) NOT NULL AUTO_INCREMENT,
  `ad_name` varchar(50) NOT NULL,
  PRIMARY KEY (`ad_id`)
) ENGINE=MyISAM AUTO_INCREMENT=29 DEFAULT CHARSET=utf8;
/*!40101 SET character_set_client = @saved_cs_client */;

--
-- Dumping data for table `adjective`
--

LOCK TABLES `adjective` WRITE;
/*!40000 ALTER TABLE `adjective` DISABLE KEYS */;
INSERT INTO `adjective` (`ad_id`, `ad_name`) VALUES (4,'کلاه'),(5,'کاپشن'),(7,'کفش'),(8,'IPAD'),(10,'جوراب'),(11,'کاپشن'),(12,'تبلت'),(14,'عینک'),(20,'اسباب بازی');
/*!40000 ALTER TABLE `adjective` ENABLE KEYS */;
UNLOCK TABLES;

--
-- Table structure for table `book`
--

DROP TABLE IF EXISTS `book`;
/*!40101 SET @saved_cs_client     = @@character_set_client */;
/*!40101 SET character_set_client = utf8 */;
CREATE TABLE `book` (
  `b_id` int(11) NOT NULL AUTO_INCREMENT,
  `b_cage` varchar(25) NOT NULL,
  `b_name` varchar(255) NOT NULL,
  `b_author` varchar(255) NOT NULL,
  `b_publisher` varchar(25) NOT NULL,
  PRIMARY KEY (`b_id`)
) ENGINE=MyISAM AUTO_INCREMENT=265 DEFAULT CHARSET=utf8;
/*!40101 SET character_set_client = @saved_cs_client */;

--
-- Dumping data for table `book`
--

LOCK TABLES `book` WRITE;
/*!40000 ALTER TABLE `book` DISABLE KEYS */;
INSERT INTO `book` (`b_id`, `b_cage`, `b_name`, `b_author`, `b_publisher`) VALUES (5,'555','شازده کوچولو','حسین عباسی','محمود ملاک'),(6,'15','سی شب سی قصه 1','مژگان شیخی','قدیانی'),(7,'15','سی شب سی قصه 2','مژگان شیخی','قدیانی'),(8,'15','سی شب سی قصه 4','مژگان شیخی','قدیانی'),(9,'15','سی شب سی قصه 5','مژگان شیخی','قدیانی'),(10,'15','سی شب سی قصه 6','مژگان شیخی','قدیانی'),(11,'15','سی شب سی قصه7','مژگان شیخی','قدیانی'),(12,'15','سی شب سی قصه8','مژگان شیخی','قدیانی'),(13,'15','سی شب سی قصه 9','مژگان شیخی','قدیانی'),(14,'15','سی شب سی قصه10','مژگان شیخی','قدیانی'),(15,'15','سی شب سی قصه 11','مژگان شیخی','قدیانی'),(16,'15','سی شب سی قصه 12','مژگان شیخی','قدیانی'),(17,'15','ماکودکان مسلمان-امانت داری3','مریم اسلامی','قدیانی'),(18,'15','ماکودکان مسلمان-قرآن1','مریم اسلامی','قدیانی'),(19,'15','ماکودکان مسلمان-نیکی به پدرومادر4','مریم اسلامی','قدیانی'),(20,'15','ماکودکان مسلمان-راست گویی6','مریم اسلامی','قدیانی'),(21,'15','ماکودکان مسلمان-روزه8','مریم اسلامی','قدیانی'),(22,'15','ماکودکان مسلمان-پاکیزگی9','مریم اسلامی','قدیانی'),(23,'15','ماکودکان مسلمان-مراقبت از خود10','مریم اسلامی','قدیانی'),(24,'15','علوم ترسناک','نیک آرنولد-مترجم محمود مزینانی','پیدایش'),(25,'15','اتاق تجربه-سبیل بابابزرگ عمرا','معصومه یزدانی','چکه'),(26,'15','صدای نفس های شمن-ابراهیم همت16','مهدی میرکیایی','کتابهای شکوفه'),(27,'15','ماکودکان مسلمان-خوش قولی12','مریم اسلامی','قدیانی'),(28,'15','جوانمردان صحرا-یعقوب لیث 4','مهدی میرکیایی','کتابهای شکوفه'),(29,'15','جشن آتش-علی پسر بویه-5','مهدی میرکیایی','کتابهای شکوفه'),(30,'15','آب و آتش-امام قلی خان 8','مهدی میرکیایی','کتابهای شکوفه'),(31,'15','جوان ترین سردار-میرمهنا 9','مهدی میرکیایی','کتابهای شکوفه'),(32,'15','نبرد در تاریکی-حسن خان ساری اصلان','مهدی میرکیایی','کتابهای شکوفه'),(33,'15','دامی برای صیاد-رئیس علی دلواری13','مهدی میرکیایی','کتابهای شکوفه'),(34,'15','سرار سبز-میرزا کوچک خان جنگلی14','مهدی میرکیایی','کتابهای شکوفه'),(35,'15','آسوده اش نگذارید-دکتر مصطفی چمران15','مهدی میرکیایی','کتابهای شکوفه'),(36,'15','داستان های دوستی-همیشه مثل تو 1','سید محمد مهاجرنی','قدیانی'),(37,'15','داستان های دوستی-خرس عروسکی 2','سید محمد مهاجرنی','قدیانی'),(38,'15','داستان های دوستی-طناب های قرمز 3','سید محمد مهاجرنی','قدیانی'),(39,'15','داستان های دوستی-موهای طلایی 4','سید محمد مهاجرنی','قدیانی'),(40,'15','داستان های دوستی-سیب سرخ 5','سید محمد مهاجرنی','قدیانی'),(41,'15','داستان های دوستی-اشرف خانم 6','سید محمد مهاجرنی','قدیانی'),(42,'15','داستان های دوستی-بچه های زرنگ 7','سید محمد مهاجرنی','قدیانی'),(43,'15','داستان های دوستی-گروه شبنم 8','سید محمد مهاجرنی','قدیانی'),(44,'15','من حضرت محمد را دوست دارم 1','غلامرضا حیدری ابهری',' جمال'),(45,'15','من امام علی(ع) را دوست دارم 2','غلامرضا حیدری ابهری','جمال'),(46,'15','من حضرت زهرا را دوست دارم3','غلامرضا حیدری ابهری','جمال'),(47,'15','من امام حسن(ع) را دوست دارم 4','غلامرضا حیدری ابهری','جمال'),(48,'15','من امام سجاد را دوست دارم 6','غلامرضا حیدری ابهری','جمال'),(49,'15','من امام باقر(ع) را دوست دارم 7','غلامرضا حیدری ابهری','جمال'),(50,'15','من امام صادق(ع) را دوست دارم 8','غلامرضا حیدری ابهری','جمال'),(51,'15','من امام کاظم را دوست دارم 9','غلامرضا حیدری ابهری','جمال'),(52,'15','من امام رضا(ع) را دوست دارم 10','غلامرضا حیدری ابهری','جمال'),(53,'15','من امام جواد(ع) را دوست دارم 11','غلامرضا حیدری ابهری','جمال'),(54,'15','من امام هادی(ع) را دوست دارم 12','غلامرضا حیدری ابهری','جمال'),(55,'15','من امام حسن عسگری (ع) را دوست دارم 13','غلامرضا حیدری ابهری','جمال'),(56,'15','من امام زمان(ع) را دوست دارم 14','غلامرضا حیدری ابهری','جمال'),(57,'15','من امام حسین(ع) را دوست دارم 5','غلامرضا حیدری ابهری','جمال'),(58,'15','قصه های پیامبر و فرزندانش مجموعه1','نقی سلیمانی','کتابهای شکوفه'),(59,'15','قصه های پیامبر و فرزندانش مجموعه2','نقی سلیمانی','کتابهای شکوفه'),(60,'15','قصه های پیامبر و فرزندانش مجموعه3','نقی سلیمانی','کتابهای شکوفه'),(61,'15','قصه های پیامبر و فرزندانش مجموعه4','نقی سلیمانی','کتابهای شکوفه'),(62,'15','قصه های پیامبر و فرزندانش مجموعه5','نقی سلیمانی','کتابهای شکوفه'),(63,'15','هنری زلزله پولدار می شود','فرانچسکا سایمون-مترجم آتوسا صالحی','افق'),(64,'15','دلفین ها و نهنگ ها','مترجم نجمه احمدپور خوئینی','ندای مهدی'),(65,'15','14 قصه 14 معصوم امام مهدی 14','حسین فتاحی','قدیانی'),(66,'15','14 قصه 14 معصوم امام رضا 10','حسین فتاحی','قدیانی'),(67,'15','قصه های کوچک برای بچه ای کوچک 1','شکوفه قاسم نیا','قدیانی'),(68,'15','قصه های کوچک برای بچه ای کوچک 1','شکوفه قاسم نیا','قدیانی'),(69,'15','قصه های کوچک برای بچه ای کوچک 2','شکوفه قاسم نیا','قدیانی'),(70,'15','قصه های کوچک برای بچه ای کوچک 5','شکوفه قاسم نیا','قدیانی'),(71,'15','قصه های کوچک برای بچه ای کوچک6 ','شکوفه قاسم نیا','قدیانی'),(72,'15','روزی بود روزی نبود دزد و آرزو 2','محمد میرکیانی','محراب قلم'),(73,'15','قصه های شاهنامه-اسفندیار رویین تن 3','آتوسا سالحی','افق'),(74,'15','مامان چقدر خوب است','ناصر کشاورز','سوره مهر'),(75,'15','بوستان سعدی شیرازی','محمد مطلق','پارسه'),(76,'15','کریسمس پرماجرای استنی','مترجم احمد کسایی پور','کیمیا'),(77,'15','ماجرای حیرات انگیز استنی','مترجم احمد کسایی پور','کیمیا'),(78,'15','استنی نامرئی','مترجم احمد کسایی پور','کیمیا'),(79,'15','استنی و چراغ جادو','مترجم احمد کسایی پور','کیمیا'),(80,'15','قصه های رامین','توران رئیسی','پیک ادبیات'),(81,'15','خواهر کوچولوی آتیش پاره من و هری شیطونه','مترجم پژمان طهرانیان،آناهیتا آتش بیز','کیمیا'),(82,'15','خواهر کوچولوی آتیش پاره من و هری شیطونه','مترجم پژمان طهرانیان','کیمیا'),(83,'15','موش های نقاشی و مداد رنگی','اسدالله شعبانی','مدرسه'),(84,'15','روباه زرنگ با دم قشنگ','اسدالله شعبانی','مدرسه'),(85,'15','قصه بازرگان و طوطی','اسدالله شعبانی','مدرسه'),(86,'15','گلی کوچولو یه برگ هلو','اسدالله شعبانی','مدرسه'),(87,'15','نصفش مال من نصفش مال تو','اسدالله شعبانی','مدرسه'),(88,'15','یک بوته خار','اسدالله شعبانی','مدرسه'),(89,'15','خاله قلقلی خیلی زبلی','اسدالله شعبانی','مدرسه'),(90,'15','سرزمین رویای من','محمدصادق خدایی','ابرار'),(91,'15','قشنگ مثل دایره','مریم خیاط پور','کتابهای شکوفه'),(92,'15','داستان های آسمانی','مریم شریف رضویان','طاهر'),(126,'15','سفید برفی و هفت کوتوله','مترجم فرزانه صابری','آبشن'),(94,'15','کلیله و دمنه','مریم شریف رضویان','طاهر'),(95,'15','قصه های شیرین جهان جلد11تا20','مترجم علی اکبری','قدیانی'),(96,'15','قصه های شیرین جهان جلد31تا40','مترجم بیژن نامجو','قدیانی'),(97,'15','در فصل های خانه','داوود لطف الله','مدرسه'),(98,'15','آغاز داستان ها:اسطوره ی کیومرث پادشاه1','آرمان آرین ','چکه'),(99,'15','پیروزی بردیوها','آرمان آرین ','چکه'),(100,'15','سوار بر اهریمی','آرمان آرین ','چکه'),(101,'15','ستمگر می آید اسطوره ی 4','آرمان آرین ','چکه'),(102,'15','داستان مارها اسطوره 5','آرمان آرین ','چکه'),(103,'15','نخستین انقلاب تاریخ اسطوره ی6','آرمان آرین ','چکه'),(114,'15','اولین کتاب هوش من','علی اکبر صفائی دیبا','همکلاسی'),(110,'15','صالح و قوم ثمود 1','افسانه شعبان نژاد','لک لک'),(111,'15','چراهای شگفت انگیز قرآن کریم','رضا نباتی','محراب قلم'),(112,'15','موشک کاغذی بزرگ','مترجم رضوان خرمیان','دانش نگار'),(113,'15','فراهوش','علی اکبر صفائی دیبا','همکلاسی'),(115,'15','پسرک بازیگوش و شیشه شکلات','غزاله همکار حسین جواهری','جواهری'),(116,'15','مرد پینه دوز و مرد بازرگان','غزاله هنر کار و حسین جواهری','جواهری'),(117,'15','بذر آرامش','مترجم حسین ابراهیمی','شهر'),(118,'15','هدیه ای برای مادر بزرگ','رزاقی','کتاب های زعفرانی'),(119,'15','کشتی نوح 2','افسانه شعبان نژاد','لک لک'),(120,'15','فکر خوب احساس خول','مترجم مژگان امینی','فرهنگ پژوهان دانش'),(121,'15','هویج های وحشتناک','مترجم پروین علی پر','به نگار'),(122,'15','تکنیک نقاشی با مداد رنگی','مترجم سیامک علیزاده','اشجع'),(123,'15','ماموریت دشوار','مترجم مجید عمیق','دلهام'),(124,'15','داستان پسرک چوپان  گرگ','غزاله هنر کار و حسین جواهری','جواهری'),(125,'15','داستان الاغ و سگ','غزاله هنر کار و حسین جواهری','جواهری'),(127,'15','مملی خجالتی بود','فاطمه ستاری','دوست مهربان'),(128,'15','محمود کوچولو هندونه خورد','حسین میرزایی','تکسوار حجاز'),(136,'15','ساعت من طلا شده','برکات اهل بیت(ع)','برکات اهل بیت(ع)'),(130,'15','همسایه های تازه','راضیه شعبانی','بنیاد پژوهش های اسلامی'),(131,'15','آلبوم حیوانات','شکوفه اشرف الکتایی','دانش پرور'),(132,'15','هاچین و واچین','مریم فلاح پور کوتنایی','نگین هشتم'),(133,'15','علی بابا و چهل دزد','بیژن نامجو','برف'),(134,'15','خواب خیالی','لیلا خیامی','آیین تربیت'),(135,'15','خواب و تاب و بهار نارنج','پروین علی پور','بنیاد پژوهش اسلامی'),(137,'15','حسنی میون خواب خوش','مهروش طهوری','اورانوس'),(138,'15','شیری که خر بود','مترجم ناصر جلالیان','برف'),(139,'15','کلاه نمدی','سوسن طاقدیس','نهاد هنر و ادبیات'),(140,'15','نانی نازنازو','شکوه قاسم نیا','کتابهای شکوفه'),(141,'15','چه کسی مرا برد به هوا','منصوره صابری','کتابهای شکوفه'),(142,'15','خانه حیوانات','علیرضا روسی','دهسرا'),(143,'15','هدیه های امام حسن','محمد مهاجرانی','بهار دلهاها'),(144,'15','هاچین و واچین','مریم فلاح پور کوتنایی','نگین هشتم'),(145,'15','تبر طلایی و فرشته مهربون','شاگاهیراتا','برف'),(146,'15','شوخی می کنی؟','پروین علی پور','بنیاد پژوهش اسلامی'),(147,'15','همیار طبیعت عاقبت فکر بد','مرجان طالب رضایی','آرشیو'),(148,'15','سگی که قار قار میکرد','فریبا کلهر','کانون پرورش فکری نوجوانان'),(149,'15','پینوکیو پسر مهربان','مترجم حبیبیان','دادجو'),(150,'15','کلاغ تشنه','جعفر ابراهیمی','کانون پرورش فکری نوجوانان'),(151,'15','مواضب جریمه خدا باش','غلامرضا حیدری ابهری','قدیانی'),(152,'15','شهر قشنگ ظهپور','س رضایی','تکسوار حجاز'),(153,'15','کامواها','نسیمه ایمانی','کتابهای پروانه'),(154,'15','رنگانگ','مریم طالشی','برف'),(155,'15','من نبودم دستم','لعیا اعتمادی','جمال'),(156,'15','آش مامان سفیده و بابا سفیده','لاله جعفری','خانه ادبیات'),(157,'15','آی بچه ها صدا میاد میگه آقا داره میاد','س رضایی','تکسوار حجاز'),(158,'15','همیشه ناراضی','هوشنگ اشترانی','مفاهیم'),(159,'15','حسنی همیار پلیسه','مرضیه خانی زاده','هنرور'),(160,'15','دیو و دلبر','مترجم مهشید شادمهر شریف','تحول'),(161,'15','حسنی و فتنه کثیف','مینا بخشی','مهر انگیز'),(162,'15','دختر کوچولوی مهربان','مترجم آرزو رمضانی','آبرنگ'),(163,'15','حسن کچل به جنگ دشمن می رود','حسین فتاحی','افق'),(164,'15','شناخت رنگ ها','علی اکبر صفائی دیبا','همکلاسی'),(165,'15','جزیره گنج','مترجم علی اکبری','برف'),(166,'15','حسنی شدش بی دندون','آلاله قرئی','سرزمین مادری'),(167,'15','یادم رفت','صبا رفیع','نردبان'),(168,'15','سلیمان و حیوانات جنگل','محمود میرزایی','لیدا'),(169,'15','پیرمرد ماهی گیر و پری دریایی','سعید میرزایی','مفاهیم'),(170,'15','قصه های خرس کوچولو','لاله جعفری','کتابهای شکوفه'),(171,'15','غول چراغ جادو','مترجم الهام کائینی','برف'),(172,'15','سلام بر زندگی','مترجم مهناز عسگری','سروش'),(173,'15','آلبوم حیوانات','شکوفه اشرف الکتایی','دانش پرور'),(174,'15','قصه یک گربه و پنج موش','مصطفی رحماندوست','کانون پرورش فکری نوجوانان'),(175,'15','لباس جدید پادشاه','مترجم اشرف دوستی','قصر کتاب'),(176,'15','سه تا خربزه خیلی خوشمزه','ملک','برکات اهل بیت(ع)'),(177,'15','حسنی و مرغ ناقلا','اکبر فلاحتی','دانش پرور'),(178,'15','خودم بلدم','صبا رفیع','نردبان'),(179,'15','کتاب و ب ممنوع','محمدکاظم مزیانی','شاهد'),(180,'15','شاهنامه رستم و سهراب','زینب السادات طباطبایی','طاهر'),(181,'15','ماجراهای پیشول میشول و آقای نیکی','بهنام صبوحی','کانون آگهی و تبلیغات'),(182,'15','خروس زری پیرهن پری','احمد شاملو','خانه ادبیات'),(183,'15','خرگوش مغرور و لاکپشت','شاگاهیراتا','برف'),(184,'15','ملکه جنگل','سید احمد زرهانی','ستاد اقامه نماز'),(185,'15','پرواز','سید جواد هاشمی','ستاد اقامه نماز'),(186,'15','دوروتی و شهرجادو','فرانک بام','صبح شادی'),(187,'15','دهکده خرگوش ها','اکبر فلاحتی','دانش پرور'),(188,'15','شب بخیر عزیزم','پروین علی پور','بنیاد پژوهش اسلامی'),(189,'15','زیباترین دیدنی','فریبا کلهر','بوستان کتاب قلم'),(190,'15','خرسی که میخواست قصه بگوید','مترجم ساناز حکت شعار','کتابهای شکوفه'),(191,'15','انرژی و شهر ما','محمد کمره ای','وزارت نیرو'),(192,'15','خری که خر نشد','محمدرضا یوسفی','فرای علم'),(193,'15','روباه و خروس','محمدرضا یوسفی','فرای علم'),(194,'15','حسنی  که فکر درس نیست','مجید سیف','سپیده'),(195,'15','مرد فقیر و بهترین پیران','عباس رمضانی','کتاب تارا'),(196,'15','احادیث تصویری را رنگ کنید','محمود خیری','مکتب بشیر'),(197,'15','زمین پاک','مترجم آرام وحیدی','کتاب های سبز'),(198,'15','الاغ بابا از سفر اوم','ملک','برکات اهل بیت(ع)'),(199,'15','پینوکیو','مترجم مهدی صبوحی','سپیده'),(200,'15','طوطی و بازرگان','شایا محمدی رفیع','فرای علم'),(201,'15','خروس و دوست مهربان','شاگاهیراتا','برف'),(202,'15','خرگوش ارایشگر','مترجم زهرا ملک محمدی','فکر برتر'),(203,'15','آموزش قرآن','مکتب القران الکریم','مکتب القران الکریم'),(204,'15','کشتی نوح','مهدی قنبری','همکلاسی'),(205,'15','شقایقی از کردستان','مهدی وحیدی صدر','نینوا'),(206,'15','دوازده امام','علیرضا حضرتی','زائر'),(207,'15','حضرت ابراهیم','طاهره معصومی','آبشن'),(208,'15','حضرت یونس','مرجان رحمانی','همکلاسی'),(209,'15','داستان موسی و حضرت خضر','مرجان رحمان','همکلاسی'),(210,'15','نهج البلاغه','س رضایی','برکات اهل بیت(ع)'),(211,'15','قصه چند آیه خوب خدا','مجتبی آموزگار','زیتون'),(212,'15','حضرت الیاس و پرواز به آسمان','عزت سنایی راد','دوست مهربان'),(213,'15','امام رضای مهربون','سید محمد مهاجرانی','جمال'),(214,'15','جشن تکلیف','فرشته رامشینی','کمال اندیشه'),(215,'15','ماجرای نذر زینب کوچولو','فاطمه سادات فصیحی','مسجد مقدس جمکران'),(216,'15','تشنه تر از من','ابراهیم حسن بیگی','مدرسه'),(217,'15','نوح و طوفان بزرگ','سید حسن ناصری','آیین تربیت'),(218,'15','مدرسه نهج البلاغه','علی سلگی','شهرداری'),(219,'15','جشن شکوفه ها','مازیار تهرانی','ستاد اقامه نماز'),(220,'15','مصاحبه با شنگول و منگول','رحمن زارع','خانه ادبیات'),(221,'15','روباه و شکار چی','بهمن آذری نجفی','آفتاب مهتاب'),(222,'15','حضرت امام محمدباقر','احسان قنبری','همکلاسی'),(223,'15','شتر مسافرت را به خانه برسان','برکات اهل بیت(ع)','برکات اهل بیت(ع)'),(224,'15','هدیه روز تولد تدی','','صدف'),(225,'15','حضرت نوح','منیژه عارفی','جهان پویش'),(226,'15','نی نوشیدنی ها','مهناز نخعی','کتاب های پروانه '),(227,'15','ضربه کاری','احمد عربلو','محراب قلم'),(228,'15','سایه ای زیرنور ماه','سوسن طاقدیس','گلبرگ سروش'),(229,'15','بچه ها مهد کودک','سمیرا جعفری','نگین هشتم'),(230,'15','داستان های پیامبر آواز چکاوک','مریم بصیری','قدر  ولایت'),(231,'15','روباه کلک و کلاغ زیرک','محمود میرزایی دلاویز','شهرزاد'),(232,'15','کتاب مهارت کودک','علی اکبر صفائی دیبا','سیب'),(233,'15','مادر دوستت دارم','راحله قیداری','ادب و دانش'),(234,'15','آبی تر از آسمان','محسن پارسا','سپیده'),(235,'15','بوی هلو و باروت','محمد کاظم مزینانی','شاهد'),(236,'15','نوح و طوفان بزرگ','سید حسن ناصری','آیین تربیت'),(237,'15','قصه چند آیه خوب خدا','مجتبی آموزگار','زیتون'),(238,'15','داستان موسی و حضرت خضر','مرجان رحمان','همکلاسی'),(239,'15','حضرت یونس','مرجان رحمانی','همکلاسی'),(240,'15','حضرت ابراهیم','طاهره معصومی','ابشن'),(241,'15','حسنی رنگ می کند','','صدف'),(242,'15','شب بخیر عزیزم','پروین علی پور','بنیاد پژوهش اسلامی'),(243,'15','موش روستایی و موش شهری','سعید بهروزی','افق'),(244,'15','انرژی های نو','مترجم شهرزاد فتوحی','فنی ایران'),(245,'15','سفر کک و مک ','مترجم غلامرضا امامی','شهر'),(246,'15','جانشین پادشاه','سریر ملکی','سادس'),(247,'15','در باغ خرگوش ها','مترجم غلامرضا امامی','شهر'),(248,'15','امام رضا','مهدی وحیدی صدر','موسسه آموزشی پژوهشی امام '),(249,'15','بهادر','نورا حق پرست','کانون پرورش فکری نوجوانان'),(250,'15','قصه های مهربانی','سپیده خلیلی','کتاب های پروانه '),(251,'15','دیو و درنا','مریم بصیری','کتاب های آبی گل'),(252,'15','اتوبوس جادویی و سفربه دنیای برق','مترجم ابراهیم ابراهیمی','سبز اندیشان'),(253,'15','روزی که آوس بیمار شد','مترجم سمیرا ابراهیمی','کتابهای شکوفه'),(254,'15','سبد مادربزرگ','محمدرضا یوسفی','کتاب های پروانه '),(255,'15','تخم مرغ گمشده','مترجم سارا ملایی','ادریس'),(256,'15','شاهنامه حماسه فریدون و ضحاک','سعید رزاقی','طاهر'),(257,'15','کوچولو شیرین تر از عسل تویی','','محتوی'),(258,'15','من کجا هستم','مترجم امیر حسین بنکدار','کانون پرورش فکری نوجوانان'),(259,'15','زائر کوچولو','نرجس رحیمی نژاد','قدر  ولایت'),(260,'15','بستنی رنگین کمان','منیژه هاشمی','گلبرگ سروش'),(261,'15','ساعت هفت و ربع','محمد کاظم مزینانی','شاهد'),(262,'15','حضرت امام حسن مجتبی','احسان قنبری','همکلاسی'),(263,'15','جزیره گنج','علی اکبری','برف'),(264,'15','کشتی  نوح ','مهدی قنبری','همکلاسی');
/*!40000 ALTER TABLE `book` ENABLE KEYS */;
UNLOCK TABLES;

--
-- Table structure for table `buy_package`
--

DROP TABLE IF EXISTS `buy_package`;
/*!40101 SET @saved_cs_client     = @@character_set_client */;
/*!40101 SET character_set_client = utf8 */;
CREATE TABLE `buy_package` (
  `bp_id` int(11) NOT NULL AUTO_INCREMENT COMMENT 'کد ردیف',
  `p_id` int(11) NOT NULL COMMENT 'کد شخص',
  `pk_id` int(11) NOT NULL COMMENT 'کد بسته',
  `bp_time` float NOT NULL COMMENT 'مدت زمان',
  `bp_expire` varchar(15) NOT NULL COMMENT 'تاریخ انقضا',
  `bp_type` varchar(15) NOT NULL,
  PRIMARY KEY (`bp_id`)
) ENGINE=InnoDB DEFAULT CHARSET=utf8;
/*!40101 SET character_set_client = @saved_cs_client */;

--
-- Dumping data for table `buy_package`
--

LOCK TABLES `buy_package` WRITE;
/*!40000 ALTER TABLE `buy_package` DISABLE KEYS */;
/*!40000 ALTER TABLE `buy_package` ENABLE KEYS */;
UNLOCK TABLES;

--
-- Table structure for table `course`
--

DROP TABLE IF EXISTS `course`;
/*!40101 SET @saved_cs_client     = @@character_set_client */;
/*!40101 SET character_set_client = utf8 */;
CREATE TABLE `course` (
  `c_id` int(11) NOT NULL AUTO_INCREMENT,
  `c_name` varchar(75) DEFAULT NULL,
  `c_capacity` int(5) DEFAULT NULL,
  `c_date` date DEFAULT NULL,
  `c_fee` varchar(20) DEFAULT NULL,
  `t_id` int(11) DEFAULT NULL,
  `c_details` text,
  PRIMARY KEY (`c_id`)
) ENGINE=InnoDB AUTO_INCREMENT=172 DEFAULT CHARSET=utf8;
/*!40101 SET character_set_client = @saved_cs_client */;

--
-- Dumping data for table `course`
--

LOCK TABLES `course` WRITE;
/*!40000 ALTER TABLE `course` DISABLE KEYS */;
INSERT INTO `course` (`c_id`, `c_name`, `c_capacity`, `c_date`, `c_fee`, `t_id`, `c_details`) VALUES (133,'نقاشی خلاق خصوصی',5,'0000-00-00','6000000',0,'ss'),(159,'شب یلدا 98',200,'1398-09-29','350000',119,''),(160,'قصه گویی ترم اول زمستان 98',15,'1398-09-17','1500000',133,''),(169,'مادر و کودک',50,'1398-10-18','15000',5,'');
/*!40000 ALTER TABLE `course` ENABLE KEYS */;
UNLOCK TABLES;

--
-- Table structure for table `course_cost`
--

DROP TABLE IF EXISTS `course_cost`;
/*!40101 SET @saved_cs_client     = @@character_set_client */;
/*!40101 SET character_set_client = utf8 */;
CREATE TABLE `course_cost` (
  `cc_id` int(11) NOT NULL AUTO_INCREMENT,
  `c_id` int(11) NOT NULL,
  `cc_price` decimal(10,0) NOT NULL,
  `cc_details` text CHARACTER SET utf8 NOT NULL,
  `cc_date` date NOT NULL,
  PRIMARY KEY (`cc_id`)
) ENGINE=InnoDB AUTO_INCREMENT=6 DEFAULT CHARSET=latin1;
/*!40101 SET character_set_client = @saved_cs_client */;

--
-- Dumping data for table `course_cost`
--

LOCK TABLES `course_cost` WRITE;
/*!40000 ALTER TABLE `course_cost` DISABLE KEYS */;
INSERT INTO `course_cost` (`cc_id`, `c_id`, `cc_price`, `cc_details`, `cc_date`) VALUES (2,160,15000,'مداد','1398-10-18'),(4,160,5000,'خرید لوله','1398-10-18'),(5,169,5000,'مداد','1398-10-18');
/*!40000 ALTER TABLE `course_cost` ENABLE KEYS */;
UNLOCK TABLES;

--
-- Table structure for table `course_ticket`
--

DROP TABLE IF EXISTS `course_ticket`;
/*!40101 SET @saved_cs_client     = @@character_set_client */;
/*!40101 SET character_set_client = utf8 */;
CREATE TABLE `course_ticket` (
  `ct_id` int(11) NOT NULL AUTO_INCREMENT,
  `c_id` int(11) NOT NULL,
  `ct_num` tinyint(4) NOT NULL,
  `ct_name` varchar(50) CHARACTER SET utf8 NOT NULL,
  `ct_price` decimal(10,0) NOT NULL,
  `ct_date` date NOT NULL,
  PRIMARY KEY (`ct_id`)
) ENGINE=InnoDB AUTO_INCREMENT=13 DEFAULT CHARSET=latin1;
/*!40101 SET character_set_client = @saved_cs_client */;

--
-- Dumping data for table `course_ticket`
--

LOCK TABLES `course_ticket` WRITE;
/*!40000 ALTER TABLE `course_ticket` DISABLE KEYS */;
INSERT INTO `course_ticket` (`ct_id`, `c_id`, `ct_num`, `ct_name`, `ct_price`, `ct_date`) VALUES (1,160,2,'مهدوی',0,'1398-10-18'),(2,160,4,'حسنی',0,'1398-10-18'),(3,160,50,'رضایی',0,'1398-10-18'),(6,160,3,'نجمی',0,'1398-10-18'),(9,160,2,'مهدوی',1500000,'1398-10-18'),(10,169,2,'مهدوی',15000,'1398-10-18'),(11,169,2,'حسنی',15000,'1398-10-18'),(12,169,4,'نجمی',15000,'1398-10-18');
/*!40000 ALTER TABLE `course_ticket` ENABLE KEYS */;
UNLOCK TABLES;

--
-- Table structure for table `factor`
--

DROP TABLE IF EXISTS `factor`;
/*!40101 SET @saved_cs_client     = @@character_set_client */;
/*!40101 SET character_set_client = utf8 */;
CREATE TABLE `factor` (
  `f_id` int(11) NOT NULL AUTO_INCREMENT COMMENT 'کد ردیف',
  `p_id` int(11) NOT NULL COMMENT 'کد شخص',
  `pr_id` int(11) NOT NULL COMMENT 'کد محصول',
  `f_count` int(11) NOT NULL COMMENT 'تعداد',
  `pr_price` int(11) NOT NULL COMMENT 'مبلغ',
  `f_date` datetime NOT NULL COMMENT 'تاریخ',
  `f_status` int(11) NOT NULL DEFAULT '0' COMMENT 'وضعیت پرداخت',
  PRIMARY KEY (`f_id`)
) ENGINE=InnoDB AUTO_INCREMENT=478 DEFAULT CHARSET=utf8;
/*!40101 SET character_set_client = @saved_cs_client */;

--
-- Dumping data for table `factor`
--

LOCK TABLES `factor` WRITE;
/*!40000 ALTER TABLE `factor` DISABLE KEYS */;
INSERT INTO `factor` (`f_id`, `p_id`, `pr_id`, `f_count`, `pr_price`, `f_date`, `f_status`) VALUES (469,5411,50,1,10000,'1398-10-25 15:36:00',1),(470,5217,50,1,10000,'1398-10-25 16:21:00',1),(471,229,50,1,10000,'1398-10-26 13:08:00',1),(472,5469,50,1,10000,'1398-10-26 17:12:00',1),(473,5479,50,1,10000,'1398-10-26 18:25:00',1),(476,5521,52,1,7000,'1398-10-27 15:34:00',1),(477,5560,50,1,10000,'1398-10-28 12:36:00',1);
/*!40000 ALTER TABLE `factor` ENABLE KEYS */;
UNLOCK TABLES;

--
-- Table structure for table `game`
--

DROP TABLE IF EXISTS `game`;
/*!40101 SET @saved_cs_client     = @@character_set_client */;
/*!40101 SET character_set_client = utf8 */;
CREATE TABLE `game` (
  `g_id` int(11) NOT NULL AUTO_INCREMENT COMMENT 'کد ردیف',
  `p_id` int(11) NOT NULL COMMENT 'کد شخص',
  `g_type` varchar(25) DEFAULT NULL COMMENT 'نوع ورود',
  `g_count` tinyint(5) NOT NULL DEFAULT '1' COMMENT 'تعداد',
  `g_in` time DEFAULT NULL COMMENT 'ساعت ورود',
  `g_out` time DEFAULT NULL COMMENT 'ساعت خروج',
  `g_date` date NOT NULL COMMENT 'تاریخ ورود',
  `g_total` smallint(6) DEFAULT '0' COMMENT 'جمع دقیقه عادی',
  `g_total_vip` smallint(6) DEFAULT '0' COMMENT 'جمع دقیقه ویژه',
  `g_extra` smallint(6) DEFAULT '0' COMMENT 'جمع دقیقه مازاد',
  `g_total_price` decimal(10,0) DEFAULT '0' COMMENT 'مبلغ عادی',
  `g_total_vip_price` decimal(10,0) DEFAULT '0' COMMENT 'مبلغ ویژه',
  `g_extra_price` decimal(10,0) DEFAULT '0' COMMENT 'مبلغ مازاد',
  `g_used_sharj` smallint(6) DEFAULT '0' COMMENT 'شارژ مصرف شده',
  `g_login_price` decimal(10,0) DEFAULT '0' COMMENT 'مدت مازاد',
  `g_total_shop` decimal(10,0) DEFAULT '0' COMMENT 'جمع فروشگاه',
  `g_offer_code` smallint(6) DEFAULT '0' COMMENT 'کد تخفیف',
  `g_offer_price` decimal(10,0) DEFAULT '0' COMMENT 'مبلغ تخفیف',
  `g_status` tinyint(1) NOT NULL DEFAULT '0' COMMENT 'وضعیت حضور',
  `g_adjective` text COMMENT 'امانتی ها',
  PRIMARY KEY (`g_id`)
) ENGINE=InnoDB AUTO_INCREMENT=393 DEFAULT CHARSET=utf8;
/*!40101 SET character_set_client = @saved_cs_client */;

--
-- Dumping data for table `game`
--

LOCK TABLES `game` WRITE;
/*!40000 ALTER TABLE `game` DISABLE KEYS */;
INSERT INTO `game` (`g_id`, `p_id`, `g_type`, `g_count`, `g_in`, `g_out`, `g_date`, `g_total`, `g_total_vip`, `g_extra`, `g_total_price`, `g_total_vip_price`, `g_extra_price`, `g_used_sharj`, `g_login_price`, `g_total_shop`, `g_offer_code`, `g_offer_price`, `g_status`, `g_adjective`) VALUES (60,5385,'خانه بازی',1,'10:42:00','12:46:00','1398-10-25',124,0,0,120000,0,0,0,0,0,0,0,1,''),(61,3807,'خانه بازی',1,'10:50:00','14:04:00','1398-10-25',0,0,0,0,0,0,141,0,0,0,0,1,''),(62,3585,'خانه بازی',1,'11:06:00','12:30:00','1398-10-25',84,0,0,95000,0,0,0,0,0,0,0,1,''),(63,5386,'خانه بازی',1,'11:16:00','13:52:00','1398-10-25',112,0,0,120000,0,0,0,0,0,0,0,1,''),(64,5387,'خانه بازی',1,'11:16:00','13:22:00','1398-10-25',125,0,0,120000,0,0,0,0,0,0,0,1,''),(65,5388,'خانه بازی',1,'11:17:00','12:41:00','1398-10-25',84,0,0,95000,0,0,0,0,0,0,0,1,''),(66,3557,'خانه بازی',1,'11:17:00','12:46:00','1398-10-25',89,0,0,95000,0,0,0,0,0,0,0,1,''),(67,2793,'خانه بازی',1,'11:22:00','13:21:00','1398-10-25',80,0,0,95000,0,0,0,0,0,0,0,1,''),(68,2789,'خانه بازی',1,'11:24:00','13:08:00','1398-10-25',58,0,0,75000,0,0,0,0,0,0,0,1,''),(69,5347,'خانه بازی',1,'11:32:00','13:56:00','1398-10-25',144,0,0,150000,0,0,0,0,0,0,0,1,''),(70,5348,'خانه بازی',1,'11:33:00','13:56:00','1398-10-25',143,0,0,150000,0,0,0,0,0,9,15000,1,''),(71,5389,'خانه بازی',1,'11:34:00','13:58:00','1398-10-25',87,0,0,95000,0,0,0,0,0,0,0,1,''),(72,5160,'خانه بازی',1,'11:47:00','12:54:00','1398-10-25',67,0,0,75000,0,0,0,0,0,0,0,1,''),(73,4465,'خانه بازی',1,'11:57:00','12:57:00','1398-10-25',60,0,0,75000,0,0,0,0,0,0,0,1,''),(74,2792,'خانه بازی',1,'12:03:00','14:03:00','1398-10-25',83,0,0,95000,0,0,0,0,0,0,0,1,''),(75,5390,'خانه بازی',1,'12:13:00','13:18:00','1398-10-25',65,0,0,75000,0,0,0,0,0,0,0,1,''),(76,4455,'خانه بازی',1,'12:30:00','13:59:00','1398-10-25',64,0,0,75000,0,0,0,0,0,0,0,1,''),(77,4154,'خانه بازی',1,'12:41:00','13:38:00','1398-10-25',57,0,0,75000,0,0,0,0,0,0,0,1,''),(78,3938,'خانه بازی',1,'12:47:00','13:50:00','1398-10-25',36,0,0,75000,0,0,0,0,0,0,0,1,''),(79,5399,'خانه بازی',1,'13:05:00','14:54:00','1398-10-25',61,0,0,75000,0,0,0,0,0,0,0,1,''),(80,5400,'خانه بازی',1,'13:05:00','15:56:00','1398-10-25',126,0,0,120000,0,0,0,0,0,0,0,1,''),(81,5401,'خانه بازی',1,'13:06:00','15:55:00','1398-10-25',125,0,0,120000,0,0,0,0,0,0,0,1,''),(82,5402,'خانه بازی',1,'13:06:00','15:55:00','1398-10-25',125,0,0,120000,0,0,0,0,0,0,0,1,''),(83,5403,'خانه بازی',1,'13:11:00','14:12:00','1398-10-25',61,0,0,75000,0,0,0,0,0,0,0,1,''),(84,4185,'خانه بازی',1,'13:14:00','14:17:00','1398-10-25',63,0,0,75000,0,0,0,0,0,0,0,1,''),(85,5404,'خانه بازی',1,'13:17:00','14:22:00','1398-10-25',65,0,0,75000,0,0,0,0,0,9,7500,1,''),(86,5405,'خانه بازی',1,'13:18:00','14:23:00','1398-10-25',65,0,0,75000,0,0,0,0,0,9,7500,1,''),(87,5406,'خانه بازی',1,'13:20:00','15:36:00','1398-10-25',60,0,0,75000,0,0,0,0,0,0,0,1,''),(88,5407,'خانه بازی',1,'13:48:00','14:54:00','1398-10-25',66,0,0,75000,0,0,0,0,0,0,0,1,''),(89,5408,'خانه بازی',1,'13:48:00','14:54:00','1398-10-25',66,0,0,75000,0,0,0,0,0,9,7500,1,''),(90,5136,'خانه بازی',1,'13:57:00','15:19:00','1398-10-25',82,0,0,95000,0,0,0,0,0,0,0,1,''),(91,2750,'خانه بازی',1,'14:21:00','16:11:00','1398-10-25',83,0,0,95000,0,0,0,0,0,0,0,1,''),(92,5330,'خانه بازی',1,'14:45:00','15:49:00','1398-10-25',63,0,0,75000,0,0,0,0,0,0,0,1,''),(93,5411,'خانه بازی',1,'15:35:00','16:26:00','1398-10-25',51,0,0,75000,0,0,0,0,10000,0,0,1,''),(94,5391,'خانه بازی',1,'15:49:00','20:35:00','1398-10-25',107,0,0,120000,0,0,0,0,0,11,20000,1,''),(95,5392,'خانه بازی',1,'15:50:00','17:04:00','1398-10-25',74,0,0,95000,0,0,0,0,0,0,0,1,''),(96,473,'خانه بازی',1,'15:50:00','17:05:00','1398-10-25',75,0,0,95000,0,0,0,0,0,9,9500,1,''),(97,3782,'خانه بازی',1,'15:50:00','17:43:00','1398-10-25',113,0,0,120000,0,0,0,0,0,11,20000,1,''),(98,5398,'خانه بازی',1,'15:51:00','17:29:00','1398-10-25',98,0,0,95000,0,0,0,0,0,0,0,1,''),(99,5409,'خانه بازی',1,'15:51:00','17:44:00','1398-10-25',112,0,0,120000,0,0,0,0,0,11,20000,1,''),(100,5395,'خانه بازی',1,'15:52:00','17:46:00','1398-10-25',114,0,0,120000,0,0,0,0,0,11,20000,1,''),(101,5412,'خانه بازی',1,'16:01:00','17:42:00','1398-10-25',100,0,0,95000,0,0,0,0,0,0,0,1,''),(102,336,'خانه بازی',1,'16:02:00','18:33:00','1398-10-25',44,0,0,75000,0,0,0,0,0,0,0,1,''),(103,2731,'خانه بازی',1,'16:08:00','20:44:00','1398-10-25',0,0,0,0,0,0,262,0,0,0,0,1,''),(104,5396,'خانه بازی',1,'16:14:00','17:54:00','1398-10-25',100,0,0,95000,0,0,0,0,0,0,0,1,''),(105,5397,'خانه بازی',1,'16:14:00','17:54:00','1398-10-25',100,0,0,95000,0,0,0,0,0,9,9500,1,''),(106,279,'خانه بازی',1,'16:19:00','19:02:00','1398-10-25',162,0,0,180000,0,0,0,0,0,0,0,1,''),(107,5217,'خانه بازی',1,'16:20:00','18:00:00','1398-10-25',100,0,0,95000,0,0,0,0,10000,0,0,1,''),(108,180,'خانه بازی',1,'16:20:00','16:21:00','1398-10-25',1,0,0,0,0,0,0,0,0,0,0,1,''),(109,5218,'خانه بازی',1,'16:20:00','18:00:00','1398-10-25',100,0,0,95000,0,0,0,0,0,9,9500,1,''),(110,4667,'خانه بازی',1,'16:25:00','17:29:00','1398-10-25',64,0,0,75000,0,0,0,0,0,0,0,1,''),(111,5415,'خانه بازی',1,'16:29:00','19:07:00','1398-10-25',158,0,0,150000,0,0,0,0,0,0,0,1,''),(112,5416,'خانه بازی',1,'16:30:00','19:08:00','1398-10-25',158,0,0,150000,0,0,0,0,0,0,0,1,''),(113,3283,'خانه بازی',1,'16:30:00','17:29:00','1398-10-25',59,0,0,75000,0,0,0,0,0,0,0,1,''),(114,3284,'خانه بازی',1,'16:31:00','17:30:00','1398-10-25',59,0,0,75000,0,0,0,0,0,9,7500,1,''),(115,5417,'خانه بازی',1,'16:31:00','17:28:00','1398-10-25',56,0,0,75000,0,0,0,0,0,0,0,1,''),(116,5418,'خانه بازی',1,'16:33:00','17:30:00','1398-10-25',57,0,0,75000,0,0,0,0,0,0,0,1,''),(117,3680,'خانه بازی',1,'16:33:00','19:02:00','1398-10-25',149,0,0,150000,0,0,0,0,0,0,0,1,''),(118,5393,'خانه بازی',1,'16:34:00','17:44:00','1398-10-25',70,0,0,75000,0,0,0,0,0,0,0,1,''),(119,3901,'خانه بازی',1,'16:41:00','17:59:00','1398-10-25',78,0,0,95000,0,0,0,0,0,0,0,1,''),(120,5419,'خانه بازی',1,'16:43:00','17:59:00','1398-10-25',76,0,0,95000,0,0,0,0,0,0,0,1,''),(121,4544,'خانه بازی',1,'16:59:00','17:45:00','1398-10-25',46,0,0,75000,0,0,0,0,0,0,0,1,''),(122,199,'خانه بازی',1,'17:10:00','18:16:00','1398-10-25',65,0,0,75000,0,0,0,0,0,0,0,1,''),(123,2632,'خانه بازی',1,'17:11:00','18:34:00','1398-10-25',83,0,0,95000,0,0,0,0,0,0,0,1,''),(124,2633,'خانه بازی',1,'17:11:00','18:35:00','1398-10-25',84,0,0,95000,0,0,0,0,0,0,0,1,''),(125,5414,'خانه بازی',1,'17:11:00','18:35:00','1398-10-25',84,0,0,95000,0,0,0,0,0,0,0,1,''),(126,5422,'خانه بازی',1,'17:15:00','18:05:00','1398-10-25',50,0,0,75000,0,0,0,0,0,0,0,1,''),(127,335,'خانه بازی',1,'17:23:00','18:36:00','1398-10-25',73,0,0,95000,0,0,0,0,0,0,0,1,''),(128,5394,'خانه بازی',1,'17:24:00','20:37:00','1398-10-25',28,0,0,75000,0,0,0,0,0,0,0,1,''),(129,5420,'خانه بازی',1,'17:25:00','18:07:00','1398-10-25',41,0,0,75000,0,0,0,0,0,0,0,1,''),(130,5421,'خانه بازی',1,'17:25:00','18:04:00','1398-10-25',39,0,0,75000,0,0,0,0,0,0,0,1,''),(131,2630,'خانه بازی',1,'17:31:00','18:33:00','1398-10-25',62,0,0,75000,0,0,0,0,0,0,0,1,''),(132,258,'خانه بازی',1,'17:31:00','18:34:00','1398-10-25',63,0,0,75000,0,0,0,0,0,0,0,1,''),(133,257,'خانه بازی',1,'17:31:00','18:35:00','1398-10-25',57,0,0,75000,0,0,0,0,0,0,0,1,''),(134,2664,'خانه بازی',1,'17:32:00','18:36:00','1398-10-25',64,0,0,75000,0,0,0,0,0,0,0,1,''),(135,2629,'خانه بازی',1,'17:41:00','18:34:00','1398-10-25',53,0,0,75000,0,0,0,0,0,0,0,1,''),(136,5423,'خانه بازی',1,'17:43:00','18:53:00','1398-10-25',63,0,0,75000,0,0,0,0,0,0,0,1,''),(137,5425,'خانه بازی',1,'17:46:00','19:21:00','1398-10-25',95,0,0,95000,0,0,0,0,0,0,0,1,''),(138,4965,'خانه بازی',1,'17:49:00','18:51:00','1398-10-25',62,0,0,75000,0,0,0,0,0,0,0,1,''),(139,4966,'خانه بازی',1,'17:49:00','18:51:00','1398-10-25',62,0,0,75000,0,0,0,0,0,9,7500,1,''),(140,5427,'خانه بازی',1,'17:55:00','19:22:00','1398-10-25',86,0,0,95000,0,0,0,0,0,0,0,1,''),(141,5428,'خانه بازی',1,'17:55:00','18:35:00','1398-10-25',40,0,0,75000,0,0,0,0,0,0,0,1,''),(142,365,'خانه بازی',1,'17:55:00','18:54:00','1398-10-25',59,0,0,75000,0,0,0,0,0,0,0,1,''),(143,5429,'خانه بازی',1,'18:01:00','18:55:00','1398-10-25',49,0,0,75000,0,0,0,0,0,9,7500,1,''),(144,286,'خانه بازی',1,'18:02:00','19:23:00','1398-10-25',80,0,0,95000,0,0,0,0,0,0,0,1,''),(145,5430,'خانه بازی',1,'18:53:00','19:49:00','1398-10-25',56,0,0,75000,0,0,0,0,0,0,0,1,''),(146,5431,'خانه بازی',1,'19:10:00','20:11:00','1398-10-25',61,0,0,75000,0,0,0,0,0,0,0,1,''),(147,5432,'خانه بازی',1,'19:10:00','19:59:00','1398-10-25',44,0,0,75000,0,0,0,0,0,0,0,1,''),(148,5433,'خانه بازی',1,'19:26:00','20:54:00','1398-10-25',88,0,0,95000,0,0,0,0,0,9,9500,1,''),(149,5434,'خانه بازی',1,'19:27:00','20:55:00','1398-10-25',30,56,0,75000,125000,0,0,0,0,0,0,1,''),(150,4694,'خانه بازی',1,'19:37:00','21:32:00','1398-10-25',115,0,0,120000,0,0,0,0,0,0,0,1,''),(151,2645,'خانه بازی',1,'19:40:00','20:46:00','1398-10-25',0,0,0,0,0,0,59,0,0,0,0,1,''),(152,3735,'خانه بازی',1,'19:48:00','21:21:00','1398-10-25',92,0,0,95000,0,0,0,0,0,0,0,1,''),(153,4273,'خانه بازی',1,'19:54:00','20:52:00','1398-10-25',55,0,0,75000,0,0,0,0,0,0,0,1,''),(154,4124,'خانه بازی',1,'20:17:00','21:27:00','1398-10-25',70,0,0,75000,0,0,0,0,0,0,0,1,''),(155,4934,'خانه بازی',1,'20:19:00','21:15:00','1398-10-25',56,0,0,75000,0,0,0,0,0,0,0,1,''),(156,5437,'خانه بازی',1,'10:38:00','11:12:00','1398-10-26',33,0,0,75000,0,0,0,0,0,0,0,1,''),(157,5435,'خانه بازی',1,'10:38:00','11:33:00','1398-10-26',54,0,0,75000,0,0,0,0,0,0,0,1,''),(158,524,'خانه بازی',1,'10:44:00','11:43:00','1398-10-26',58,0,0,75000,0,0,0,0,0,0,0,1,''),(159,3936,'خانه بازی',1,'10:45:00','12:12:00','1398-10-26',86,0,0,95000,0,0,0,0,0,0,0,1,''),(160,2624,'خانه بازی',1,'11:09:00','12:57:00','1398-10-26',61,0,0,75000,0,0,0,0,0,0,0,1,''),(161,2623,'خانه بازی',1,'11:10:00','12:57:00','1398-10-26',60,0,0,75000,0,0,0,0,0,0,0,1,''),(162,229,'خانه بازی',1,'11:13:00','13:17:00','1398-10-26',124,0,0,120000,0,0,0,0,10000,0,0,1,''),(163,5438,'خانه بازی',1,'11:13:00','12:58:00','1398-10-26',58,0,0,75000,0,0,0,0,0,0,0,1,''),(164,303,'خانه بازی',1,'11:41:00','12:32:00','1398-10-26',50,0,0,75000,0,0,0,0,0,0,0,1,''),(165,5439,'خانه بازی',1,'11:43:00','13:00:00','1398-10-26',77,0,0,95000,0,0,0,0,0,0,0,1,''),(166,5440,'خانه بازی',1,'11:51:00','15:55:00','1398-10-26',227,0,0,240000,0,0,0,0,0,0,0,1,''),(167,5441,'خانه بازی',1,'11:52:00','12:47:00','1398-10-26',54,0,0,75000,0,0,0,0,0,0,0,1,''),(168,5442,'خانه بازی',1,'12:04:00','14:06:00','1398-10-26',122,0,0,120000,0,0,0,0,0,0,0,1,''),(169,5443,'خانه بازی',1,'12:04:00','13:43:00','1398-10-26',99,0,0,95000,0,0,0,0,0,0,0,1,''),(170,3926,'خانه بازی',1,'12:11:00','13:55:00','1398-10-26',104,0,0,120000,0,0,0,0,0,0,0,1,''),(171,3927,'خانه بازی',1,'12:11:00','13:56:00','1398-10-26',105,0,0,120000,0,0,0,0,0,9,12000,1,''),(172,3539,'خانه بازی',1,'12:25:00','14:03:00','1398-10-26',98,0,0,95000,0,0,0,0,0,0,0,1,''),(173,5444,'خانه بازی',1,'12:25:00','13:19:00','1398-10-26',54,0,0,75000,0,0,0,0,0,0,0,1,''),(174,5445,'خانه بازی',1,'12:43:00','13:36:00','1398-10-26',53,0,0,75000,0,0,0,0,0,0,0,1,''),(175,4138,'خانه بازی',1,'12:54:00','14:19:00','1398-10-26',85,0,0,95000,0,0,0,0,0,0,0,1,''),(176,569,'خانه بازی',1,'12:54:00','13:55:00','1398-10-26',60,0,0,75000,0,0,0,0,0,0,0,1,''),(177,5446,'خانه بازی',1,'13:03:00','13:53:00','1398-10-26',50,0,0,75000,0,0,0,0,0,0,0,1,''),(178,5447,'خانه بازی',1,'13:03:00','13:54:00','1398-10-26',50,0,0,75000,0,0,0,0,0,0,0,1,''),(179,5448,'خانه بازی',1,'13:03:00','15:15:00','1398-10-26',102,0,0,120000,0,0,0,0,0,0,0,1,''),(180,5449,'خانه بازی',1,'13:04:00','15:16:00','1398-10-26',102,0,0,120000,0,0,0,0,0,0,0,1,''),(181,5450,'خانه بازی',1,'13:04:00','13:58:00','1398-10-26',54,0,0,75000,0,0,0,0,0,0,0,1,''),(182,5451,'خانه بازی',1,'13:08:00','14:01:00','1398-10-26',53,0,0,75000,0,0,0,0,0,0,0,1,''),(183,5452,'خانه بازی',1,'13:08:00','14:02:00','1398-10-26',54,0,0,75000,0,0,0,0,0,9,7500,1,''),(184,5453,'خانه بازی',1,'13:13:00','15:11:00','1398-10-26',117,0,0,120000,0,0,0,0,0,0,0,1,''),(185,510,'خانه بازی',1,'13:14:00','15:10:00','1398-10-26',71,0,0,95000,0,0,0,0,0,0,0,1,''),(186,5454,'خانه بازی',1,'13:17:00','15:17:00','1398-10-26',87,0,0,95000,0,0,0,0,0,0,0,1,''),(187,5455,'خانه بازی',1,'13:18:00','15:17:00','1398-10-26',84,0,0,95000,0,0,0,0,0,0,0,1,''),(188,5456,'خانه بازی',1,'13:23:00','14:23:00','1398-10-26',59,0,0,75000,0,0,0,0,0,0,0,1,''),(189,5457,'خانه بازی',1,'13:30:00','15:30:00','1398-10-26',32,0,0,75000,0,0,0,0,0,0,0,1,''),(190,3658,'خانه بازی',1,'14:00:00','16:23:00','1398-10-26',80,0,0,95000,0,0,0,0,0,0,0,1,''),(191,5443,'خانه بازی',1,'14:08:00','14:29:00','1398-10-26',21,0,0,75000,0,0,0,0,0,4,15000,1,''),(192,4098,'خانه بازی',1,'14:34:00','15:52:00','1398-10-26',78,0,0,95000,0,0,0,0,0,0,0,1,''),(193,4097,'خانه بازی',1,'14:34:00','15:52:00','1398-10-26',77,0,0,95000,0,0,0,0,0,9,9500,1,''),(194,4099,'خانه بازی',1,'14:36:00','15:51:00','1398-10-26',75,0,0,95000,0,0,0,0,0,6,14250,1,''),(195,4137,'خانه بازی',1,'15:18:00','16:13:00','1398-10-26',55,0,0,75000,0,0,0,0,0,0,0,1,''),(196,4845,'خانه بازی',1,'15:24:00','17:25:00','1398-10-26',115,0,0,120000,0,0,0,0,0,0,0,1,''),(197,5459,'خانه بازی',1,'15:50:00','17:27:00','1398-10-26',97,0,0,95000,0,0,0,0,0,0,0,1,''),(198,5460,'خانه بازی',1,'15:50:00','17:28:00','1398-10-26',62,0,0,75000,0,0,0,0,0,9,7500,1,''),(199,4003,'خانه بازی',1,'15:54:00','16:57:00','1398-10-26',0,63,0,0,125000,0,0,0,0,0,0,1,''),(200,5458,'خانه بازی',1,'15:57:00','18:21:00','1398-10-26',62,0,0,75000,0,0,0,0,0,0,0,1,''),(201,5461,'خانه بازی',1,'15:59:00','17:59:00','1398-10-26',64,0,0,75000,0,0,0,0,0,0,0,1,''),(202,5462,'خانه بازی',1,'16:04:00','17:03:00','1398-10-26',58,0,0,75000,0,0,0,0,0,0,0,1,''),(203,2532,'خانه بازی',1,'16:05:00','19:02:00','1398-10-26',145,0,0,150000,0,0,0,0,0,0,0,1,''),(204,5463,'خانه بازی',1,'16:13:00','18:32:00','1398-10-26',137,0,0,150000,0,0,0,0,0,0,0,1,''),(205,5464,'خانه بازی',1,'16:22:00','19:07:00','1398-10-26',2,129,0,75000,220000,0,0,0,0,0,0,1,''),(206,5465,'خانه بازی',1,'16:35:00','17:51:00','1398-10-26',76,0,0,95000,0,0,0,0,0,0,0,1,''),(207,5466,'خانه بازی',1,'16:42:00','17:51:00','1398-10-26',69,0,0,75000,0,0,0,0,0,0,0,1,''),(208,5467,'خانه بازی',1,'16:46:00','17:25:00','1398-10-26',39,0,0,75000,0,0,0,0,0,9,7500,1,''),(209,201,'خانه بازی',1,'16:47:00','17:50:00','1398-10-26',62,0,0,75000,0,0,0,0,0,0,0,1,''),(210,3880,'خانه بازی',1,'16:48:00','17:50:00','1398-10-26',62,0,0,75000,0,0,0,0,0,9,7500,1,''),(211,5468,'خانه بازی',1,'17:11:00','18:12:00','1398-10-26',61,0,0,75000,0,0,0,0,0,0,0,1,''),(212,5469,'خانه بازی',1,'17:11:00','18:17:00','1398-10-26',65,0,0,75000,0,0,0,0,10000,0,0,1,''),(213,350,'خانه بازی',1,'17:14:00','18:30:00','1398-10-26',73,0,0,95000,0,0,0,0,0,0,0,1,''),(214,180,'خانه بازی',1,'17:15:00','18:36:00','1398-10-26',80,0,0,95000,0,0,0,0,0,0,0,1,''),(215,4840,'خانه بازی',1,'17:18:00','18:38:00','1398-10-26',80,0,0,95000,0,0,0,0,0,0,0,1,''),(216,5470,'خانه بازی',1,'17:24:00','18:28:00','1398-10-26',64,0,0,75000,0,0,0,0,0,0,0,1,''),(217,5471,'خانه بازی',1,'17:24:00','18:29:00','1398-10-26',65,0,0,75000,0,0,0,0,0,9,7500,1,''),(218,233,'خانه بازی',1,'17:29:00','18:24:00','1398-10-26',55,0,0,75000,0,0,0,0,0,0,0,1,''),(219,5473,'خانه بازی',1,'17:31:00','18:06:00','1398-10-26',34,0,0,75000,0,0,0,0,0,0,0,1,''),(220,5472,'خانه بازی',1,'17:32:00','19:01:00','1398-10-26',88,0,0,95000,0,0,0,0,0,0,0,1,''),(221,5474,'خانه بازی',1,'17:32:00','18:06:00','1398-10-26',34,0,0,75000,0,0,0,0,0,9,7500,1,''),(222,4285,'خانه بازی',1,'17:55:00','18:55:00','1398-10-26',60,0,0,75000,0,0,0,0,0,0,0,1,''),(223,5475,'خانه بازی',1,'17:59:00','21:03:00','1398-10-26',1,0,0,0,0,0,0,0,0,0,0,1,''),(224,5476,'خانه بازی',1,'18:09:00','19:36:00','1398-10-26',87,0,0,95000,0,0,0,0,0,0,0,1,''),(225,5477,'خانه بازی',1,'18:09:00','19:37:00','1398-10-26',54,0,0,75000,0,0,0,0,0,9,7500,1,''),(226,5478,'خانه بازی',1,'18:09:00','19:36:00','1398-10-26',87,0,0,95000,0,0,0,0,0,0,0,1,''),(227,352,'خانه بازی',1,'18:10:00','20:46:00','1398-10-26',156,0,0,150000,0,0,0,0,0,0,0,1,''),(228,210,'خانه بازی',1,'18:10:00','20:28:00','1398-10-26',97,0,0,95000,0,0,0,0,0,0,0,1,''),(229,209,'خانه بازی',1,'18:10:00','19:13:00','1398-10-26',48,0,0,75000,0,0,0,0,0,0,0,1,''),(230,459,'خانه بازی',1,'18:11:00','20:47:00','1398-10-26',156,0,0,150000,0,0,0,0,0,0,0,1,''),(231,353,'خانه بازی',1,'18:11:00','20:46:00','1398-10-26',155,0,0,150000,0,0,0,0,0,0,0,1,''),(232,4283,'خانه بازی',1,'18:12:00','19:49:00','1398-10-26',96,0,0,95000,0,0,0,0,0,0,0,1,''),(233,4845,'خانه بازی',1,'18:13:00','18:32:00','1398-10-26',19,0,0,75000,0,0,0,0,0,4,15000,1,''),(234,5479,'خانه بازی',1,'18:23:00','21:27:00','1398-10-26',184,0,0,180000,0,0,0,0,10000,0,0,1,''),(235,5480,'خانه بازی',1,'18:37:00','19:39:00','1398-10-26',62,0,0,75000,0,0,0,0,0,0,0,1,''),(236,5481,'خانه بازی',1,'18:40:00','19:39:00','1398-10-26',59,0,0,75000,0,0,0,0,0,0,0,1,''),(237,5482,'خانه بازی',1,'18:41:00','20:06:00','1398-10-26',85,0,0,95000,0,0,0,0,0,0,0,1,''),(238,180,'خانه بازی',1,'18:47:00','18:47:00','1398-10-26',0,0,0,0,0,0,0,0,0,0,0,1,''),(239,5484,'خانه بازی',1,'18:48:00','19:42:00','1398-10-26',54,0,0,75000,0,0,0,0,0,0,0,1,''),(240,5483,'خانه بازی',1,'18:48:00','21:13:00','1398-10-26',124,0,0,120000,0,0,0,0,0,0,0,1,''),(241,5485,'خانه بازی',1,'18:53:00','21:03:00','1398-10-26',4,0,0,0,0,0,0,0,0,0,0,1,''),(242,213,'خانه بازی',1,'18:54:00','20:38:00','1398-10-26',103,0,0,120000,0,0,0,0,0,0,0,1,''),(243,332,'خانه بازی',1,'18:59:00','20:36:00','1398-10-26',94,0,0,95000,0,0,0,0,0,0,0,1,''),(244,3317,'خانه بازی',1,'18:59:00','20:37:00','1398-10-26',98,0,0,95000,0,0,0,0,0,9,9500,1,''),(245,639,'خانه بازی',1,'19:09:00','20:17:00','1398-10-26',68,0,0,75000,0,0,0,0,0,0,0,1,''),(246,252,'خانه بازی',1,'19:10:00','20:34:00','1398-10-26',84,0,0,95000,0,0,0,0,0,0,0,1,''),(247,3693,'خانه بازی',1,'19:19:00','19:50:00','1398-10-26',31,0,0,75000,0,0,0,0,0,0,0,1,''),(248,2811,'خانه بازی',1,'19:22:00','21:23:00','1398-10-26',121,0,0,120000,0,0,0,0,0,0,0,1,''),(249,4950,'خانه بازی',1,'19:23:00','20:35:00','1398-10-26',72,0,0,95000,0,0,0,0,0,0,0,1,''),(250,5046,'خانه بازی',1,'19:43:00','20:42:00','1398-10-26',59,0,0,75000,0,0,0,0,0,0,0,1,''),(251,5486,'خانه بازی',1,'19:47:00','20:44:00','1398-10-26',57,0,0,75000,0,0,0,0,0,0,0,1,''),(252,5487,'خانه بازی',1,'19:53:00','21:06:00','1398-10-26',72,0,0,95000,0,0,0,0,0,0,0,1,''),(253,5488,'خانه بازی',1,'19:54:00','21:06:00','1398-10-26',72,0,0,95000,0,0,0,0,0,0,0,1,''),(254,2596,'خانه بازی',1,'19:54:00','21:34:00','1398-10-26',92,0,0,95000,0,0,0,0,0,0,0,1,''),(255,5267,'خانه بازی',1,'20:03:00','21:09:00','1398-10-26',66,0,0,75000,0,0,0,0,0,0,0,1,''),(256,5489,'خانه بازی',1,'20:04:00','21:00:00','1398-10-26',56,0,0,75000,0,0,0,0,0,0,0,1,''),(257,5496,'خانه بازی',1,'20:19:00','21:21:00','1398-10-26',62,0,0,75000,0,0,0,0,0,0,0,1,''),(258,5497,'خانه بازی',1,'20:22:00','21:25:00','1398-10-26',63,0,0,75000,0,0,0,0,0,0,0,1,''),(259,5500,'خانه بازی',1,'20:31:00','21:31:00','1398-10-26',60,0,0,75000,0,0,0,0,0,0,0,1,''),(260,4248,'خانه بازی',1,'20:34:00','21:30:00','1398-10-26',56,0,0,75000,0,0,0,0,0,0,0,1,''),(261,4249,'خانه بازی',1,'20:34:00','21:30:00','1398-10-26',56,0,0,75000,0,0,0,0,0,9,7500,1,''),(262,5501,'خانه بازی',1,'20:40:00','21:29:00','1398-10-26',49,0,0,75000,0,0,0,0,0,0,0,1,''),(263,5502,'خانه بازی',1,'20:41:00','21:30:00','1398-10-26',49,0,0,75000,0,0,0,0,0,9,7500,1,''),(264,5503,'خانه بازی',1,'20:41:00','21:33:00','1398-10-26',52,0,0,75000,0,0,0,0,0,0,0,1,''),(265,5504,'خانه بازی',1,'11:37:00','12:54:00','1398-10-27',76,0,0,95000,0,0,0,0,0,0,0,1,''),(266,5505,'خانه بازی',1,'11:37:00','12:54:00','1398-10-27',77,0,0,95000,0,0,0,0,0,9,9500,1,''),(267,3538,'خانه بازی',1,'11:51:00','12:54:00','1398-10-27',63,0,0,75000,0,0,0,0,0,0,0,1,''),(268,3659,'خانه بازی',1,'11:51:00','12:55:00','1398-10-27',63,0,0,75000,0,0,0,0,0,9,7500,1,''),(269,5506,'خانه بازی',1,'12:16:00','14:12:00','1398-10-27',116,0,0,120000,0,0,0,0,0,0,0,1,''),(270,5507,'خانه بازی',1,'12:24:00','13:49:00','1398-10-27',85,0,0,95000,0,0,0,0,0,0,0,1,''),(271,300,'خانه بازی',1,'12:35:00','13:34:00','1398-10-27',59,0,0,75000,0,0,0,0,0,0,0,1,''),(272,301,'خانه بازی',1,'12:35:00','13:34:00','1398-10-27',59,0,0,75000,0,0,0,0,0,0,0,1,''),(273,3059,'خانه بازی',1,'12:35:00','13:34:00','1398-10-27',59,0,0,75000,0,0,0,0,0,0,0,1,''),(274,5508,'خانه بازی',1,'12:41:00','14:08:00','1398-10-27',86,0,0,95000,0,0,0,0,0,0,0,1,''),(275,180,'خانه بازی',1,'12:45:00','12:45:00','1398-10-27',0,0,0,0,0,0,0,0,0,0,0,1,''),(276,5509,'خانه بازی',1,'12:46:00','14:29:00','1398-10-27',94,0,0,95000,0,0,0,0,0,0,0,1,''),(277,3311,'خانه بازی',1,'12:55:00','13:41:00','1398-10-27',45,0,0,75000,0,0,0,0,0,0,0,1,''),(278,2811,'خانه بازی',1,'13:04:00','14:59:00','1398-10-27',114,0,0,120000,0,0,0,0,0,0,0,1,''),(279,5086,'خانه بازی',1,'13:21:00','14:51:00','1398-10-27',90,0,0,95000,0,0,0,0,0,0,0,1,''),(280,245,'خانه بازی',1,'13:37:00','16:05:00','1398-10-27',109,0,0,120000,0,0,0,0,0,0,0,1,''),(281,4090,'خانه بازی',1,'13:45:00','16:06:00','1398-10-27',141,0,0,150000,0,0,0,0,0,0,0,1,''),(282,4091,'خانه بازی',1,'13:45:00','16:06:00','1398-10-27',141,0,0,150000,0,0,0,0,0,9,15000,1,''),(283,424,'خانه بازی',1,'13:45:00','15:20:00','1398-10-27',94,0,0,95000,0,0,0,0,0,0,0,1,''),(284,5510,'خانه بازی',1,'13:51:00','15:30:00','1398-10-27',99,0,0,95000,0,0,0,0,0,0,0,1,''),(285,548,'خانه بازی',1,'13:51:00','15:21:00','1398-10-27',58,0,0,75000,0,0,0,0,0,9,7500,1,''),(286,5511,'خانه بازی',1,'13:53:00','14:47:00','1398-10-27',54,0,0,75000,0,0,0,0,0,0,0,1,''),(287,5512,'خانه بازی',1,'13:56:00','14:54:00','1398-10-27',58,0,0,75000,0,0,0,0,0,0,0,1,''),(288,5513,'خانه بازی',1,'14:12:00','14:52:00','1398-10-27',39,0,0,75000,0,0,0,0,0,9,7500,1,''),(289,218,'خانه بازی',1,'14:23:00','16:47:00','1398-10-27',101,0,0,120000,0,0,0,0,0,0,0,1,''),(290,5514,'خانه بازی',1,'14:32:00','15:48:00','1398-10-27',75,0,0,95000,0,0,0,0,0,0,0,1,''),(291,5515,'خانه بازی',1,'14:46:00','15:48:00','1398-10-27',62,0,0,75000,0,0,0,0,0,0,0,1,''),(292,5516,'خانه بازی',1,'14:47:00','15:49:00','1398-10-27',61,0,0,75000,0,0,0,0,0,9,7500,1,''),(293,5517,'خانه بازی',1,'14:57:00','16:01:00','1398-10-27',64,0,0,75000,0,0,0,0,0,0,0,1,''),(294,5518,'خانه بازی',1,'14:58:00','16:01:00','1398-10-27',63,0,0,75000,0,0,0,0,0,9,7500,1,''),(295,3315,'خانه بازی',1,'15:02:00','16:46:00','1398-10-27',52,0,0,75000,0,0,0,0,0,9,7500,1,''),(296,5519,'خانه بازی',1,'15:30:00','16:27:00','1398-10-27',57,0,0,75000,0,0,0,0,0,0,0,1,''),(297,5520,'خانه بازی',1,'15:33:00','17:18:00','1398-10-27',105,0,0,120000,0,0,0,0,0,0,0,1,''),(298,5521,'خانه بازی',1,'15:33:00','17:19:00','1398-10-27',105,0,0,120000,0,0,0,0,7000,9,12000,1,''),(299,5522,'خانه بازی',1,'15:44:00','18:15:00','1398-10-27',151,0,0,150000,0,0,0,0,0,0,0,1,''),(300,274,'خانه بازی',1,'15:56:00','17:54:00','1398-10-27',117,0,0,120000,0,0,0,0,0,0,0,1,''),(301,275,'خانه بازی',1,'15:57:00','17:54:00','1398-10-27',117,0,0,120000,0,0,0,0,0,9,12000,1,''),(302,424,'خانه بازی',1,'16:06:00','17:11:00','1398-10-27',65,0,0,75000,0,0,0,0,0,4,15000,1,''),(303,5523,'خانه بازی',1,'16:13:00','17:16:00','1398-10-27',63,0,0,75000,0,0,0,0,0,0,0,1,''),(304,5524,'خانه بازی',1,'16:15:00','17:11:00','1398-10-27',55,0,0,75000,0,0,0,0,0,0,0,1,''),(305,5525,'خانه بازی',1,'16:33:00','18:01:00','1398-10-27',87,0,0,95000,0,0,0,0,0,0,0,1,''),(306,5526,'خانه بازی',1,'16:35:00','18:37:00','1398-10-27',120,0,0,120000,0,0,0,0,0,0,0,1,''),(307,5527,'خانه بازی',1,'16:35:00','18:37:00','1398-10-27',122,0,0,120000,0,0,0,0,0,0,0,1,''),(308,2998,'خانه بازی',1,'16:37:00','18:58:00','1398-10-27',100,0,0,95000,0,0,0,0,0,0,0,1,''),(309,5528,'خانه بازی',1,'17:10:00','18:09:00','1398-10-27',59,0,0,75000,0,0,0,0,0,0,0,1,''),(310,5529,'خانه بازی',1,'17:17:00','18:03:00','1398-10-27',45,0,0,75000,0,0,0,0,0,0,0,1,''),(311,5530,'خانه بازی',1,'17:18:00','18:26:00','1398-10-27',68,0,0,75000,0,0,0,0,0,0,0,1,''),(312,5239,'خانه بازی',1,'17:24:00','18:29:00','1398-10-27',65,0,0,75000,0,0,0,0,0,0,0,1,''),(313,3772,'خانه بازی',1,'17:27:00','20:02:00','1398-10-27',155,0,0,150000,0,0,0,0,0,0,0,1,''),(314,5531,'خانه بازی',1,'17:30:00','19:13:00','1398-10-27',102,0,0,120000,0,0,0,0,0,0,0,1,''),(315,5532,'خانه بازی',1,'17:30:00','18:32:00','1398-10-27',61,0,0,75000,0,0,0,0,0,0,0,1,''),(316,5533,'خانه بازی',1,'17:42:00','18:45:00','1398-10-27',63,0,0,75000,0,0,0,0,0,0,0,1,''),(317,3789,'خانه بازی',1,'17:46:00','18:43:00','1398-10-27',57,0,0,75000,0,0,0,0,0,0,0,1,''),(318,5534,'خانه بازی',1,'17:49:00','18:48:00','1398-10-27',59,0,0,75000,0,0,0,0,0,0,0,1,''),(319,5535,'خانه بازی',1,'17:49:00','18:48:00','1398-10-27',59,0,0,75000,0,0,0,0,0,9,7500,1,''),(320,4871,'خانه بازی',1,'17:57:00','19:18:00','1398-10-27',81,0,0,95000,0,0,0,0,0,0,0,1,''),(321,5536,'خانه بازی',1,'18:00:00','18:46:00','1398-10-27',46,0,0,75000,0,0,0,0,0,0,0,1,''),(322,5537,'خانه بازی',1,'18:14:00','19:41:00','1398-10-27',87,0,0,95000,0,0,0,0,0,0,0,1,''),(323,5538,'خانه بازی',1,'18:18:00','19:26:00','1398-10-27',68,0,0,75000,0,0,0,0,0,0,0,1,''),(324,5539,'خانه بازی',1,'18:26:00','19:26:00','1398-10-27',60,0,0,75000,0,0,0,0,0,0,0,1,''),(325,4493,'خانه بازی',1,'18:38:00','19:52:00','1398-10-27',74,0,0,95000,0,0,0,0,0,0,0,1,''),(326,5540,'خانه بازی',1,'18:41:00','19:46:00','1398-10-27',65,0,0,75000,0,0,0,0,0,0,0,1,''),(327,5541,'خانه بازی',1,'18:41:00','19:50:00','1398-10-27',68,0,0,75000,0,0,0,0,0,0,0,1,''),(328,5542,'خانه بازی',1,'18:42:00','19:49:00','1398-10-27',67,0,0,75000,0,0,0,0,0,0,0,1,''),(329,5543,'خانه بازی',1,'18:42:00','19:49:00','1398-10-27',67,0,0,75000,0,0,0,0,0,0,0,1,''),(330,2855,'خانه بازی',1,'18:45:00','19:55:00','1398-10-27',70,0,0,75000,0,0,0,0,0,0,0,1,''),(331,221,'خانه بازی',1,'18:48:00','19:50:00','1398-10-27',0,0,0,0,0,0,17,0,0,0,0,1,''),(332,3822,'خانه بازی',1,'18:53:00','19:58:00','1398-10-27',65,0,0,75000,0,0,0,0,0,0,0,1,''),(333,3823,'خانه بازی',1,'18:54:00','19:58:00','1398-10-27',64,0,0,75000,0,0,0,0,0,9,7500,1,''),(334,217,'خانه بازی',1,'18:54:00','19:50:00','1398-10-27',56,0,0,75000,0,0,0,0,0,0,0,1,''),(335,5544,'خانه بازی',1,'18:55:00','19:51:00','1398-10-27',56,0,0,75000,0,0,0,0,0,0,0,1,''),(336,2598,'خانه بازی',1,'19:04:00','21:31:00','1398-10-27',147,0,0,150000,0,0,0,0,0,0,0,1,''),(337,2597,'خانه بازی',1,'19:05:00','21:31:00','1398-10-27',100,0,0,95000,0,0,0,0,0,9,9500,1,''),(338,5545,'خانه بازی',1,'19:06:00','19:40:00','1398-10-27',33,0,0,75000,0,0,0,0,0,0,0,1,''),(339,5546,'خانه بازی',1,'19:08:00','20:20:00','1398-10-27',72,0,0,95000,0,0,0,0,0,0,0,1,''),(340,5547,'خانه بازی',1,'19:09:00','20:22:00','1398-10-27',73,0,0,95000,0,0,0,0,0,0,0,1,''),(341,4958,'خانه بازی',1,'19:10:00','21:34:00','1398-10-27',144,0,0,150000,0,0,0,0,0,0,0,1,''),(342,4567,'خانه بازی',1,'19:12:00','20:29:00','1398-10-27',76,0,0,95000,0,0,0,0,0,0,0,1,''),(343,5548,'خانه بازی',1,'19:20:00','20:00:00','1398-10-27',39,0,0,75000,0,0,0,0,0,0,0,1,''),(344,2596,'خانه بازی',1,'19:31:00','21:33:00','1398-10-27',105,0,0,120000,0,0,0,0,0,0,0,1,''),(345,5549,'خانه بازی',1,'19:44:00','20:56:00','1398-10-27',72,0,0,95000,0,0,0,0,0,0,0,1,''),(346,383,'خانه بازی',1,'19:54:00','21:06:00','1398-10-27',72,0,0,95000,0,0,0,0,0,0,0,1,''),(347,5068,'خانه بازی',1,'20:11:00','21:18:00','1398-10-27',66,0,0,75000,0,0,0,0,0,0,0,1,''),(348,3324,'خانه بازی',1,'20:13:00','21:32:00','1398-10-27',77,0,0,95000,0,0,0,0,0,0,0,1,''),(349,5551,'خانه بازی',1,'20:19:00','21:20:00','1398-10-27',61,0,0,75000,0,0,0,0,0,0,0,1,''),(350,5552,'خانه بازی',1,'20:19:00','21:21:00','1398-10-27',62,0,0,75000,0,0,0,0,0,0,0,1,''),(351,5550,'خانه بازی',1,'20:19:00','21:18:00','1398-10-27',59,0,0,75000,0,0,0,0,0,0,0,1,''),(352,5553,'خانه بازی',1,'20:20:00','21:21:00','1398-10-27',61,0,0,75000,0,0,0,0,0,0,0,1,''),(353,5554,'خانه بازی',1,'20:22:00','21:23:00','1398-10-27',48,0,0,75000,0,0,0,0,0,0,0,1,''),(354,5555,'خانه بازی',1,'20:24:00','21:18:00','1398-10-27',54,0,0,75000,0,0,0,0,0,0,0,1,''),(355,4168,'خانه بازی',1,'20:25:00','21:27:00','1398-10-27',62,0,0,75000,0,0,0,0,0,0,0,1,''),(356,5556,'خانه بازی',1,'11:02:00','12:37:00','1398-10-28',95,0,0,95000,0,0,0,0,0,0,0,1,''),(357,5557,'خانه بازی',1,'11:02:00','12:37:00','1398-10-28',95,0,0,95000,0,0,0,0,0,0,0,1,''),(358,5362,'خانه بازی',1,'11:23:00','12:36:00','1398-10-28',73,0,0,95000,0,0,0,0,0,0,0,1,''),(359,5558,'خانه بازی',1,'11:27:00','12:53:00','1398-10-28',86,0,0,95000,0,0,0,0,0,0,0,1,''),(360,369,'خانه بازی',1,'11:49:00','12:38:00','1398-10-28',48,0,0,75000,0,0,0,0,0,0,0,1,''),(361,5559,'خانه بازی',1,'11:53:00','13:11:00','1398-10-28',78,0,0,95000,0,0,0,0,0,0,0,1,''),(362,5200,'خانه بازی',1,'12:00:00','14:08:00','1398-10-28',127,0,0,120000,0,0,0,0,0,0,0,1,''),(363,3547,'خانه بازی',1,'12:05:00','15:26:00','1398-10-28',0,0,0,0,0,0,162,0,0,0,0,1,''),(364,5560,'خانه بازی',1,'12:26:00','12:53:00','1398-10-28',27,0,0,75000,0,0,0,0,10000,9,7500,1,''),(365,5561,'خانه بازی',1,'12:36:00','14:05:00','1398-10-28',33,0,0,75000,0,0,0,0,0,0,0,1,''),(366,5562,'خانه بازی',1,'12:46:00','14:11:00','1398-10-28',84,0,0,95000,0,0,0,0,0,0,0,1,''),(367,5563,'خانه بازی',1,'12:51:00','13:45:00','1398-10-28',54,0,0,75000,0,0,0,0,0,0,0,1,''),(368,3833,'خانه بازی',1,'13:02:00','14:48:00','1398-10-28',106,0,0,120000,0,0,0,0,0,0,0,1,''),(369,5564,'خانه بازی',1,'13:14:00','14:19:00','1398-10-28',65,0,0,75000,0,0,0,0,0,0,0,1,''),(370,3659,'خانه بازی',1,'13:48:00','16:25:00','1398-10-28',121,0,0,120000,0,0,0,0,0,0,0,1,''),(371,484,'خانه بازی',1,'13:48:00','16:25:00','1398-10-28',92,0,0,95000,0,0,0,0,0,0,0,1,''),(372,5565,'خانه بازی',1,'14:18:00','16:24:00','1398-10-28',96,0,0,95000,0,0,0,0,0,0,0,1,''),(373,485,'خانه بازی',1,'14:54:00','16:25:00','1398-10-28',90,0,0,95000,0,0,0,0,0,9,9500,1,''),(374,5388,'خانه بازی',1,'14:55:00','16:14:00','1398-10-28',76,0,0,95000,0,0,0,0,0,0,0,1,''),(375,3578,'خانه بازی',1,'15:17:00','16:56:00','1398-10-28',61,0,0,75000,0,0,0,0,0,0,0,1,''),(376,5566,'خانه بازی',1,'15:34:00','20:10:00','1398-10-28',157,0,0,150000,0,0,0,0,0,9,15000,1,''),(377,3772,'خانه بازی',1,'16:18:00','19:20:00','1398-10-28',115,0,0,120000,0,0,0,0,0,0,0,1,''),(378,3817,'خانه بازی',1,'17:20:00','17:20:00','1398-10-28',0,0,0,0,0,0,0,0,0,0,0,1,''),(379,2556,'خانه بازی',1,'17:23:00','18:34:00','1398-10-28',69,0,0,75000,0,0,0,0,0,0,0,1,''),(380,4032,'خانه بازی',1,'17:25:00','18:35:00','1398-10-28',67,0,0,75000,0,0,0,0,0,0,0,1,''),(381,415,'خانه بازی',1,'17:25:00','18:35:00','1398-10-28',52,0,0,75000,0,0,0,0,0,0,0,1,''),(382,458,'خانه بازی',1,'18:19:00','19:58:00','1398-10-28',99,0,0,95000,0,0,0,0,0,0,0,1,''),(383,5567,'خانه بازی',1,'18:21:00','19:58:00','1398-10-28',97,0,0,95000,0,0,0,0,0,0,0,1,''),(384,5568,'خانه بازی',1,'18:52:00','19:54:00','1398-10-28',61,0,0,75000,0,0,0,0,0,0,0,1,''),(385,3788,'خانه بازی',1,'19:11:00','20:33:00','1398-10-28',81,0,0,95000,0,0,0,0,0,0,0,1,''),(386,5219,'خانه بازی',1,'19:19:00','20:04:00','1398-10-28',45,0,0,75000,0,0,0,0,0,0,0,1,''),(387,5569,'خانه بازی',1,'19:20:00','20:24:00','1398-10-28',64,0,0,75000,0,0,0,0,0,0,0,1,''),(388,5570,'خانه بازی',1,'19:20:00','20:24:00','1398-10-28',64,0,0,75000,0,0,0,0,0,0,0,1,''),(389,2645,'خانه بازی',1,'19:29:00','20:47:00','1398-10-28',0,0,0,0,0,0,62,0,0,0,0,1,''),(390,5571,'خانه بازی',1,'20:02:00','20:57:00','1398-10-28',53,0,0,75000,0,0,0,0,0,0,0,1,''),(391,5224,'خانه بازی',1,'11:41:00',NULL,'1398-10-29',0,0,0,0,0,0,0,0,0,0,0,0,''),(392,5572,'خانه بازی',1,'11:51:00',NULL,'1398-10-29',0,0,0,0,0,0,0,0,0,0,0,0,'');
/*!40000 ALTER TABLE `game` ENABLE KEYS */;
UNLOCK TABLES;

--
-- Table structure for table `game_meta`
--

DROP TABLE IF EXISTS `game_meta`;
/*!40101 SET @saved_cs_client     = @@character_set_client */;
/*!40101 SET character_set_client = utf8 */;
CREATE TABLE `game_meta` (
  `gm_id` int(11) NOT NULL AUTO_INCREMENT COMMENT 'کد متای بازی',
  `g_id` int(11) NOT NULL COMMENT 'کد بازی',
  `gm_key` varchar(50) NOT NULL COMMENT 'کلید متای بازی',
  `gm_value` varchar(50) NOT NULL COMMENT 'مقدار متای بازی',
  `gm_date` date NOT NULL COMMENT 'تاریخ ثبت',
  `gm_time` time NOT NULL COMMENT 'زمان ثبت',
  `gm_time_end` time DEFAULT NULL COMMENT 'زمان اتمام',
  PRIMARY KEY (`gm_id`)
) ENGINE=InnoDB AUTO_INCREMENT=647 DEFAULT CHARSET=utf8 COMMENT='اطلاعات اضافی بازی';
/*!40101 SET character_set_client = @saved_cs_client */;

--
-- Dumping data for table `game_meta`
--

LOCK TABLES `game_meta` WRITE;
/*!40000 ALTER TABLE `game_meta` DISABLE KEYS */;
INSERT INTO `game_meta` (`gm_id`, `g_id`, `gm_key`, `gm_value`, `gm_date`, `gm_time`, `gm_time_end`) VALUES (105,60,'count','1','1398-10-25','10:42:00','12:46:00'),(106,61,'count','1','1398-10-25','10:50:00','11:44:00'),(107,62,'count','1','1398-10-25','11:06:00','12:32:00'),(108,63,'count','1','1398-10-25','11:16:00','12:26:00'),(109,64,'count','1','1398-10-25','11:16:00','13:21:00'),(110,65,'count','1','1398-10-25','11:17:00','12:41:00'),(111,66,'count','1','1398-10-25','11:17:00','12:46:00'),(112,67,'count','1','1398-10-25','11:22:00','12:22:00'),(113,68,'count','1','1398-10-25','11:24:00','12:22:00'),(114,69,'count','1','1398-10-25','11:32:00','13:56:00'),(115,70,'count','1','1398-10-25','11:33:00','13:56:00'),(116,71,'count','1','1398-10-25','11:34:00','12:36:00'),(117,61,'pause','1','1398-10-25','11:44:00','12:17:00'),(118,72,'count','1','1398-10-25','11:47:00','12:54:00'),(120,73,'count','1','1398-10-25','11:57:00','12:57:00'),(122,74,'count','1','1398-10-25','12:03:00','12:33:00'),(124,75,'count','1','1398-10-25','12:13:00','13:18:00'),(125,61,'count','1','1398-10-25','12:17:00','12:36:00'),(126,67,'pause','1','1398-10-25','12:22:00','13:00:00'),(127,68,'pause','1','1398-10-25','12:22:00','13:06:00'),(128,63,'pause','1','1398-10-25','12:26:00','13:10:00'),(129,76,'count','1','1398-10-25','12:30:00','13:03:00'),(133,74,'pause','1','1398-10-25','12:33:00','13:10:00'),(134,71,'pause','1','1398-10-25','12:36:00','13:32:00'),(135,61,'pause','1','1398-10-25','12:36:00','12:53:00'),(136,77,'count','1','1398-10-25','12:41:00','13:38:00'),(137,78,'count','1','1398-10-25','12:47:00','13:22:00'),(138,61,'count','1','1398-10-25','12:53:00','12:54:00'),(139,61,'pause','1','1398-10-25','12:54:00','12:57:00'),(140,61,'count','1','1398-10-25','12:57:00','14:04:00'),(141,67,'count','1','1398-10-25','13:00:00','13:20:00'),(142,76,'pause','1','1398-10-25','13:03:00','13:28:00'),(143,79,'count','1','1398-10-25','13:05:00','14:06:00'),(144,80,'count','1','1398-10-25','13:05:00','14:06:00'),(145,81,'count','1','1398-10-25','13:06:00','14:06:00'),(146,82,'count','1','1398-10-25','13:06:00','14:07:00'),(147,68,'count','1','1398-10-25','13:06:00','13:08:00'),(148,68,'pause','1','1398-10-25','13:08:00',NULL),(149,74,'count','1','1398-10-25','13:10:00','14:03:00'),(150,63,'count','1','1398-10-25','13:10:00','13:52:00'),(151,83,'count','1','1398-10-25','13:11:00','14:12:00'),(152,84,'count','1','1398-10-25','13:14:00','14:17:00'),(153,85,'count','1','1398-10-25','13:17:00','14:22:00'),(154,86,'count','1','1398-10-25','13:18:00','14:23:00'),(155,87,'count','1','1398-10-25','13:20:00','14:20:00'),(156,78,'pause','1','1398-10-25','13:22:00','13:44:00'),(157,76,'count','1','1398-10-25','13:28:00','13:59:00'),(158,71,'count','1','1398-10-25','13:32:00','13:38:00'),(159,71,'pause','1','1398-10-25','13:38:00','13:39:00'),(160,71,'count','1','1398-10-25','13:39:00','13:58:00'),(161,78,'count','1','1398-10-25','13:44:00','13:45:00'),(162,78,'pause','1','1398-10-25','13:45:00','13:49:00'),(163,88,'count','1','1398-10-25','13:48:00','14:54:00'),(164,89,'count','1','1398-10-25','13:48:00','14:54:00'),(165,90,'count','1','1398-10-25','13:57:00','15:19:00'),(166,79,'pause','1','1398-10-25','14:06:00','14:54:00'),(167,80,'pause','1','1398-10-25','14:06:00','14:50:00'),(168,81,'pause','1','1398-10-25','14:06:00','14:50:00'),(169,82,'pause','1','1398-10-25','14:07:00','14:50:00'),(170,87,'pause','1','1398-10-25','14:20:00','14:21:00'),(171,91,'count','1','1398-10-25','14:21:00','15:44:00'),(172,87,'pause','1','1398-10-25','14:21:00','15:07:00'),(173,92,'count','1','1398-10-25','14:45:00','15:48:00'),(174,81,'count','1','1398-10-25','14:50:00','15:55:00'),(175,80,'count','1','1398-10-25','14:50:00','15:55:00'),(176,82,'count','1','1398-10-25','14:50:00','15:54:00'),(177,87,'pause','1','1398-10-25','15:07:00','15:07:00'),(178,87,'pause','1','1398-10-25','15:07:00','15:08:00'),(179,87,'pause','1','1398-10-25','15:08:00','15:08:00'),(180,87,'pause','1','1398-10-25','15:08:00','15:08:00'),(181,87,'pause','1','1398-10-25','15:08:00','15:08:00'),(182,87,'pause','1','1398-10-25','15:08:00','15:08:00'),(183,87,'pause','1','1398-10-25','15:08:00','15:08:00'),(184,87,'pause','1','1398-10-25','15:08:00','15:08:00'),(185,87,'pause','1','1398-10-25','15:08:00','15:08:00'),(186,87,'pause','1','1398-10-25','15:08:00','15:08:00'),(187,87,'pause','1','1398-10-25','15:08:00','15:09:00'),(188,87,'pause','1','1398-10-25','15:09:00','15:11:00'),(189,87,'pause','1','1398-10-25','15:11:00','15:11:00'),(190,87,'pause','1','1398-10-25','15:11:00','15:11:00'),(191,87,'pause','1','1398-10-25','15:11:00','15:12:00'),(192,87,'pause','1','1398-10-25','15:12:00','15:12:00'),(193,87,'pause','1','1398-10-25','15:12:00','15:16:00'),(194,87,'pause','1','1398-10-25','15:16:00','15:16:00'),(195,87,'pause','1','1398-10-25','15:16:00','15:23:00'),(196,87,'pause','1','1398-10-25','15:23:00','15:36:00'),(197,93,'count','1','1398-10-25','15:35:00','16:26:00'),(198,91,'pause','1','1398-10-25','15:44:00','16:11:00'),(199,94,'count','1','1398-10-25','15:49:00','17:36:00'),(200,95,'count','1','1398-10-25','15:50:00','17:04:00'),(201,96,'count','1','1398-10-25','15:50:00','17:05:00'),(202,97,'count','1','1398-10-25','15:50:00','17:43:00'),(203,98,'count','1','1398-10-25','15:51:00','17:29:00'),(204,99,'count','1','1398-10-25','15:51:00','17:43:00'),(205,100,'count','1','1398-10-25','15:52:00','17:46:00'),(206,101,'count','1','1398-10-25','16:01:00','17:41:00'),(207,102,'count','1','1398-10-25','16:02:00','16:46:00'),(208,103,'count','1','1398-10-25','16:08:00','17:33:00'),(209,104,'count','1','1398-10-25','16:14:00','17:54:00'),(210,105,'count','1','1398-10-25','16:14:00','17:54:00'),(211,106,'count','1','1398-10-25','16:19:00','19:14:00'),(212,107,'count','1','1398-10-25','16:20:00','18:00:00'),(213,108,'count','1','1398-10-25','16:20:00','16:21:00'),(214,109,'count','1','1398-10-25','16:20:00','18:00:00'),(215,108,'pause','1','1398-10-25','16:21:00','16:21:00'),(216,110,'count','1','1398-10-25','16:25:00','17:29:00'),(217,111,'count','1','1398-10-25','16:29:00','19:10:00'),(218,112,'count','1','1398-10-25','16:30:00','19:10:00'),(219,113,'count','1','1398-10-25','16:30:00','17:29:00'),(220,114,'count','1','1398-10-25','16:31:00','17:30:00'),(221,115,'count','1','1398-10-25','16:31:00','17:27:00'),(222,116,'count','1','1398-10-25','16:33:00','17:30:00'),(223,117,'count','1','1398-10-25','16:33:00','19:10:00'),(224,118,'count','1','1398-10-25','16:34:00','17:44:00'),(225,119,'count','1','1398-10-25','16:41:00','17:59:00'),(226,120,'count','1','1398-10-25','16:43:00','17:59:00'),(227,102,'pause','1','1398-10-25','16:46:00','18:33:00'),(228,121,'count','1','1398-10-25','16:59:00','17:45:00'),(229,122,'count','1','1398-10-25','17:10:00','18:15:00'),(230,123,'count','1','1398-10-25','17:11:00','18:34:00'),(231,124,'count','1','1398-10-25','17:11:00','18:35:00'),(232,125,'count','1','1398-10-25','17:11:00','18:35:00'),(233,126,'count','1','1398-10-25','17:15:00','18:05:00'),(234,127,'count','1','1398-10-25','17:23:00','18:36:00'),(235,128,'count','1','1398-10-25','17:24:00','17:45:00'),(236,129,'count','1','1398-10-25','17:25:00','18:06:00'),(237,130,'count','1','1398-10-25','17:25:00','18:04:00'),(238,131,'count','1','1398-10-25','17:31:00','18:33:00'),(239,132,'count','1','1398-10-25','17:31:00','18:34:00'),(240,133,'count','1','1398-10-25','17:31:00','18:21:00'),(241,134,'count','1','1398-10-25','17:32:00','18:36:00'),(242,103,'pause','1','1398-10-25','17:33:00','17:46:00'),(243,94,'pause','1','1398-10-25','17:36:00','20:34:00'),(244,135,'count','1','1398-10-25','17:41:00','18:34:00'),(245,136,'count','1','1398-10-25','17:43:00','18:42:00'),(246,128,'pause','1','1398-10-25','17:45:00','18:02:00'),(247,137,'count','1','1398-10-25','17:46:00','19:21:00'),(248,103,'count','1','1398-10-25','17:46:00','20:43:00'),(249,138,'count','1','1398-10-25','17:49:00','18:51:00'),(250,139,'count','1','1398-10-25','17:49:00','18:51:00'),(251,140,'count','1','1398-10-25','17:55:00','19:21:00'),(252,141,'count','1','1398-10-25','17:55:00','18:35:00'),(253,142,'count','1','1398-10-25','17:55:00','18:54:00'),(254,143,'count','1','1398-10-25','18:01:00','18:45:00'),(255,144,'count','1','1398-10-25','18:02:00','19:22:00'),(256,128,'count','1','1398-10-25','18:02:00','18:03:00'),(257,128,'pause','1','1398-10-25','18:03:00','18:03:00'),(258,128,'count','1','1398-10-25','18:03:00','18:09:00'),(259,128,'pause','1','1398-10-25','18:09:00','20:37:00'),(260,133,'pause','1','1398-10-25','18:21:00','18:27:00'),(261,133,'count','1','1398-10-25','18:27:00','18:34:00'),(262,136,'pause','1','1398-10-25','18:42:00','18:48:00'),(263,143,'pause','1','1398-10-25','18:45:00','18:49:00'),(264,136,'count','1','1398-10-25','18:48:00','18:52:00'),(265,143,'count','1','1398-10-25','18:49:00','18:54:00'),(266,145,'count','1','1398-10-25','18:53:00','19:49:00'),(267,143,'pause','1','1398-10-25','18:54:00','18:55:00'),(268,146,'count','1','1398-10-25','19:10:00','20:11:00'),(269,147,'count','1','1398-10-25','19:10:00','19:54:00'),(270,140,'pause','1','1398-10-25','19:21:00','19:21:00'),(271,148,'count','1','1398-10-25','19:26:00','20:54:00'),(272,149,'count','1','1398-10-25','19:27:00','19:55:00'),(273,150,'count','1','1398-10-25','19:37:00','21:32:00'),(274,151,'count','1','1398-10-25','19:40:00','20:19:00'),(275,152,'count','1','1398-10-25','19:48:00','21:20:00'),(276,153,'count','1','1398-10-25','19:54:00','20:49:00'),(277,147,'pause','1','1398-10-25','19:54:00','19:59:00'),(278,149,'pause','1','1398-10-25','19:55:00','19:56:00'),(279,149,'count','1','1398-10-25','19:56:00','19:58:00'),(280,149,'vip','1','1398-10-25','19:58:00','20:54:00'),(281,154,'count','1','1398-10-25','20:17:00','21:27:00'),(282,155,'count','1','1398-10-25','20:19:00','21:15:00'),(283,151,'pause','1','1398-10-25','20:19:00','20:26:00'),(284,151,'count','1','1398-10-25','20:26:00','20:46:00'),(285,151,'pause','1','1398-10-25','20:46:00','20:46:00'),(286,153,'pause','1','1398-10-25','20:49:00','20:52:00'),(287,149,'pause','1','1398-10-25','20:54:00','20:55:00'),(288,156,'count','1','1398-10-26','10:38:00','11:11:00'),(289,157,'count','1','1398-10-26','10:38:00','11:32:00'),(290,158,'count','1','1398-10-26','10:44:00','11:42:00'),(291,159,'count','1','1398-10-26','10:45:00','12:11:00'),(292,160,'count','1','1398-10-26','11:09:00','11:49:00'),(293,161,'count','1','1398-10-26','11:10:00','11:49:00'),(294,162,'count','1','1398-10-26','11:13:00','13:17:00'),(295,163,'count','1','1398-10-26','11:13:00','11:49:00'),(296,164,'count','1','1398-10-26','11:41:00','12:31:00'),(297,165,'count','1','1398-10-26','11:43:00','13:00:00'),(298,160,'pause','1','1398-10-26','11:49:00','12:36:00'),(299,161,'pause','1','1398-10-26','11:49:00','12:36:00'),(300,163,'pause','1','1398-10-26','11:49:00','12:36:00'),(301,166,'count','1','1398-10-26','11:51:00','15:38:00'),(302,167,'count','1','1398-10-26','11:52:00','12:28:00'),(303,168,'count','1','1398-10-26','12:04:00','14:06:00'),(304,169,'count','1','1398-10-26','12:04:00','13:43:00'),(305,170,'count','1','1398-10-26','12:11:00','13:55:00'),(306,171,'count','1','1398-10-26','12:11:00','13:56:00'),(307,172,'count','1','1398-10-26','12:25:00','14:03:00'),(308,173,'count','1','1398-10-26','12:25:00','13:19:00'),(309,167,'pause','1','1398-10-26','12:28:00','12:29:00'),(310,167,'count','1','1398-10-26','12:29:00','12:47:00'),(311,163,'count','1','1398-10-26','12:36:00','12:58:00'),(312,161,'count','1','1398-10-26','12:36:00','12:57:00'),(313,160,'count','1','1398-10-26','12:36:00','12:57:00'),(314,174,'count','1','1398-10-26','12:43:00','13:36:00'),(315,175,'count','1','1398-10-26','12:54:00','14:19:00'),(316,176,'count','1','1398-10-26','12:54:00','13:54:00'),(317,177,'count','1','1398-10-26','13:03:00','13:53:00'),(318,178,'count','1','1398-10-26','13:03:00','13:53:00'),(319,179,'count','1','1398-10-26','13:03:00','14:45:00'),(320,180,'count','1','1398-10-26','13:04:00','14:46:00'),(321,181,'count','1','1398-10-26','13:04:00','13:58:00'),(322,182,'count','1','1398-10-26','13:08:00','14:01:00'),(323,183,'count','1','1398-10-26','13:08:00','14:02:00'),(324,184,'count','1','1398-10-26','13:13:00','15:10:00'),(325,185,'count','1','1398-10-26','13:14:00','13:38:00'),(326,186,'count','1','1398-10-26','13:17:00','14:44:00'),(327,187,'count','1','1398-10-26','13:18:00','13:39:00'),(328,188,'count','1','1398-10-26','13:23:00','14:22:00'),(329,189,'count','1','1398-10-26','13:30:00','14:02:00'),(330,185,'pause','1','1398-10-26','13:38:00','13:40:00'),(331,187,'pause','1','1398-10-26','13:39:00','14:13:00'),(332,185,'count','1','1398-10-26','13:40:00','13:55:00'),(333,185,'pause','1','1398-10-26','13:55:00','14:21:00'),(334,190,'count','1','1398-10-26','14:00:00','14:00:00'),(335,190,'pause','1','1398-10-26','14:00:00','15:03:00'),(336,189,'pause','1','1398-10-26','14:02:00','15:30:00'),(337,191,'count','1','1398-10-26','14:08:00','14:29:00'),(338,187,'count','1','1398-10-26','14:13:00','14:44:00'),(339,185,'count','1','1398-10-26','14:21:00','14:30:00'),(340,185,'pause','1','1398-10-26','14:30:00','14:37:00'),(341,192,'count','1','1398-10-26','14:34:00','15:52:00'),(342,193,'count','1','1398-10-26','14:34:00','15:51:00'),(343,194,'count','1','1398-10-26','14:36:00','15:51:00'),(344,185,'count','1','1398-10-26','14:37:00','14:41:00'),(345,185,'pause','1','1398-10-26','14:41:00','14:43:00'),(346,185,'count','1','1398-10-26','14:43:00','15:02:00'),(347,187,'pause','1','1398-10-26','14:44:00','14:45:00'),(348,186,'pause','1','1398-10-26','14:44:00','15:17:00'),(349,187,'count','1','1398-10-26','14:45:00','15:17:00'),(350,179,'pause','1','1398-10-26','14:45:00','15:15:00'),(351,180,'pause','1','1398-10-26','14:46:00','15:15:00'),(352,185,'pause','1','1398-10-26','15:02:00','15:10:00'),(353,190,'count','1','1398-10-26','15:03:00','16:23:00'),(354,195,'count','1','1398-10-26','15:18:00','16:13:00'),(355,196,'count','1','1398-10-26','15:24:00','15:37:00'),(356,196,'pause','1','1398-10-26','15:37:00','15:41:00'),(357,166,'pause','1','1398-10-26','15:38:00','15:55:00'),(358,196,'count','1','1398-10-26','15:41:00','17:23:00'),(359,197,'count','1','1398-10-26','15:50:00','17:27:00'),(360,198,'count','1','1398-10-26','15:50:00','16:52:00'),(361,199,'count','1','1398-10-26','15:54:00','15:54:00'),(362,199,'vip','1','1398-10-26','15:54:00','16:57:00'),(363,200,'count','1','1398-10-26','15:57:00','16:59:00'),(364,201,'count','1','1398-10-26','15:59:00','16:59:00'),(365,202,'count','1','1398-10-26','16:04:00','17:02:00'),(366,203,'count','1','1398-10-26','16:05:00','18:30:00'),(367,204,'count','1','1398-10-26','16:13:00','18:30:00'),(368,205,'count','1','1398-10-26','16:22:00','16:24:00'),(369,205,'vip','1','1398-10-26','16:24:00','17:22:00'),(370,206,'count','1','1398-10-26','16:35:00','16:36:00'),(371,206,'pause','1','1398-10-26','16:36:00','16:36:00'),(372,206,'count','1','1398-10-26','16:36:00','17:51:00'),(373,207,'count','1','1398-10-26','16:42:00','17:51:00'),(374,208,'count','1','1398-10-26','16:46:00','17:25:00'),(375,209,'count','1','1398-10-26','16:47:00','17:49:00'),(376,210,'count','1','1398-10-26','16:48:00','17:50:00'),(377,198,'pause','1','1398-10-26','16:52:00','17:27:00'),(378,201,'pause','1','1398-10-26','16:59:00','17:55:00'),(379,200,'pause','1','1398-10-26','16:59:00','18:21:00'),(380,211,'count','1','1398-10-26','17:11:00','18:12:00'),(381,212,'count','1','1398-10-26','17:11:00','18:16:00'),(382,213,'count','1','1398-10-26','17:14:00','18:27:00'),(383,214,'count','1','1398-10-26','17:15:00','18:35:00'),(384,215,'count','1','1398-10-26','17:18:00','18:38:00'),(385,205,'pause','1','1398-10-26','17:22:00','17:56:00'),(386,196,'pause','1','1398-10-26','17:23:00','17:25:00'),(387,216,'count','1','1398-10-26','17:24:00','18:28:00'),(388,217,'count','1','1398-10-26','17:24:00','18:29:00'),(389,218,'count','1','1398-10-26','17:29:00','18:24:00'),(390,219,'count','1','1398-10-26','17:31:00','18:05:00'),(391,220,'count','1','1398-10-26','17:32:00','19:00:00'),(392,221,'count','1','1398-10-26','17:32:00','18:06:00'),(393,201,'count','1','1398-10-26','17:55:00','17:59:00'),(394,222,'count','1','1398-10-26','17:55:00','18:55:00'),(395,205,'vip','1','1398-10-26','17:56:00','19:07:00'),(396,223,'count','1','1398-10-26','17:59:00','18:00:00'),(397,223,'pause','1','1398-10-26','18:00:00','21:03:00'),(398,224,'count','1','1398-10-26','18:09:00','19:36:00'),(399,225,'count','1','1398-10-26','18:09:00','19:03:00'),(400,226,'count','1','1398-10-26','18:09:00','19:36:00'),(401,227,'count','1','1398-10-26','18:10:00','20:46:00'),(402,228,'count','1','1398-10-26','18:10:00','18:58:00'),(403,229,'count','1','1398-10-26','18:10:00','18:58:00'),(404,230,'count','1','1398-10-26','18:11:00','20:47:00'),(405,231,'count','1','1398-10-26','18:11:00','20:46:00'),(406,232,'count','1','1398-10-26','18:12:00','19:48:00'),(407,233,'count','1','1398-10-26','18:13:00','18:32:00'),(408,234,'count','1','1398-10-26','18:23:00','21:27:00'),(409,213,'pause','1','1398-10-26','18:27:00','18:29:00'),(410,203,'pause','1','1398-10-26','18:30:00','19:02:00'),(411,204,'pause','1','1398-10-26','18:30:00','18:32:00'),(412,235,'count','1','1398-10-26','18:37:00','19:39:00'),(413,236,'count','1','1398-10-26','18:40:00','19:39:00'),(414,237,'count','1','1398-10-26','18:41:00','20:06:00'),(415,238,'count','1','1398-10-26','18:47:00','18:47:00'),(416,238,'pause','1','1398-10-26','18:47:00','18:47:00'),(417,239,'count','1','1398-10-26','18:48:00','19:42:00'),(418,240,'count','1','1398-10-26','18:48:00','20:33:00'),(419,241,'count','1','1398-10-26','18:53:00','18:57:00'),(420,242,'count','1','1398-10-26','18:54:00','20:37:00'),(421,241,'pause','1','1398-10-26','18:57:00','21:03:00'),(422,229,'pause','1','1398-10-26','18:58:00','19:12:00'),(423,228,'pause','1','1398-10-26','18:58:00','19:11:00'),(424,243,'count','1','1398-10-26','18:59:00','20:33:00'),(425,244,'count','1','1398-10-26','18:59:00','20:37:00'),(426,225,'pause','1','1398-10-26','19:03:00','19:36:00'),(427,245,'count','1','1398-10-26','19:09:00','20:17:00'),(428,246,'count','1','1398-10-26','19:10:00','20:34:00'),(429,228,'count','1','1398-10-26','19:11:00','20:00:00'),(430,247,'count','1','1398-10-26','19:19:00','19:50:00'),(431,248,'count','1','1398-10-26','19:22:00','21:23:00'),(432,249,'count','1','1398-10-26','19:23:00','20:35:00'),(433,250,'count','1','1398-10-26','19:43:00','20:42:00'),(434,251,'count','1','1398-10-26','19:47:00','20:44:00'),(435,232,'pause','1','1398-10-26','19:48:00','19:49:00'),(436,252,'count','1','1398-10-26','19:53:00','21:05:00'),(437,253,'count','1','1398-10-26','19:54:00','21:06:00'),(438,254,'count','1','1398-10-26','19:54:00','21:01:00'),(439,228,'pause','1','1398-10-26','20:00:00','20:28:00'),(440,255,'count','1','1398-10-26','20:03:00','21:09:00'),(441,256,'count','1','1398-10-26','20:04:00','21:00:00'),(442,257,'count','1','1398-10-26','20:19:00','21:21:00'),(443,258,'count','1','1398-10-26','20:22:00','21:25:00'),(444,259,'count','1','1398-10-26','20:31:00','21:31:00'),(445,243,'pause','1','1398-10-26','20:33:00','20:36:00'),(446,240,'pause','1','1398-10-26','20:33:00','20:54:00'),(447,260,'count','1','1398-10-26','20:34:00','21:30:00'),(448,261,'count','1','1398-10-26','20:34:00','21:30:00'),(449,262,'count','1','1398-10-26','20:40:00','21:29:00'),(450,263,'count','1','1398-10-26','20:41:00','21:30:00'),(451,264,'count','1','1398-10-26','20:41:00','21:33:00'),(452,240,'count','1','1398-10-26','20:54:00','21:13:00'),(453,254,'pause','1','1398-10-26','21:01:00','21:09:00'),(454,254,'count','1','1398-10-26','21:09:00','21:34:00'),(455,265,'count','1','1398-10-27','11:37:00','12:53:00'),(456,266,'count','1','1398-10-27','11:37:00','12:54:00'),(457,267,'count','1','1398-10-27','11:51:00','12:54:00'),(458,268,'count','1','1398-10-27','11:51:00','12:54:00'),(459,269,'count','1','1398-10-27','12:16:00','14:12:00'),(460,270,'count','1','1398-10-27','12:24:00','13:49:00'),(461,271,'count','1','1398-10-27','12:35:00','13:34:00'),(462,272,'count','1','1398-10-27','12:35:00','13:34:00'),(463,273,'count','1','1398-10-27','12:35:00','13:34:00'),(464,274,'count','1','1398-10-27','12:41:00','14:11:00'),(465,275,'count','1','1398-10-27','12:45:00','12:45:00'),(466,276,'count','1','1398-10-27','12:46:00','13:37:00'),(467,277,'count','1','1398-10-27','12:55:00','13:40:00'),(468,278,'count','1','1398-10-27','13:04:00','14:58:00'),(469,279,'count','1','1398-10-27','13:21:00','14:51:00'),(470,280,'count','1','1398-10-27','13:37:00','14:33:00'),(471,276,'pause','1','1398-10-27','13:37:00','13:45:00'),(472,281,'count','1','1398-10-27','13:45:00','16:06:00'),(473,282,'count','1','1398-10-27','13:45:00','16:06:00'),(474,276,'count','1','1398-10-27','13:45:00','14:28:00'),(475,283,'count','1','1398-10-27','13:45:00','15:19:00'),(476,284,'count','1','1398-10-27','13:51:00','15:30:00'),(477,285,'count','1','1398-10-27','13:51:00','14:49:00'),(478,286,'count','1','1398-10-27','13:53:00','14:47:00'),(479,287,'count','1','1398-10-27','13:56:00','14:54:00'),(480,288,'count','1','1398-10-27','14:12:00','14:51:00'),(481,289,'count','1','1398-10-27','14:23:00','16:04:00'),(482,290,'count','1','1398-10-27','14:32:00','15:47:00'),(483,280,'pause','1','1398-10-27','14:33:00','15:12:00'),(484,291,'count','1','1398-10-27','14:46:00','15:48:00'),(485,292,'count','1','1398-10-27','14:47:00','15:48:00'),(486,285,'pause','1','1398-10-27','14:49:00','15:20:00'),(487,293,'count','1','1398-10-27','14:57:00','16:01:00'),(488,294,'count','1','1398-10-27','14:58:00','16:01:00'),(489,295,'count','1','1398-10-27','15:02:00','15:21:00'),(490,280,'count','1','1398-10-27','15:12:00','16:05:00'),(491,283,'pause','1','1398-10-27','15:19:00','15:20:00'),(492,295,'pause','1','1398-10-27','15:21:00','15:32:00'),(493,296,'count','1','1398-10-27','15:30:00','16:27:00'),(494,295,'count','1','1398-10-27','15:32:00','16:05:00'),(495,297,'count','1','1398-10-27','15:33:00','17:18:00'),(496,298,'count','1','1398-10-27','15:33:00','17:18:00'),(497,299,'count','1','1398-10-27','15:44:00','18:15:00'),(498,300,'count','1','1398-10-27','15:56:00','17:53:00'),(499,301,'count','1','1398-10-27','15:57:00','17:54:00'),(500,289,'pause','1','1398-10-27','16:04:00','16:45:00'),(501,295,'pause','1','1398-10-27','16:05:00','16:45:00'),(502,302,'count','1','1398-10-27','16:06:00','17:11:00'),(503,303,'count','1','1398-10-27','16:13:00','17:16:00'),(504,304,'count','1','1398-10-27','16:15:00','17:10:00'),(505,305,'count','1','1398-10-27','16:33:00','18:00:00'),(506,306,'count','1','1398-10-27','16:35:00','18:35:00'),(507,307,'count','1','1398-10-27','16:35:00','18:37:00'),(508,308,'count','1','1398-10-27','16:37:00','17:51:00'),(509,289,'count','1','1398-10-27','16:45:00','16:45:00'),(510,289,'pause','1','1398-10-27','16:45:00','16:47:00'),(511,309,'count','1','1398-10-27','17:10:00','18:09:00'),(512,310,'count','1','1398-10-27','17:17:00','18:02:00'),(513,311,'count','1','1398-10-27','17:18:00','18:26:00'),(514,312,'count','1','1398-10-27','17:24:00','18:29:00'),(515,313,'count','1','1398-10-27','17:27:00','20:02:00'),(516,314,'count','1','1398-10-27','17:30:00','19:12:00'),(517,315,'count','1','1398-10-27','17:30:00','18:31:00'),(518,316,'count','1','1398-10-27','17:42:00','18:45:00'),(519,317,'count','1','1398-10-27','17:46:00','18:43:00'),(520,318,'count','1','1398-10-27','17:49:00','18:48:00'),(521,319,'count','1','1398-10-27','17:49:00','18:48:00'),(522,308,'pause','1','1398-10-27','17:51:00','18:32:00'),(523,300,'pause','1','1398-10-27','17:53:00','17:54:00'),(524,320,'count','1','1398-10-27','17:57:00','19:18:00'),(525,321,'count','1','1398-10-27','18:00:00','18:46:00'),(526,322,'count','1','1398-10-27','18:14:00','19:41:00'),(527,323,'count','1','1398-10-27','18:18:00','19:26:00'),(528,324,'count','1','1398-10-27','18:26:00','19:26:00'),(529,308,'count','1','1398-10-27','18:32:00','18:58:00'),(530,325,'count','1','1398-10-27','18:38:00','19:52:00'),(531,326,'count','1','1398-10-27','18:41:00','19:46:00'),(532,327,'count','1','1398-10-27','18:41:00','19:49:00'),(533,328,'count','1','1398-10-27','18:42:00','19:49:00'),(534,329,'count','1','1398-10-27','18:42:00','19:49:00'),(535,316,'pause','1','1398-10-27','18:45:00','18:45:00'),(536,330,'count','1','1398-10-27','18:45:00','19:55:00'),(537,331,'count','1','1398-10-27','18:48:00','19:05:00'),(538,332,'count','1','1398-10-27','18:53:00','19:58:00'),(539,333,'count','1','1398-10-27','18:54:00','19:58:00'),(540,334,'count','1','1398-10-27','18:54:00','19:50:00'),(541,335,'count','1','1398-10-27','18:55:00','19:51:00'),(542,336,'count','1','1398-10-27','19:04:00','21:31:00'),(543,337,'count','1','1398-10-27','19:05:00','20:06:00'),(544,331,'pause','1','1398-10-27','19:05:00','19:50:00'),(545,338,'count','1','1398-10-27','19:06:00','19:39:00'),(546,339,'count','1','1398-10-27','19:08:00','20:20:00'),(547,340,'count','1','1398-10-27','19:09:00','20:22:00'),(548,341,'count','1','1398-10-27','19:10:00','21:34:00'),(549,342,'count','1','1398-10-27','19:12:00','20:28:00'),(550,343,'count','1','1398-10-27','19:20:00','19:59:00'),(551,344,'count','1','1398-10-27','19:31:00','20:41:00'),(552,345,'count','1','1398-10-27','19:44:00','20:56:00'),(553,346,'count','1','1398-10-27','19:54:00','21:06:00'),(554,343,'pause','1','1398-10-27','19:59:00','19:59:00'),(555,337,'pause','1','1398-10-27','20:06:00','20:13:00'),(556,347,'count','1','1398-10-27','20:11:00','21:17:00'),(557,348,'count','1','1398-10-27','20:13:00','21:08:00'),(558,337,'count','1','1398-10-27','20:13:00','20:31:00'),(559,349,'count','1','1398-10-27','20:19:00','21:20:00'),(560,350,'count','1','1398-10-27','20:19:00','21:21:00'),(561,351,'count','1','1398-10-27','20:19:00','21:18:00'),(562,352,'count','1','1398-10-27','20:20:00','21:21:00'),(563,353,'count','1','1398-10-27','20:22:00','21:10:00'),(564,354,'count','1','1398-10-27','20:24:00','21:18:00'),(565,355,'count','1','1398-10-27','20:25:00','21:27:00'),(566,337,'pause','1','1398-10-27','20:31:00','20:35:00'),(567,337,'count','1','1398-10-27','20:35:00','20:46:00'),(568,344,'pause','1','1398-10-27','20:41:00','20:57:00'),(569,337,'pause','1','1398-10-27','20:46:00','20:57:00'),(570,337,'count','1','1398-10-27','20:57:00','21:07:00'),(571,344,'count','1','1398-10-27','20:57:00','21:32:00'),(572,337,'pause','1','1398-10-27','21:07:00','21:30:00'),(573,348,'pause','1','1398-10-27','21:08:00','21:10:00'),(574,348,'count','1','1398-10-27','21:10:00','21:32:00'),(575,353,'pause','1','1398-10-27','21:10:00','21:23:00'),(576,356,'count','1','1398-10-28','11:02:00','12:37:00'),(577,357,'count','1','1398-10-28','11:02:00','12:37:00'),(578,358,'count','1','1398-10-28','11:23:00','12:36:00'),(579,359,'count','1','1398-10-28','11:27:00','12:53:00'),(580,360,'count','1','1398-10-28','11:49:00','12:37:00'),(581,361,'count','1','1398-10-28','11:53:00','13:11:00'),(582,362,'count','1','1398-10-28','12:00:00','14:07:00'),(583,363,'count','1','1398-10-28','12:05:00','14:46:00'),(584,364,'count','1','1398-10-28','12:26:00','12:53:00'),(585,365,'count','1','1398-10-28','12:36:00','12:58:00'),(586,366,'count','1','1398-10-28','12:46:00','14:10:00'),(587,367,'count','1','1398-10-28','12:51:00','13:45:00'),(588,365,'pause','1','1398-10-28','12:58:00','13:54:00'),(589,368,'count','1','1398-10-28','13:02:00','14:48:00'),(590,369,'count','1','1398-10-28','13:14:00','14:19:00'),(591,370,'count','1','1398-10-28','13:48:00','14:23:00'),(592,371,'count','1','1398-10-28','13:48:00','14:23:00'),(593,365,'count','1','1398-10-28','13:54:00','14:05:00'),(594,372,'count','1','1398-10-28','14:18:00','15:54:00'),(595,370,'pause','1','1398-10-28','14:23:00','14:59:00'),(596,371,'pause','1','1398-10-28','14:23:00','14:59:00'),(597,363,'pause','1','1398-10-28','14:46:00','15:18:00'),(598,373,'count','1','1398-10-28','14:54:00','16:08:00'),(599,374,'count','1','1398-10-28','14:55:00','16:11:00'),(600,370,'count','1','1398-10-28','14:59:00','16:25:00'),(601,371,'count','1','1398-10-28','14:59:00','15:56:00'),(602,375,'count','1','1398-10-28','15:17:00','16:18:00'),(603,363,'count','1','1398-10-28','15:18:00','15:19:00'),(604,363,'pause','1','1398-10-28','15:19:00','15:24:00'),(605,376,'count','1','1398-10-28','15:34:00','16:47:00'),(606,372,'pause','1','1398-10-28','15:54:00','16:24:00'),(607,371,'pause','1','1398-10-28','15:56:00','16:25:00'),(608,373,'pause','1','1398-10-28','16:08:00','16:09:00'),(609,373,'count','1','1398-10-28','16:09:00','16:25:00'),(610,374,'pause','1','1398-10-28','16:11:00','16:14:00'),(611,377,'count','1','1398-10-28','16:18:00','18:13:00'),(612,375,'pause','1','1398-10-28','16:18:00','16:56:00'),(613,376,'pause','1','1398-10-28','16:47:00','17:46:00'),(614,378,'count','1','1398-10-28','17:20:00','17:20:00'),(615,378,'count','2','1398-10-28','17:20:00','17:20:00'),(616,379,'count','1','1398-10-28','17:23:00','18:32:00'),(617,380,'count','1','1398-10-28','17:25:00','18:32:00'),(618,381,'count','1','1398-10-28','17:25:00','17:38:00'),(619,381,'pause','1','1398-10-28','17:38:00','17:51:00'),(620,376,'count','1','1398-10-28','17:46:00','19:10:00'),(621,381,'count','1','1398-10-28','17:51:00','18:06:00'),(622,381,'pause','1','1398-10-28','18:06:00','18:08:00'),(623,381,'count','1','1398-10-28','18:08:00','18:32:00'),(624,377,'pause','1','1398-10-28','18:13:00','19:20:00'),(625,382,'count','1','1398-10-28','18:19:00','19:58:00'),(626,383,'count','1','1398-10-28','18:21:00','19:58:00'),(627,379,'pause','1','1398-10-28','18:32:00','18:34:00'),(628,380,'pause','1','1398-10-28','18:32:00','18:35:00'),(629,381,'pause','1','1398-10-28','18:32:00','18:35:00'),(630,384,'count','1','1398-10-28','18:52:00','19:53:00'),(631,376,'pause','1','1398-10-28','19:10:00','20:09:00'),(632,385,'count','1','1398-10-28','19:11:00','20:32:00'),(633,386,'count','1','1398-10-28','19:19:00','20:04:00'),(634,387,'count','1','1398-10-28','19:20:00','20:24:00'),(635,388,'count','1','1398-10-28','19:20:00','20:24:00'),(636,389,'count','1','1398-10-28','19:29:00','19:30:00'),(637,389,'pause','1','1398-10-28','19:30:00','19:32:00'),(638,389,'count','1','1398-10-28','19:32:00','19:54:00'),(639,389,'pause','1','1398-10-28','19:54:00','20:03:00'),(640,390,'count','1','1398-10-28','20:02:00','20:55:00'),(641,389,'count','1','1398-10-28','20:03:00','20:09:00'),(642,389,'pause','1','1398-10-28','20:09:00','20:12:00'),(643,389,'count','1','1398-10-28','20:12:00','20:45:00'),(644,390,'pause','1','1398-10-28','20:55:00','20:57:00'),(645,391,'count','1','1398-10-29','11:41:00',NULL),(646,392,'count','1','1398-10-29','11:51:00',NULL);
/*!40000 ALTER TABLE `game_meta` ENABLE KEYS */;
UNLOCK TABLES;

--
-- Table structure for table `loan`
--

DROP TABLE IF EXISTS `loan`;
/*!40101 SET @saved_cs_client     = @@character_set_client */;
/*!40101 SET character_set_client = utf8 */;
CREATE TABLE `loan` (
  `l_id` int(11) NOT NULL AUTO_INCREMENT,
  `a_id` int(11) NOT NULL,
  `p_id` int(11) NOT NULL,
  `b_id` int(11) NOT NULL,
  `l_fromdate` date DEFAULT NULL,
  `l_fromdetails` text,
  `l_todate` date DEFAULT NULL,
  `l_todetails` text,
  `l_enddate` date DEFAULT NULL,
  PRIMARY KEY (`l_id`)
) ENGINE=MyISAM AUTO_INCREMENT=18 DEFAULT CHARSET=utf8;
/*!40101 SET character_set_client = @saved_cs_client */;

--
-- Dumping data for table `loan`
--

LOCK TABLES `loan` WRITE;
/*!40000 ALTER TABLE `loan` DISABLE KEYS */;
INSERT INTO `loan` (`l_id`, `a_id`, `p_id`, `b_id`, `l_fromdate`, `l_fromdetails`, `l_todate`, `l_todetails`, `l_enddate`) VALUES (17,0,1588,5,'1398-10-09','','0000-00-00','','1398-10-15'),(16,0,1588,5,'1398-10-09','','1398-10-25','','1398-10-15'),(12,1,146,4,'1398-09-10','','1398-09-17','','1398-09-17');
/*!40000 ALTER TABLE `loan` ENABLE KEYS */;
UNLOCK TABLES;

--
-- Table structure for table `login_record`
--

DROP TABLE IF EXISTS `login_record`;
/*!40101 SET @saved_cs_client     = @@character_set_client */;
/*!40101 SET character_set_client = utf8 */;
CREATE TABLE `login_record` (
  `lr_id` int(11) NOT NULL AUTO_INCREMENT,
  `u_id` int(11) NOT NULL,
  `lr_time` datetime NOT NULL,
  `lr_ip` varchar(15) CHARACTER SET utf8 NOT NULL,
  PRIMARY KEY (`lr_id`)
) ENGINE=MyISAM AUTO_INCREMENT=396 DEFAULT CHARSET=latin1;
/*!40101 SET character_set_client = @saved_cs_client */;

--
-- Dumping data for table `login_record`
--

LOCK TABLES `login_record` WRITE;
/*!40000 ALTER TABLE `login_record` DISABLE KEYS */;
INSERT INTO `login_record` (`lr_id`, `u_id`, `lr_time`, `lr_ip`) VALUES (6,5,'2019-09-19 05:28:53',''),(5,21,'2019-09-19 03:46:05',''),(4,5,'2019-09-19 03:43:11',''),(8,5,'2019-09-19 06:07:29',''),(9,5,'2019-09-19 06:59:30',''),(10,21,'2019-09-19 07:01:06',''),(11,21,'2019-09-19 07:55:18',''),(12,21,'2019-09-19 09:07:11',''),(13,21,'2019-09-20 12:07:37',''),(14,5,'2019-09-20 12:12:34','46.225.213.168'),(15,21,'2019-09-20 07:48:06','2.184.1.199'),(16,21,'2019-09-20 10:05:05','2.184.1.199'),(17,24,'2019-09-21 10:51:55','46.225.213.168'),(18,26,'2019-09-21 19:19:19','37.27.61.116'),(19,21,'2019-09-21 19:27:06','2.184.1.199'),(20,26,'2019-09-21 20:58:13','46.225.213.168'),(21,21,'2019-09-21 20:58:47','46.225.213.168'),(22,28,'2019-09-22 15:28:31','104.237.226.177'),(23,5,'2019-09-22 15:42:24','46.225.213.109'),(24,28,'2019-09-22 15:43:57','46.225.213.109'),(25,21,'2019-09-22 22:27:53','2.184.28.83'),(26,30,'2019-09-24 09:56:32','5.120.137.204'),(27,5,'2019-09-24 10:37:19','5.120.137.204'),(28,5,'2019-09-24 10:39:37','5.120.137.204'),(29,30,'2019-09-24 10:44:18','5.120.137.204'),(30,5,'2019-09-24 17:32:31','86.57.115.46'),(31,5,'2019-09-24 17:32:43','46.225.213.109'),(32,21,'2019-09-24 19:03:20','46.225.213.109'),(33,21,'2019-09-24 21:34:33','2.184.25.121'),(34,30,'2019-09-25 08:59:50','5.120.137.204'),(35,22,'2019-09-25 10:31:28','93.119.211.160'),(36,33,'2019-09-25 10:37:03','93.119.211.160'),(37,5,'2019-09-25 10:54:20','46.225.213.109'),(38,5,'2019-09-25 12:01:38','46.225.213.109'),(39,21,'2019-09-25 17:40:13','80.191.166.152'),(40,21,'2019-09-25 19:38:02','80.191.166.152'),(41,21,'2019-09-25 21:43:31','80.191.170.214'),(42,28,'2019-09-26 14:13:12','2.177.158.195'),(43,5,'2019-09-26 14:54:22','46.225.213.109'),(44,21,'2019-09-26 16:57:09','2.183.144.176'),(45,21,'2019-09-26 17:49:36','2.183.144.176'),(46,21,'2019-09-26 18:52:48','2.183.144.176'),(47,21,'2019-09-26 19:46:16','2.183.144.176'),(48,30,'2019-09-27 11:54:20','80.191.165.189'),(49,21,'2019-09-27 17:36:01','2.183.144.176'),(50,21,'2019-09-27 19:01:34','2.183.144.176'),(51,30,'2019-09-28 09:03:51','5.120.139.30'),(52,5,'2019-09-29 17:15:40','5.120.139.30'),(53,5,'2019-09-30 15:57:21','5.119.54.222'),(54,5,'2019-10-01 21:38:48','46.225.208.85'),(55,21,'2019-10-01 21:40:10','46.225.208.85'),(56,21,'2019-10-02 20:03:43','78.39.94.52'),(57,21,'2019-10-04 00:12:37','5.119.223.114'),(58,5,'2019-10-04 18:46:38','5.119.223.114'),(59,21,'2019-10-04 18:46:53','5.119.223.114'),(60,5,'2019-10-04 18:48:02','5.119.223.114'),(61,5,'2019-10-04 18:49:06','5.119.223.114'),(62,21,'2019-10-04 21:27:07','78.39.94.52'),(63,5,'2019-10-04 21:46:35','46.225.208.85'),(64,5,'2019-10-05 09:08:03','46.225.208.85'),(65,28,'2019-10-05 09:11:37','46.225.208.85'),(66,5,'2019-10-05 10:08:09','5.119.223.114'),(67,34,'2019-10-06 12:41:09','86.57.107.30'),(68,34,'2019-10-06 17:31:30','51.75.165.229'),(69,5,'2019-10-07 18:52:43','46.225.208.85'),(70,28,'2019-10-07 18:54:10','89.198.181.221'),(71,29,'2019-10-07 21:26:45','46.225.208.85'),(72,5,'2019-10-07 22:42:57','46.225.208.85'),(73,29,'2019-10-08 11:46:14','2.177.190.42'),(74,29,'2019-10-08 11:50:01','84.241.11.195'),(75,29,'2019-10-10 13:35:05','84.241.11.195'),(76,5,'2019-10-11 17:30:45','5.202.97.119'),(77,5,'2019-10-11 18:19:57','5.202.97.119'),(78,39,'2019-10-11 18:52:46','5.202.97.119'),(79,39,'2019-10-11 18:56:23','83.123.220.181'),(80,39,'2019-10-11 18:59:00','37.129.67.105'),(81,39,'2019-10-11 19:01:39','37.129.67.105'),(82,39,'2019-10-11 19:08:35','37.129.67.105'),(83,39,'2019-10-11 20:09:28','37.129.67.105'),(84,39,'2019-10-11 20:13:10','37.129.67.105'),(85,21,'2019-10-11 22:13:58','78.39.30.74'),(86,39,'2019-10-12 13:39:29','31.56.185.89'),(87,39,'2019-10-12 17:16:16','83.123.249.17'),(88,39,'2019-10-12 17:24:45','5.202.97.119'),(89,39,'2019-10-12 18:48:11','5.120.32.82'),(90,39,'2019-10-12 18:48:17','5.202.97.119'),(91,43,'2019-10-13 11:08:46','5.117.215.142'),(92,5,'2019-10-13 11:10:14','5.120.12.76'),(93,43,'2019-10-13 13:36:48','5.117.215.142'),(94,5,'2019-10-13 16:10:20','46.225.209.197'),(95,43,'2019-10-13 16:12:10','46.225.209.197'),(96,39,'2019-10-13 18:18:12','5.202.97.119'),(97,5,'2019-10-13 21:08:37','46.225.209.197'),(98,5,'2019-10-14 08:52:10','5.119.139.84'),(99,5,'2019-10-14 09:21:12','5.119.139.84'),(100,43,'2019-10-14 10:06:31','5.119.139.84'),(101,39,'2019-10-14 18:20:56','5.202.97.119'),(102,5,'2019-10-14 18:55:23','46.225.209.55'),(103,21,'2019-10-14 18:56:03','46.225.209.55'),(104,5,'2019-10-14 18:56:36','46.225.209.55'),(105,5,'2019-10-15 12:49:19','5.119.43.85'),(106,5,'2019-10-15 17:43:00','46.225.209.55'),(107,5,'2019-10-15 20:07:00','46.225.209.55'),(108,5,'2019-10-15 21:34:32','46.225.209.55'),(109,5,'2019-10-15 22:54:19','46.225.209.55'),(110,5,'2019-10-16 07:30:39','46.225.209.55'),(111,5,'2019-10-16 08:02:19','46.225.209.55'),(112,34,'2019-10-16 12:33:40','51.75.165.229'),(113,5,'2019-10-16 13:03:09','5.120.57.127'),(114,5,'2019-10-16 13:25:38','5.120.57.127'),(115,5,'2019-10-16 16:32:57','5.119.30.185'),(116,39,'2019-10-16 16:38:02','5.202.97.119'),(117,34,'2019-10-16 16:59:22','51.75.165.229'),(118,39,'2019-10-16 17:04:35','5.202.97.119'),(119,39,'2019-10-16 17:06:49','5.119.30.185'),(120,39,'2019-10-16 18:18:10','5.202.97.119'),(121,39,'2019-10-16 18:18:20','5.202.97.119'),(122,5,'2019-10-17 09:15:13','5.119.131.162'),(123,43,'2019-10-17 09:22:59','5.119.131.162'),(124,5,'2019-10-17 12:24:48','5.119.131.162'),(125,39,'2019-10-17 19:08:50','5.202.1.190'),(126,39,'2019-10-20 17:41:37','5.202.1.190'),(127,39,'2019-10-22 17:23:29','5.202.1.190'),(128,29,'2019-10-23 10:25:34','104.237.226.177'),(129,5,'2019-10-23 10:25:44','5.119.156.135'),(130,29,'2019-10-23 12:17:16','104.237.226.177'),(131,29,'2019-10-23 14:50:05','104.237.226.177'),(132,5,'2019-10-23 17:29:10','5.119.156.135'),(133,5,'2019-10-23 17:31:52','5.202.1.190'),(134,39,'2019-10-23 17:40:02','5.202.1.190'),(135,39,'2019-10-23 17:45:53','5.202.1.190'),(136,5,'2019-10-23 23:16:24','46.225.232.47'),(137,5,'2019-10-24 13:16:48','5.119.156.135'),(138,39,'2019-10-24 16:29:41','5.202.1.190'),(139,5,'2019-10-24 17:06:11','5.119.156.135'),(140,5,'2019-10-24 17:22:40','5.119.156.135'),(141,29,'2019-10-24 19:17:19','104.237.226.177'),(142,29,'2019-10-24 20:19:27','84.241.11.195'),(143,29,'2019-10-24 20:25:33','46.225.232.47'),(144,29,'2019-10-24 23:48:03','104.237.226.177'),(145,29,'2019-10-25 11:08:20','84.241.11.195'),(146,29,'2019-10-25 11:29:58','104.237.226.177'),(147,29,'2019-10-25 12:31:17','104.237.226.177'),(148,29,'2019-10-25 12:56:57','84.241.11.195'),(149,29,'2019-10-25 13:15:38','84.241.11.195'),(150,29,'2019-10-25 13:16:28','104.237.226.177'),(151,29,'2019-10-25 13:37:04','84.241.11.195'),(152,29,'2019-10-25 13:45:36','104.237.226.177'),(153,29,'2019-10-25 13:52:02','83.122.213.239'),(154,29,'2019-10-25 14:52:37','84.241.11.195'),(155,29,'2019-10-25 14:59:07','84.241.11.195'),(156,29,'2019-10-25 15:22:14','84.241.11.195'),(157,29,'2019-10-25 15:45:48','84.241.11.195'),(158,29,'2019-10-25 16:18:11','104.237.226.177'),(159,29,'2019-10-25 18:17:36','46.224.79.249'),(160,5,'2019-10-25 19:28:01','5.202.1.190'),(161,29,'2019-10-25 20:02:32','84.241.11.195'),(162,29,'2019-10-25 20:29:40','46.224.79.249'),(163,5,'2019-10-26 08:00:35','46.225.209.16'),(164,5,'2019-10-26 08:59:24','46.225.209.16'),(165,29,'2019-10-26 09:56:53','84.241.11.195'),(166,29,'2019-10-26 11:56:35','84.241.11.195'),(167,29,'2019-10-26 12:02:03','46.224.79.249'),(168,5,'2019-10-26 12:05:32','5.120.4.43'),(169,29,'2019-10-26 13:02:39','84.241.11.195'),(170,29,'2019-10-26 14:56:06','5.120.4.43'),(171,29,'2019-10-26 14:56:46','84.241.11.195'),(172,29,'2019-10-26 15:43:52','89.196.188.101'),(173,29,'2019-10-26 15:55:37','84.241.11.195'),(174,39,'2019-10-26 16:03:36','5.202.1.190'),(175,29,'2019-10-26 17:51:53','46.224.79.249'),(176,29,'2019-10-26 18:33:57','104.237.225.11'),(177,39,'2019-10-26 18:58:19','5.202.1.190'),(178,29,'2019-10-26 19:39:30','5.120.4.43'),(179,39,'2019-10-26 19:50:47','5.120.4.43'),(180,29,'2019-10-26 19:59:56','5.120.4.43'),(181,39,'2019-10-26 20:52:56','5.202.1.190'),(182,29,'2019-10-26 21:05:15','5.120.4.43'),(183,29,'2019-10-26 21:13:45','5.106.164.254'),(184,29,'2019-10-27 10:01:05','46.224.79.249'),(185,29,'2019-10-27 14:47:19','5.211.95.174'),(186,29,'2019-10-27 18:29:59','104.237.226.177'),(187,29,'2019-10-27 22:16:16','46.224.79.249'),(188,29,'2019-10-28 10:12:53','84.241.11.195'),(189,29,'2019-10-28 13:55:03','104.237.226.177'),(190,22,'2019-10-28 14:37:59','93.119.223.37'),(191,22,'2019-10-28 15:13:32','93.117.177.102'),(192,5,'2019-10-28 15:47:18','46.225.209.16'),(193,29,'2019-10-28 16:14:42','104.237.226.177'),(194,39,'2019-10-28 16:16:26','5.202.1.190'),(195,22,'2019-10-28 18:34:34','46.225.209.16'),(196,29,'2019-10-28 18:35:18','46.225.209.16'),(197,29,'2019-10-29 10:34:19','46.225.209.16'),(198,29,'2019-10-29 15:49:44','84.241.11.195'),(199,29,'2019-10-30 10:34:10','84.241.11.195'),(200,29,'2019-10-30 13:53:18','104.237.226.135'),(201,5,'2019-10-30 15:44:14','5.120.91.215'),(202,29,'2019-10-30 15:44:26','5.120.91.215'),(203,22,'2019-10-30 15:50:05','94.101.251.217'),(204,5,'2019-10-30 15:57:30','5.120.91.215'),(205,29,'2019-10-30 16:07:18','5.120.91.215'),(206,39,'2019-10-30 16:55:39','5.202.1.190'),(207,39,'2019-10-30 19:01:55','5.202.1.190'),(208,29,'2019-10-30 19:11:08','5.202.1.190'),(209,39,'2019-10-30 19:11:40','5.202.1.190'),(210,5,'2019-10-30 19:21:05','5.202.1.190'),(211,39,'2019-10-30 19:23:40','5.202.1.190'),(212,39,'2019-10-30 19:48:17','37.129.31.105'),(213,39,'2019-10-30 19:58:47','5.202.1.190'),(214,39,'2019-10-30 20:16:43','5.202.1.190'),(215,39,'2019-10-31 08:03:39','46.225.209.16'),(216,29,'2019-10-31 09:15:19','46.225.209.16'),(217,39,'2019-10-31 09:19:04','113.203.114.125'),(218,39,'2019-10-31 09:19:38','5.202.1.190'),(219,29,'2019-10-31 09:54:24','84.241.11.195'),(220,39,'2019-10-31 11:11:10','83.122.188.153'),(221,39,'2019-10-31 12:36:27','83.122.188.153'),(222,29,'2019-10-31 13:29:41','84.241.11.195'),(223,29,'2019-10-31 13:37:08','84.241.11.195'),(224,29,'2019-10-31 13:41:25','84.241.11.195'),(225,29,'2019-10-31 13:48:46','84.241.11.195'),(226,39,'2019-10-31 15:02:51','5.202.1.190'),(227,39,'2019-10-31 16:11:05','46.225.209.16'),(228,29,'2019-10-31 16:11:37','46.225.209.16'),(229,39,'2019-10-31 16:20:51','31.56.189.102'),(230,39,'2019-10-31 18:33:46','46.225.209.16'),(231,39,'2019-10-31 18:50:10','5.202.1.190'),(232,29,'2019-10-31 19:00:31','46.225.209.16'),(233,39,'2019-10-31 19:02:11','46.225.209.16'),(234,5,'2019-10-31 19:43:02','46.225.209.16'),(235,39,'2019-10-31 19:52:10','46.225.209.16'),(236,29,'2019-10-31 19:52:29','46.225.209.16'),(237,29,'2019-10-31 20:08:05','46.225.209.16'),(238,39,'2019-10-31 20:09:05','5.202.1.190'),(239,39,'2019-10-31 20:37:03','46.225.209.16'),(240,29,'2019-10-31 20:41:59','46.225.209.16'),(241,29,'2019-10-31 20:49:43','46.225.209.16'),(242,29,'2019-11-01 09:32:08','192.254.92.6'),(243,29,'2019-11-01 11:00:59','84.241.11.195'),(244,29,'2019-11-01 11:21:52','46.225.209.16'),(245,29,'2019-11-01 11:32:36','84.241.11.195'),(246,29,'2019-11-01 13:15:01','5.120.91.215'),(247,39,'2019-11-01 13:46:11','5.120.91.215'),(248,39,'2019-11-01 15:11:09','5.202.25.36'),(249,29,'2019-11-01 15:36:24','84.241.11.195'),(250,39,'2019-11-01 16:53:43','31.56.189.102'),(251,29,'2019-11-01 17:46:15','91.251.70.45'),(252,39,'2019-11-01 17:48:13','31.56.189.102'),(253,29,'2019-11-01 17:52:53','86.55.219.8'),(254,39,'2019-11-01 19:22:47','46.225.209.16'),(255,39,'2019-11-01 19:33:16','46.225.209.16'),(256,39,'2019-11-01 19:33:48','46.225.209.16'),(257,29,'2019-11-01 19:37:21','46.225.209.16'),(258,39,'2019-11-01 19:45:36','46.225.209.16'),(259,29,'2019-11-01 19:50:30','46.225.209.16'),(260,29,'2019-11-01 19:52:03','84.241.11.195'),(261,39,'2019-11-01 19:52:09','31.56.189.102'),(262,29,'2019-11-01 20:02:35','46.225.209.16'),(263,39,'2019-11-01 20:02:45','46.225.209.16'),(264,29,'2019-11-01 21:14:50','46.225.209.16'),(265,29,'2019-11-01 21:19:13','46.225.209.16'),(266,29,'2019-11-01 21:33:41','5.211.72.214'),(267,39,'2019-11-02 10:43:03','37.129.61.114'),(268,29,'2019-11-02 10:48:03','84.241.11.195'),(269,29,'2019-11-02 13:36:33','104.237.226.177'),(270,39,'2019-11-02 16:45:10','5.202.25.36'),(271,29,'2019-11-02 17:25:25','46.225.209.180'),(272,29,'2019-11-03 10:03:51','84.241.11.195'),(273,29,'2019-11-03 10:56:27','84.241.11.195'),(274,29,'2019-11-03 18:36:43','46.225.215.100'),(275,29,'2019-11-03 20:16:24','46.225.215.100'),(276,39,'2019-11-04 09:44:33','5.202.99.219'),(277,29,'2019-11-04 11:01:51','84.241.11.195'),(278,29,'2019-11-04 11:37:59','84.241.11.195'),(279,39,'2019-11-04 12:56:14','5.202.99.219'),(280,39,'2019-11-04 13:56:35','5.202.99.219'),(281,29,'2019-11-04 16:09:54','84.241.11.195'),(282,29,'2019-11-04 16:13:32','104.237.226.177'),(283,22,'2019-11-04 16:50:28','93.119.212.157'),(284,22,'2019-11-05 08:13:20','37.98.46.143'),(285,22,'2019-11-05 11:02:50','37.98.46.143'),(286,29,'2019-11-05 11:44:53','84.241.11.195'),(287,29,'2019-11-05 11:55:30','104.237.226.177'),(288,22,'2019-11-05 13:27:11','37.98.26.113'),(289,29,'2019-11-05 14:11:22','2.177.176.236'),(290,29,'2019-11-05 15:11:48','84.241.11.195'),(291,22,'2019-11-05 16:27:45','37.98.26.113'),(292,22,'2019-11-05 16:35:39','37.98.46.143'),(293,22,'2019-11-05 19:11:19','37.98.26.113'),(294,39,'2019-11-05 22:09:13','46.225.232.201'),(295,29,'2019-11-06 09:00:40','188.229.76.241'),(296,22,'2019-11-06 10:17:27','94.101.251.124'),(297,29,'2019-11-06 10:39:13','5.113.84.67'),(298,29,'2019-11-06 13:38:44','188.229.76.241'),(299,29,'2019-11-06 14:12:28','46.225.232.201'),(300,29,'2019-11-06 15:20:44','188.229.76.241'),(301,29,'2019-11-06 15:51:39','5.113.84.67'),(302,29,'2019-11-06 15:55:25','5.113.84.67'),(303,29,'2019-11-06 18:55:54','188.229.1.172'),(304,5,'2019-11-06 19:05:23','46.225.232.201'),(305,22,'2019-11-07 08:22:55','185.182.221.246'),(306,22,'2019-11-07 09:02:54','185.182.221.246'),(307,5,'2019-11-07 09:05:30','46.225.212.182'),(308,22,'2019-11-07 09:19:26','185.182.221.246'),(309,22,'2019-11-07 10:16:12','185.182.221.246'),(310,29,'2019-11-07 10:30:09','5.113.84.67'),(311,29,'2019-11-07 11:00:43','5.113.84.67'),(312,29,'2019-11-07 11:03:52','5.113.84.67'),(313,29,'2019-11-07 11:12:55','188.229.27.16'),(314,29,'2019-11-07 11:15:11','5.113.84.67'),(315,29,'2019-11-07 11:27:29','84.241.11.195'),(316,22,'2019-11-07 11:27:49','185.182.221.246'),(317,29,'2019-11-07 11:30:01','5.113.84.67'),(318,29,'2019-11-07 11:49:10','84.241.11.195'),(319,29,'2019-11-07 11:51:52','84.241.11.195'),(320,22,'2019-11-07 11:56:16','185.182.221.246'),(321,29,'2019-11-07 12:02:21','46.51.66.203'),(322,29,'2019-11-07 12:07:14','46.51.66.203'),(323,22,'2019-11-07 12:07:43','185.182.221.246'),(324,22,'2019-11-07 12:16:57','185.182.221.246'),(325,29,'2019-11-07 12:19:23','5.119.233.171'),(326,22,'2019-11-07 13:11:16','185.182.221.246'),(327,22,'2019-11-07 13:11:52','178.131.95.254'),(328,29,'2019-11-07 14:16:33','5.112.77.8'),(329,22,'2019-11-07 14:22:32','5.119.233.171'),(330,22,'2019-11-07 14:32:04','185.182.221.246'),(331,29,'2019-11-07 14:53:03','5.112.77.8'),(332,29,'2019-11-07 15:30:12','5.112.77.8'),(333,29,'2019-11-07 16:32:17','5.119.233.171'),(334,29,'2019-11-07 17:58:17','46.225.212.182'),(335,29,'2019-11-07 23:54:18','46.224.97.211'),(336,29,'2019-11-08 10:17:03','5.112.77.8'),(337,29,'2019-11-08 11:03:49','5.112.77.8'),(338,5,'2019-11-08 11:19:36','46.225.212.182'),(339,5,'2019-11-08 12:35:24','46.225.212.182'),(340,29,'2019-11-08 12:37:11','46.225.212.182'),(341,39,'2019-11-08 12:39:26','46.225.212.182'),(342,39,'2019-11-08 12:39:49','46.225.212.182'),(343,5,'2019-11-08 12:43:36','46.225.212.182'),(344,29,'2019-11-08 12:45:06','46.225.212.182'),(345,5,'2019-11-08 13:03:55','46.225.212.182'),(346,29,'2019-11-08 13:07:06','84.241.11.195'),(347,29,'2019-11-08 13:53:59','84.241.11.195'),(348,29,'2019-11-08 14:06:47','84.241.11.195'),(349,39,'2019-11-08 15:23:49','5.202.99.219'),(350,29,'2019-11-08 17:26:07','5.106.49.32'),(351,29,'2019-11-08 18:41:47','46.224.97.211'),(352,39,'2019-11-08 18:47:00','46.225.212.182'),(353,29,'2019-11-08 18:47:12','46.225.212.182'),(354,5,'2019-11-08 19:01:55','46.225.212.182'),(355,5,'2019-11-08 19:31:29','46.225.212.182'),(356,29,'2019-11-08 20:14:54','46.225.212.182'),(357,5,'2019-11-08 20:16:13','46.225.212.182'),(358,29,'2019-11-08 20:34:48','46.225.212.182'),(359,5,'2019-11-08 20:49:49','46.225.212.182'),(360,29,'2019-11-08 21:32:28','46.225.212.182'),(361,5,'2019-11-08 21:32:58','46.225.212.182'),(362,29,'2019-11-08 23:41:57','46.225.212.182'),(363,5,'2019-11-08 23:47:07','46.225.212.182'),(364,39,'2019-11-09 09:08:03','46.225.212.182'),(365,5,'2019-11-09 09:08:28','46.225.212.182'),(366,22,'2019-11-09 09:45:36','185.103.84.50'),(367,29,'2019-11-09 10:37:38','84.241.11.195'),(368,22,'2019-11-09 13:20:50','185.103.84.50'),(369,29,'2019-11-09 13:41:41','2.177.176.236'),(370,29,'2019-11-09 13:57:43','86.55.245.226'),(371,29,'2019-11-09 14:32:38','2.177.176.236'),(372,5,'2019-11-09 14:54:32','5.120.73.27'),(373,29,'2019-11-09 15:31:43','84.241.11.195'),(374,29,'2019-11-09 18:15:43','46.225.212.182'),(375,29,'2019-11-09 20:02:03','91.251.176.22'),(376,22,'2019-11-10 08:12:10','94.101.248.160'),(377,22,'2019-11-10 09:10:46','94.101.248.160'),(378,29,'2019-11-10 10:37:32','5.114.218.201'),(379,22,'2019-11-10 11:07:02','94.101.248.160'),(380,5,'2019-11-10 12:06:05','113.203.123.195'),(381,22,'2019-11-10 14:41:57','94.101.248.160'),(382,5,'2019-11-10 15:31:57','83.123.25.12'),(383,29,'2019-11-10 15:56:26','5.114.218.201'),(384,29,'2019-11-10 16:00:39','89.199.108.139'),(385,39,'2019-11-10 16:11:07','5.202.99.219'),(386,5,'2019-11-10 17:43:23','5.119.130.242'),(387,29,'2019-11-10 17:43:41','5.119.130.242'),(388,5,'2019-11-10 18:19:36','5.119.130.242'),(389,29,'2019-11-10 18:21:10','5.119.130.242'),(390,22,'2019-11-11 07:54:50','93.117.191.83'),(391,22,'2019-11-11 09:04:38','93.117.191.83'),(392,22,'2019-11-11 10:19:37','93.117.191.83'),(393,29,'2019-11-11 10:57:24','84.241.11.195'),(394,22,'2019-11-11 11:07:23','94.101.249.80'),(395,5,'2019-11-11 11:33:00','5.120.73.27');
/*!40000 ALTER TABLE `login_record` ENABLE KEYS */;
UNLOCK TABLES;

--
-- Table structure for table `offer`
--

DROP TABLE IF EXISTS `offer`;
/*!40101 SET @saved_cs_client     = @@character_set_client */;
/*!40101 SET character_set_client = utf8 */;
CREATE TABLE `offer` (
  `o_id` int(11) NOT NULL AUTO_INCREMENT COMMENT 'کد ردیف',
  `o_code` varchar(15) NOT NULL COMMENT 'کد تخفیف',
  `o_type` varchar(5) NOT NULL COMMENT 'نوع کد',
  `o_per` int(11) NOT NULL COMMENT 'میزان',
  `o_details` text NOT NULL COMMENT 'توضیحات',
  PRIMARY KEY (`o_id`)
) ENGINE=MyISAM AUTO_INCREMENT=12 DEFAULT CHARSET=utf8;
/*!40101 SET character_set_client = @saved_cs_client */;

--
-- Dumping data for table `offer`
--

LOCK TABLES `offer` WRITE;
/*!40000 ALTER TABLE `offer` DISABLE KEYS */;
INSERT INTO `offer` (`o_id`, `o_code`, `o_type`, `o_per`, `o_details`) VALUES (4,'مراجعه چند باره','مبلغ',15000,'مراجعه بیش از یک بار در روز'),(6,'فرزندسوم','درصد',15,'فرزندسوم خانواده دارای 15درصدتخفیف است'),(10,'مجموعه ستارگان','درصد',10,''),(11,'گروهی','مبلغ',20000,'تعدادبالای 10نفر'),(9,'فرزند دوم','درصد',10,'فرزند دوم خانواده دارای 10 درصد تخفیف است');
/*!40000 ALTER TABLE `offer` ENABLE KEYS */;
UNLOCK TABLES;

--
-- Table structure for table `package`
--

DROP TABLE IF EXISTS `package`;
/*!40101 SET @saved_cs_client     = @@character_set_client */;
/*!40101 SET character_set_client = utf8 */;
CREATE TABLE `package` (
  `pk_id` int(11) NOT NULL AUTO_INCREMENT COMMENT 'کد ردیف',
  `pk_name` varchar(20) NOT NULL COMMENT 'نام بسته',
  `pk_price` int(11) NOT NULL COMMENT 'مبلغ بسته',
  `pk_time` int(11) NOT NULL COMMENT 'زمان به دقیقه',
  `pk_expire` int(11) NOT NULL COMMENT 'اعتبار به روز',
  PRIMARY KEY (`pk_id`)
) ENGINE=InnoDB AUTO_INCREMENT=37 DEFAULT CHARSET=utf8;
/*!40101 SET character_set_client = @saved_cs_client */;

--
-- Dumping data for table `package`
--

LOCK TABLES `package` WRITE;
/*!40000 ALTER TABLE `package` DISABLE KEYS */;
INSERT INTO `package` (`pk_id`, `pk_name`, `pk_price`, `pk_time`, `pk_expire`) VALUES (35,'سبز',1500000,1800,30),(36,'بنفش',1100000,1200,30);
/*!40000 ALTER TABLE `package` ENABLE KEYS */;
UNLOCK TABLES;

--
-- Table structure for table `payment`
--

DROP TABLE IF EXISTS `payment`;
/*!40101 SET @saved_cs_client     = @@character_set_client */;
/*!40101 SET character_set_client = utf8 */;
CREATE TABLE `payment` (
  `pa_id` int(11) NOT NULL AUTO_INCREMENT,
  `p_id` int(11) NOT NULL,
  `pa_price` decimal(10,0) NOT NULL DEFAULT '0',
  `pa_date` datetime NOT NULL,
  `pa_details` text NOT NULL,
  `pa_type` varchar(15) NOT NULL,
  PRIMARY KEY (`pa_id`)
) ENGINE=InnoDB AUTO_INCREMENT=1083 DEFAULT CHARSET=utf8;
/*!40101 SET character_set_client = @saved_cs_client */;

--
-- Dumping data for table `payment`
--

LOCK TABLES `payment` WRITE;
/*!40000 ALTER TABLE `payment` DISABLE KEYS */;
INSERT INTO `payment` (`pa_id`, `p_id`, `pa_price`, `pa_date`, `pa_details`, `pa_type`) VALUES (35,138,0,'1398-06-29 00:00:00','20 ساعت شارژ و 30 روز اعتبار','کارت'),(36,139,-10000,'1398-06-30 00:00:00','12 ساعت شارژ و 30 روز اعتبار','کارت'),(37,139,5000,'1398-06-30 00:00:00','','کارت'),(38,139,4500,'1398-06-30 12:13:00','بازی، خرید','کارت'),(39,145,0,'1398-07-02 00:00:00','','کارت'),(40,146,-10000,'1398-07-02 00:00:00',' ساعت شارژ و 30 روز اعتبار','فاکتور سیستم'),(41,145,-60000,'1398-07-02 00:00:00',' ساعت شارژ و 60 روز اعتبار','فاکتور سیستم'),(42,147,-50000,'1398-07-02 00:00:00',' ساعت شارژ و 30 روز اعتبار','فاکتور سیستم'),(43,148,-60000,'1398-07-02 00:00:00',' ساعت شارژ و 60 روز اعتبار','فاکتور سیستم'),(44,148,-50000,'1398-07-02 00:00:00',' ساعت شارژ و 30 روز اعتبار','فاکتور سیستم'),(46,148,-60000,'1398-07-02 00:00:00','','کارت'),(48,148,-50000,'1398-07-02 00:00:00','','نقد'),(49,150,-10000,'1398-07-02 00:00:00',' ساعت شارژ و 30 روز اعتبار','فاکتور سیستم'),(50,150,2500,'1398-07-02 18:39:00','بازی، خرید','کارت'),(51,150,5000,'1398-07-02 00:00:00','','کارت'),(52,0,10000,'1398-07-03 10:31:00','خرید آزاد','کارت'),(53,0,8000,'1398-07-03 21:44:00','خرید آزاد','کارت'),(54,154,3200,'1398-07-14 17:48:00','بازی، خرید','کارت'),(55,155,15000,'1398-07-15 19:47:00','بازی، خرید','نقد'),(62,160,-250000,'1398-07-20 00:00:00',' ساعت شارژ و 40 روز اعتبار','فاکتور سیستم'),(72,150,-10000,'1398-07-23 00:00:00',' ساعت شارژ و 30 روز اعتبار','فاکتور سیستم'),(73,146,-10000,'1398-07-23 00:00:00',' ساعت شارژ و 30 روز اعتبار','فاکتور سیستم'),(74,146,-10000,'1398-07-23 00:00:00',' ساعت شارژ و 30 روز اعتبار','فاکتور سیستم'),(75,146,-10000,'1398-07-23 00:00:00',' ساعت شارژ و 30 روز اعتبار','فاکتور سیستم'),(76,146,-10000,'1398-07-23 00:00:00',' ساعت شارژ و 30 روز اعتبار','فاکتور سیستم'),(77,146,-10000,'1398-07-23 00:00:00','10 ساعت شارژ و 30 روز اعتبار','فاکتور سیستم'),(78,150,-10000,'1398-07-23 00:00:00','10 ساعت شارژ و 30 روز اعتبار','فاکتور سیستم'),(79,150,167700,'1398-07-24 00:03:00','بازی، خرید','کارت'),(80,146,-10000,'1398-07-24 00:00:00','20 ساعت شارژ و 30 روز اعتبار','فاکتور سیستم'),(81,169,-10000,'1398-07-24 00:00:00','10 ساعت شارژ و 30 روز اعتبار','فاکتور سیستم'),(84,146,-100000,'1398-07-24 00:00:00','200 دقیقه شارژ و 30 روز اعتبار','فاکتور سیستم'),(95,174,7500,'1398-07-24 17:50:00','بازی، خرید','کارت'),(99,173,18000,'1398-07-24 00:00:00','','کارت'),(100,173,-180000,'1398-07-24 00:00:00','1800 دقیقه شارژ و 40 روز اعتبار','فاکتور سیستم'),(101,173,16200,'1398-07-24 00:00:00','خرید بن','کارت'),(102,173,145800,'1398-07-24 00:00:00','','کارت'),(103,174,25101,'1398-07-24 20:22:00','بازی، خرید','کارت'),(104,172,41601,'1398-07-24 20:22:00','بازی، خرید','کارت'),(105,160,28600,'1398-07-24 20:23:00','بازی، خرید','کارت'),(106,174,3300,'1398-07-30 00:00:00','','کارت'),(107,174,-14000,'1398-07-30 00:00:00','1200 دقیقه شارژ و 40 روز اعتبار','فاکتور سیستم'),(108,159,174000,'1398-08-01 13:05:00','بازی، خرید','کارت'),(109,204,75000,'1398-08-03 14:56:00','بازی، خرید','کارت'),(110,243,75000,'1398-08-04 00:00:00','','کارت'),(111,244,75000,'1398-08-04 00:00:00','','کارت'),(112,247,75000,'1398-08-04 00:00:00','','کارت'),(113,248,75000,'1398-08-04 00:00:00','','کارت'),(114,249,75000,'1398-08-04 00:00:00','','کارت'),(115,252,95000,'1398-08-04 00:00:00','','کارت'),(116,253,75000,'1398-08-04 00:00:00','','کارت'),(117,255,140000,'1398-08-04 00:00:00','','کارت'),(118,255,75000,'1398-08-04 00:00:00','','کارت'),(119,267,75000,'1398-08-04 00:00:00','','کارت'),(120,268,65000,'1398-08-04 00:00:00','','کارت'),(121,290,75000,'1398-08-04 00:00:00','','کارت'),(122,291,75000,'1398-08-04 00:00:00','','کارت'),(123,295,75000,'1398-08-04 00:00:00','','کارت'),(124,296,75000,'1398-08-04 00:00:00','','کارت'),(125,297,75000,'1398-08-04 00:00:00','','کارت'),(126,298,75000,'1398-08-04 00:00:00','','کارت'),(127,299,75000,'1398-08-04 00:00:00','','کارت'),(128,303,75000,'1398-08-04 00:00:00','','کارت'),(129,304,75000,'1398-08-04 00:00:00','','کارت'),(130,305,75000,'1398-08-04 00:00:00','','کارت'),(131,315,75000,'1398-08-04 00:00:00','','کارت'),(132,320,75000,'1398-08-04 00:00:00','','کارت'),(133,321,65000,'1398-08-04 00:00:00','','کارت'),(134,322,75000,'1398-08-04 00:00:00','','کارت'),(135,344,95000,'1398-08-06 12:28:00','بازی، خرید','کارت'),(136,345,108000,'1398-08-06 12:29:00','بازی، خرید','کارت'),(137,392,75000,'1398-08-06 13:06:00','بازی، خرید','کارت'),(138,230,85000,'1398-08-06 14:19:00','بازی، خرید','کارت'),(139,418,120000,'1398-08-06 15:13:00','بازی، خرید','کارت'),(140,449,75000,'1398-08-06 00:00:00','','کارت'),(141,345,108000,'1398-08-06 00:00:00','','کارت'),(142,455,120000,'1398-08-06 00:00:00','بازی','کارت'),(143,433,95000,'1398-08-06 16:28:00','بازی، خرید','کارت'),(144,475,75000,'1398-08-06 17:16:00','بازی، خرید','کارت'),(145,456,120000,'1398-08-06 17:40:00','بازی، خرید','کارت'),(146,467,95000,'1398-08-06 17:55:00','بازی، خرید','کارت'),(147,279,95000,'1398-08-06 18:59:00','بازی، خرید','کارت'),(148,499,75000,'1398-08-06 19:20:00','بازی، خرید','کارت'),(149,483,95000,'1398-08-06 19:28:00','بازی، خرید','کارت'),(150,478,160000,'1398-08-06 19:37:00','بازی، خرید','کارت'),(151,483,175000,'1398-08-06 00:00:00','بازیvip','کارت'),(152,518,85000,'1398-08-06 20:00:00','بازی، خرید','کارت'),(153,453,120000,'1398-08-06 20:02:00','بازی، خرید','کارت'),(154,520,75000,'1398-08-06 20:24:00','بازی، خرید','کارت'),(155,504,120000,'1398-08-06 20:29:00','بازی، خرید','کارت'),(156,337,75000,'1398-08-06 20:31:00','بازی، خرید','کارت'),(157,514,95000,'1398-08-06 20:31:00','بازی، خرید','کارت'),(158,510,120000,'1398-08-06 20:36:00','بازی، خرید','کارت'),(159,519,120000,'1398-08-06 21:03:00','بازی، خرید','کارت'),(160,523,85000,'1398-08-06 21:06:00','بازی، خرید','کارت'),(161,521,170000,'1398-08-06 21:20:00','بازی، خرید','کارت'),(162,522,95000,'1398-08-06 21:33:00','بازی، خرید','کارت'),(163,418,75000,'1398-08-07 16:57:00','بازی، خرید','کارت'),(164,524,75000,'1398-08-07 17:05:00','بازی، خرید','کارت'),(165,525,95000,'1398-08-07 17:21:00','بازی، خرید','کارت'),(166,257,95000,'1398-08-07 17:27:00','بازی، خرید','کارت'),(167,258,95000,'1398-08-07 17:27:00','بازی، خرید','کارت'),(168,258,85500,'1398-08-07 17:27:00','بازی، خرید','کارت'),(169,526,75000,'1398-08-07 17:29:00','بازی، خرید','کارت'),(170,238,85000,'1398-08-07 17:34:00','بازی، خرید','کارت'),(171,530,75000,'1398-08-07 17:55:00','بازی، خرید','کارت'),(172,531,75000,'1398-08-07 17:55:00','بازی، خرید','کارت'),(173,527,95000,'1398-08-07 17:58:00','بازی، خرید','کارت'),(174,529,75000,'1398-08-07 18:04:00','بازی، خرید','کارت'),(175,533,75000,'1398-08-07 18:06:00','بازی، خرید','کارت'),(176,537,75000,'1398-08-07 18:14:00','بازی، خرید','کارت'),(177,538,67500,'1398-08-07 18:14:00','بازی، خرید','کارت'),(178,194,75000,'1398-08-07 18:15:00','بازی، خرید','کارت'),(179,534,75000,'1398-08-07 18:17:00','بازی، خرید','کارت'),(180,535,95000,'1398-08-07 18:45:00','بازی، خرید','کارت'),(181,536,95000,'1398-08-07 18:49:00','بازی، خرید','کارت'),(182,344,95000,'1398-08-07 18:50:00','بازی، خرید','کارت'),(183,542,75000,'1398-08-07 18:54:00','بازی، خرید','کارت'),(184,544,75000,'1398-08-07 18:55:00','بازی، خرید','کارت'),(185,528,120000,'1398-08-07 19:01:00','بازی، خرید','کارت'),(186,541,75000,'1398-08-07 19:03:00','بازی، خرید','کارت'),(187,539,105000,'1398-08-07 19:05:00','بازی، خرید','کارت'),(188,532,120000,'1398-08-07 19:06:00','بازی، خرید','کارت'),(189,560,75000,'1398-08-07 00:00:00','بازی','کارت'),(190,545,95000,'1398-08-07 19:15:00','بازی، خرید','کارت'),(191,543,95000,'1398-08-07 19:21:00','بازی، خرید','کارت'),(192,548,75000,'1398-08-07 19:25:00','بازی، خرید','کارت'),(193,424,85500,'1398-08-07 19:26:00','بازی، خرید','کارت'),(194,552,75000,'1398-08-07 19:30:00','بازی، خرید','کارت'),(195,550,75000,'1398-08-07 19:32:00','بازی، خرید','کارت'),(196,551,75000,'1398-08-07 19:32:00','بازی، خرید','کارت'),(197,547,95000,'1398-08-07 19:38:00','بازی، خرید','کارت'),(198,187,95000,'1398-08-07 19:41:00','بازی، خرید','کارت'),(199,553,85000,'1398-08-07 19:45:00','بازی، خرید','کارت'),(200,554,75000,'1398-08-07 19:45:00','بازی، خرید','کارت'),(201,540,75000,'1398-08-07 19:48:00','بازی، خرید','کارت'),(202,557,75000,'1398-08-07 19:49:00','بازی، خرید','کارت'),(203,555,95000,'1398-08-07 20:02:00','بازی، خرید','کارت'),(204,430,95000,'1398-08-07 20:03:00','بازی، خرید','کارت'),(205,559,75000,'1398-08-07 20:15:00','بازی، خرید','کارت'),(206,549,120000,'1398-08-07 20:21:00','بازی، خرید','کارت'),(207,561,75000,'1398-08-07 20:23:00','بازی، خرید','کارت'),(208,266,75000,'1398-08-07 20:30:00','بازی، خرید','کارت'),(209,558,95000,'1398-08-07 20:32:00','بازی، خرید','کارت'),(210,564,75000,'1398-08-07 20:37:00','بازی، خرید','کارت'),(211,569,75000,'1398-08-07 20:44:00','بازی، خرید','کارت'),(212,562,75000,'1398-08-07 20:47:00','بازی، خرید','کارت'),(213,556,120000,'1398-08-07 20:53:00','بازی، خرید','کارت'),(214,565,75000,'1398-08-07 21:06:00','بازی، خرید','کارت'),(215,311,135000,'1398-08-07 21:09:00','بازی، خرید','کارت'),(216,568,85000,'1398-08-07 21:15:00','بازی، خرید','کارت'),(217,570,75000,'1398-08-07 21:19:00','بازی، خرید','کارت'),(218,567,105000,'1398-08-07 21:21:00','بازی، خرید','کارت'),(219,566,95000,'1398-08-07 21:24:00','بازی، خرید','کارت'),(220,571,75000,'1398-08-07 21:31:00','بازی، خرید','کارت'),(221,578,75000,'1398-08-08 12:30:00','بازی، خرید','کارت'),(222,573,75000,'1398-08-08 12:34:00','بازی، خرید','کارت'),(223,574,75000,'1398-08-08 12:38:00','بازی، خرید','کارت'),(224,575,75000,'1398-08-08 12:38:00','بازی، خرید','کارت'),(225,572,95000,'1398-08-08 12:50:00','بازی، خرید','کارت'),(226,579,75000,'1398-08-08 13:05:00','بازی، خرید','کارت'),(227,577,95000,'1398-08-08 13:15:00','بازی، خرید','کارت'),(228,582,85000,'1398-08-08 14:05:00','بازی، خرید','کارت'),(229,580,220000,'1398-08-08 15:03:00','بازی، خرید','کارت'),(230,581,220000,'1398-08-08 15:03:00','بازی، خرید','کارت'),(231,583,95000,'1398-08-08 15:11:00','بازی، خرید','کارت'),(232,331,75000,'1398-08-08 15:53:00','بازی، خرید','کارت'),(233,584,67500,'1398-08-08 15:54:00','بازی، خرید','کارت'),(234,585,65000,'1398-08-08 15:54:00','بازی، خرید','کارت'),(235,151,1500,'1398-08-08 15:59:00','بازی، خرید','کارت'),(236,524,75000,'1398-08-08 17:58:00','بازی، خرید','کارت'),(237,589,95000,'1398-08-08 18:46:00','بازی، خرید','کارت'),(238,590,85500,'1398-08-08 18:46:00','بازی، خرید','کارت'),(239,588,95000,'1398-08-08 18:46:00','بازی، خرید','کارت'),(240,593,75000,'1398-08-08 18:55:00','بازی، خرید','کارت'),(241,586,120000,'1398-08-08 18:58:00','بازی، خرید','کارت'),(242,586,120000,'1398-08-08 19:05:00','بازی، خرید','کارت'),(243,413,120000,'1398-08-08 19:17:00','بازی، خرید','کارت'),(244,605,75000,'1398-08-08 19:18:00','بازی، خرید','کارت'),(245,160,-140000,'1398-08-08 00:00:00','1200 دقیقه شارژ و 40 روز اعتبار','فاکتور سیستم'),(246,160,393000,'1398-08-08 00:00:00','','کارت'),(247,627,85000,'1398-08-08 20:20:00','بازی، خرید','کارت'),(248,629,95000,'1398-08-08 20:40:00','بازی، خرید','کارت'),(249,628,95000,'1398-08-08 20:51:00','بازی، خرید','کارت'),(250,386,75000,'1398-08-08 20:55:00','بازی، خرید','کارت'),(251,2517,0,'1398-08-09 11:38:00','بازی، خرید','کارت'),(252,678,27601,'1398-08-09 11:40:00','بازی، خرید','کارت'),(253,1869,12000,'1398-08-09 12:22:00','بازی، خرید','کارت'),(254,1284,19000,'1398-08-09 12:25:00','بازی، خرید','کارت'),(255,2515,95000,'1398-08-09 12:31:00','بازی، خرید','کارت'),(256,2516,82000,'1398-08-09 12:31:00','بازی، خرید','کارت'),(257,2518,75000,'1398-08-09 12:33:00','بازی، خرید','کارت'),(258,2519,75000,'1398-08-09 12:59:00','بازی، خرید','کارت'),(259,2520,75000,'1398-08-09 13:41:00','بازی، خرید','کارت'),(260,2524,105000,'1398-08-09 13:52:00','بازی، خرید','کارت'),(261,2523,95000,'1398-08-09 13:52:00','بازی، خرید','کارت'),(262,2522,95000,'1398-08-09 13:53:00','بازی، خرید','کارت'),(263,2527,75000,'1398-08-09 13:53:00','بازی، خرید','کارت'),(264,2521,95000,'1398-08-09 14:04:00','بازی، خرید','کارت'),(265,2530,75000,'1398-08-09 14:15:00','بازی، خرید','کارت'),(266,2528,105000,'1398-08-09 14:15:00','بازی، خرید','کارت'),(267,2531,75000,'1398-08-09 15:07:00','بازی، خرید','کارت'),(268,2529,120000,'1398-08-09 15:10:00','بازی، خرید','کارت'),(269,2526,120000,'1398-08-09 15:39:00','بازی، خرید','کارت'),(270,2525,220000,'1398-08-09 15:42:00','بازی، خرید','کارت'),(271,274,120000,'1398-08-09 17:05:00','بازی، خرید','کارت'),(272,2141,10000,'1398-08-09 17:51:00','بازی، خرید','کارت'),(273,2532,120000,'1398-08-09 18:17:00','بازی، خرید','کارت'),(274,2534,75000,'1398-08-09 18:22:00','بازی، خرید','کارت'),(275,2535,75000,'1398-08-09 18:26:00','بازی، خرید','کارت'),(276,486,75000,'1398-08-09 18:33:00','بازی، خرید','کارت'),(277,2159,8000,'1398-08-09 18:36:00','بازی، خرید','کارت'),(278,516,125000,'1398-08-09 00:00:00','بازیvip','کارت'),(279,227,120000,'1398-08-09 18:38:00','بازی، خرید','کارت'),(280,2536,75000,'1398-08-09 18:41:00','بازی، خرید','کارت'),(281,2537,75000,'1398-08-09 19:33:00','بازی، خرید','کارت'),(282,826,23000,'1398-08-09 19:35:00','بازی، خرید','کارت'),(284,2539,10601,'1398-08-09 19:54:00','بازی، خرید','کارت'),(285,2541,75000,'1398-08-09 20:03:00','بازی، خرید','کارت'),(287,2542,10500,'1398-08-09 20:12:00','بازی، خرید','کارت'),(288,1140,22101,'1398-08-09 20:17:00','بازی، خرید','کارت'),(289,717,25601,'1398-08-09 20:24:00','بازی، خرید','کارت'),(290,800,66500,'1398-08-09 20:27:00','بازی، خرید','کارت'),(291,2538,120000,'1398-08-09 20:29:00','بازی، خرید','کارت'),(292,2544,95000,'1398-08-09 20:36:00','بازی، خرید','کارت'),(293,2545,75000,'1398-08-09 20:38:00','بازی، خرید','کارت'),(294,2546,75000,'1398-08-09 20:41:00','بازی، خرید','کارت'),(295,230,75000,'1398-08-09 20:43:00','بازی، خرید','کارت'),(296,2540,120000,'1398-08-09 20:57:00','بازی، خرید','کارت'),(297,241,75000,'1398-08-09 20:57:00','بازی، خرید','کارت'),(298,2543,120000,'1398-08-09 21:06:00','بازی، خرید','کارت'),(299,535,120000,'1398-08-09 21:10:00','بازی، خرید','کارت'),(300,2548,95000,'1398-08-09 21:15:00','بازی، خرید','کارت'),(301,2549,95000,'1398-08-09 21:33:00','بازی، خرید','کارت'),(302,2547,105000,'1398-08-09 21:34:00','بازی، خرید','کارت'),(303,2550,85000,'1398-08-09 21:35:00','بازی، خرید','کارت'),(304,389,75000,'1398-08-09 21:36:00','بازی، خرید','کارت'),(305,2552,75000,'1398-08-10 12:20:00','بازی، خرید','کارت'),(306,2558,75000,'1398-08-10 12:31:00','بازی، خرید','کارت'),(307,2554,75000,'1398-08-10 12:38:00','بازی، خرید','کارت'),(308,2555,67500,'1398-08-10 12:38:00','بازی، خرید','کارت'),(309,2551,75000,'1398-08-10 12:53:00','بازی، خرید','کارت'),(310,2556,95000,'1398-08-10 12:54:00','بازی، خرید','کارت'),(311,2553,75000,'1398-08-10 13:04:00','بازی، خرید','کارت'),(312,2557,75000,'1398-08-10 13:04:00','بازی، خرید','کارت'),(313,2559,75000,'1398-08-10 13:17:00','بازی، خرید','کارت'),(314,205,95000,'1398-08-10 13:36:00','بازی، خرید','کارت'),(315,2569,75000,'1398-08-10 13:39:00','بازی، خرید','کارت'),(316,199,75000,'1398-08-10 13:43:00','بازی، خرید','کارت'),(317,2562,95000,'1398-08-10 13:45:00','بازی، خرید','کارت'),(318,2565,85000,'1398-08-10 13:47:00','بازی، خرید','کارت'),(319,2566,75000,'1398-08-10 13:57:00','بازی، خرید','کارت'),(320,2567,67500,'1398-08-10 13:57:00','بازی، خرید','کارت'),(321,450,75000,'1398-08-10 14:03:00','بازی، خرید','کارت'),(322,2568,75000,'1398-08-10 14:09:00','بازی، خرید','کارت'),(323,2570,75000,'1398-08-10 14:10:00','بازی، خرید','کارت'),(324,2571,75000,'1398-08-10 14:24:00','بازی، خرید','کارت'),(325,2572,75000,'1398-08-10 14:38:00','بازی، خرید','کارت'),(326,2573,67500,'1398-08-10 14:38:00','بازی، خرید','کارت'),(327,2563,130000,'1398-08-10 14:41:00','بازی، خرید','کارت'),(328,2564,108000,'1398-08-10 14:41:00','بازی، خرید','کارت'),(329,2574,75000,'1398-08-10 14:51:00','بازی، خرید','کارت'),(330,2529,120000,'1398-08-10 15:04:00','بازی، خرید','کارت'),(331,2577,75000,'1398-08-10 16:47:00','بازی، خرید','کارت'),(332,2578,75000,'1398-08-10 17:01:00','بازی، خرید','کارت'),(333,749,22300,'1398-08-10 17:26:00','بازی، خرید','کارت'),(334,2585,9500,'1398-08-10 17:34:00','بازی، خرید','نقد'),(335,2582,75000,'1398-08-10 18:09:00','بازی، خرید','کارت'),(336,2580,30101,'1398-08-10 18:10:00','بازی، خرید','کارت'),(337,2583,75000,'1398-08-10 18:10:00','بازی، خرید','کارت'),(338,1125,56601,'1398-08-10 18:14:00','بازی، خرید','کارت'),(339,2581,95000,'1398-08-10 18:34:00','بازی، خرید','کارت'),(340,2532,95000,'1398-08-10 18:34:00','بازی، خرید','کارت'),(341,2584,95000,'1398-08-10 18:38:00','بازی، خرید','کارت'),(342,523,75000,'1398-08-10 18:56:00','بازی، خرید','کارت'),(343,2588,75000,'1398-08-10 18:57:00','بازی، خرید','کارت'),(345,2592,75000,'1398-08-10 19:15:00','بازی، خرید','کارت'),(346,2576,180000,'1398-08-10 19:18:00','بازی، خرید','کارت'),(347,2575,180000,'1398-08-10 19:18:00','بازی، خرید','کارت'),(348,2579,150000,'1398-08-10 19:19:00','بازی، خرید','کارت'),(349,228,85000,'1398-08-10 19:23:00','بازی، خرید','کارت'),(350,2587,51000,'1398-08-10 19:23:00','بازی، خرید','کارت'),(351,2594,75000,'1398-08-10 19:30:00','بازی، خرید','کارت'),(353,2591,95000,'1398-08-10 19:48:00','بازی، خرید','کارت'),(354,200,95000,'1398-08-10 19:49:00','بازی، خرید','کارت'),(355,2589,95000,'1398-08-10 00:00:00','بازی','کارت'),(356,2605,95000,'1398-08-10 00:00:00','بازی','کارت'),(357,2606,85000,'1398-08-10 00:00:00','بازی','کارت'),(358,502,75000,'1398-08-10 20:00:00','بازی، خرید','کارت'),(359,852,-140000,'1398-08-10 00:00:00','1200 دقیقه شارژ و 40 روز اعتبار','فاکتور سیستم'),(360,852,140000,'1398-08-10 00:00:00','بن','کارت'),(361,2380,-250000,'1398-08-10 00:00:00','3000 دقیقه شارژ و 40 روز اعتبار','فاکتور سیستم'),(362,2595,95000,'1398-08-10 20:22:00','بازی، خرید','کارت'),(363,533,75000,'1398-08-10 20:27:00','بازی، خرید','کارت'),(364,2600,75000,'1398-08-10 20:43:00','بازی، خرید','کارت'),(365,2603,75000,'1398-08-10 20:46:00','بازی، خرید','کارت'),(366,2602,75000,'1398-08-10 20:52:00','بازی، خرید','کارت'),(367,2601,75000,'1398-08-10 21:00:00','بازی، خرید','کارت'),(368,427,95000,'1398-08-10 21:11:00','بازی، خرید','کارت'),(369,2597,95000,'1398-08-10 21:14:00','بازی، خرید','کارت'),(370,2598,85500,'1398-08-10 21:14:00','بازی، خرید','کارت'),(371,2596,95000,'1398-08-10 21:15:00','بازی، خرید','کارت'),(372,522,120000,'1398-08-10 21:15:00','بازی، خرید','کارت'),(373,2609,75000,'1398-08-10 21:23:00','بازی، خرید','کارت'),(374,2608,75000,'1398-08-10 21:23:00','بازی، خرید','کارت'),(375,2610,75000,'1398-08-10 21:33:00','بازی، خرید','کارت'),(376,2607,95000,'1398-08-10 00:00:00','بازی','کارت'),(377,323,75000,'1398-08-11 12:08:00','بازی، خرید','کارت'),(378,2612,85000,'1398-08-11 13:10:00','بازی، خرید','کارت'),(379,2613,95000,'1398-08-11 14:03:00','بازی، خرید','کارت'),(380,2611,160000,'1398-08-11 14:05:00','بازی، خرید','کارت'),(381,2616,75000,'1398-08-11 14:44:00','بازی، خرید','کارت'),(382,456,75000,'1398-08-11 16:29:00','بازی، خرید','کارت'),(383,2614,150000,'1398-08-11 16:30:00','بازی، خرید','کارت'),(384,2617,75000,'1398-08-11 16:55:00','بازی، خرید','کارت'),(385,2618,75000,'1398-08-11 17:27:00','بازی، خرید','کارت'),(386,2529,120000,'1398-08-11 18:00:00','بازی، خرید','کارت'),(387,2623,75000,'1398-08-11 19:02:00','بازی، خرید','کارت'),(388,2624,75000,'1398-08-11 19:02:00','بازی، خرید','کارت'),(389,2626,75000,'1398-08-11 19:09:00','بازی، خرید','کارت'),(390,2625,105000,'1398-08-11 19:35:00','بازی، خرید','کارت'),(391,2621,180000,'1398-08-11 19:47:00','بازی، خرید','کارت'),(392,2622,130000,'1398-08-11 19:50:00','بازی، خرید','کارت'),(393,2620,120000,'1398-08-11 19:51:00','بازی، خرید','کارت'),(394,2628,75000,'1398-08-11 19:51:00','بازی، خرید','کارت'),(395,2619,150000,'1398-08-11 19:54:00','بازی، خرید','کارت'),(396,2627,105000,'1398-08-11 20:05:00','بازی، خرید','کارت'),(397,2633,75000,'1398-08-11 20:17:00','بازی، خرید','کارت'),(398,2632,75000,'1398-08-11 20:18:00','بازی، خرید','کارت'),(399,2634,75000,'1398-08-11 20:19:00','بازی، خرید','کارت'),(400,2629,75000,'1398-08-11 20:19:00','بازی، خرید','کارت'),(401,2630,75000,'1398-08-11 20:20:00','بازی، خرید','کارت'),(402,2637,67500,'1398-08-11 20:58:00','بازی، خرید','کارت'),(403,2636,75000,'1398-08-11 20:58:00','بازی، خرید','کارت'),(404,2635,95000,'1398-08-11 21:30:00','بازی، خرید','کارت'),(405,2638,95000,'1398-08-11 21:40:00','بازی، خرید','کارت'),(406,2639,75000,'1398-08-12 12:02:00','بازی، خرید','کارت'),(407,2641,75000,'1398-08-12 12:35:00','بازی، خرید','کارت'),(408,2642,75000,'1398-08-12 12:35:00','بازی، خرید','کارت'),(409,2645,75000,'1398-08-12 12:56:00','بازی، خرید','کارت'),(410,2646,95000,'1398-08-12 13:35:00','بازی، خرید','کارت'),(411,2648,75000,'1398-08-12 13:55:00','بازی، خرید','کارت'),(412,2648,75000,'1398-08-12 13:56:00','بازی، خرید','کارت'),(413,2644,95000,'1398-08-12 13:58:00','بازی، خرید','کارت'),(414,2649,75000,'1398-08-12 14:21:00','بازی، خرید','کارت'),(415,2650,75000,'1398-08-12 14:23:00','بازی، خرید','کارت'),(416,2650,75000,'1398-08-12 14:23:00','بازی، خرید','کارت'),(417,2647,95000,'1398-08-12 15:11:00','بازی، خرید','کارت'),(418,2655,95000,'1398-08-12 16:27:00','بازی، خرید','کارت'),(419,2654,95000,'1398-08-12 16:28:00','بازی، خرید','کارت'),(420,2656,95000,'1398-08-12 16:28:00','بازی، خرید','کارت'),(421,481,150000,'1398-08-12 00:00:00','بازی','کارت'),(422,2653,95000,'1398-08-12 16:31:00','بازی، خرید','کارت'),(423,2657,120000,'1398-08-12 16:52:00','بازی، خرید','کارت'),(424,2651,180000,'1398-08-12 17:16:00','بازی، خرید','کارت'),(425,639,150000,'1398-08-12 18:26:00','بازی، خرید','کارت'),(426,2660,120000,'1398-08-12 18:52:00','بازی، خرید','کارت'),(427,274,95000,'1398-08-12 18:56:00','بازی، خرید','کارت'),(428,2545,220000,'1398-08-12 19:00:00','بازی، خرید','کارت'),(429,500,95000,'1398-08-12 19:08:00','بازی، خرید','کارت'),(430,2661,120000,'1398-08-12 19:09:00','بازی، خرید','کارت'),(431,2662,95000,'1398-08-12 19:20:00','بازی، خرید','کارت'),(432,628,75000,'1398-08-12 19:43:00','بازی، خرید','کارت'),(433,377,95000,'1398-08-12 19:54:00','بازی، خرید','کارت'),(434,376,85500,'1398-08-12 19:55:00','بازی، خرید','کارت'),(435,2663,75000,'1398-08-12 19:55:00','بازی، خرید','کارت'),(436,2658,160000,'1398-08-12 19:57:00','بازی، خرید','کارت'),(437,225,150000,'1398-08-12 19:58:00','بازی، خرید','کارت'),(438,2659,180000,'1398-08-12 20:18:00','بازی، خرید','کارت'),(439,2666,75000,'1398-08-12 20:21:00','بازی، خرید','کارت'),(440,521,75000,'1398-08-12 21:18:00','بازی، خرید','کارت'),(441,521,50000,'1398-08-12 00:00:00','vip','کارت'),(442,2664,95000,'1398-08-12 21:22:00','بازی، خرید','کارت'),(443,2665,75000,'1398-08-12 21:29:00','بازی، خرید','کارت'),(444,689,7601,'1398-08-13 10:14:00','بازی، خرید','کارت'),(445,2667,7000,'1398-08-13 12:55:00','بازی، خرید','کارت'),(446,651,31500,'1398-08-13 13:37:00','بازی، خرید','کارت'),(447,2416,2000,'1398-08-13 13:52:00','بازی، خرید','کارت'),(448,151,80000,'1398-08-13 00:00:00','مهدکودک','کارت'),(449,376,75000,'1398-08-14 00:00:00','بازی','کارت'),(450,230,75000,'1398-08-14 00:00:00','بازی','کارت'),(451,2611,120000,'1398-08-14 00:00:00','بازی','کارت'),(452,2668,0,'1398-08-14 00:00:00','','کارت'),(453,2672,125000,'1398-08-14 00:00:00','بازیvip','کارت'),(454,2674,75000,'1398-08-14 00:00:00','بازی','کارت'),(455,2710,75000,'1398-08-14 00:00:00','بازی','کارت'),(456,2675,75000,'1398-08-14 00:00:00','بازی','کارت'),(457,2673,67000,'1398-08-14 00:00:00','بازی','کارت'),(458,2676,67000,'1398-08-14 00:00:00','بازی','کارت'),(459,2677,67000,'1398-08-14 00:00:00','بازی','کارت'),(460,2678,67000,'1398-08-14 00:00:00','بازی','کارت'),(461,2679,67000,'1398-08-14 00:00:00','بازی','کارت'),(462,2680,67000,'1398-08-14 00:00:00','بازی','کارت'),(463,2681,67000,'1398-08-14 00:00:00','بازی','کارت'),(464,2670,75000,'1398-08-14 00:00:00','بازی','کارت'),(465,2671,75000,'1398-08-14 00:00:00','بازی','کارت'),(466,2684,67000,'1398-08-14 00:00:00','بازی','کارت'),(467,2715,75000,'1398-08-14 00:00:00','بازی','کارت'),(468,2701,75000,'1398-08-14 00:00:00','بازی','کارت'),(469,2695,75000,'1398-08-14 00:00:00','بازی','کارت'),(470,2702,75000,'1398-08-14 00:00:00','بازی','کارت'),(471,2704,75000,'1398-08-14 00:00:00','بازی','کارت'),(472,481,95000,'1398-08-14 00:00:00','بازی','کارت'),(473,482,85000,'1398-08-14 00:00:00','','کارت'),(475,485,95000,'1398-08-14 00:00:00','بازی','کارت'),(476,484,85000,'1398-08-14 00:00:00','بازی','کارت'),(477,254,95000,'1398-08-14 00:00:00','بازی','کارت'),(478,301,145000,'1398-08-14 00:00:00','بازی','کارت'),(479,300,150000,'1398-08-14 00:00:00','','کارت'),(480,2716,75000,'1398-08-14 00:00:00','بازی','کارت'),(481,216,120000,'1398-08-14 00:00:00','بازی','کارت'),(482,2719,75000,'1398-08-14 00:00:00','بازی','کارت'),(483,2717,75000,'1398-08-14 00:00:00','بازی','کارت'),(484,2718,75000,'1398-08-14 00:00:00','بازی','کارت'),(485,215,120000,'1398-08-14 00:00:00','بازی','کارت'),(486,2692,120000,'1398-08-14 00:00:00','بازی','کارت'),(487,151,0,'1398-08-14 00:00:00','','کارت'),(488,226,75000,'1398-08-14 00:00:00','بازی','کارت'),(489,2724,75000,'1398-08-14 00:00:00','بازی','کارت'),(490,2627,375000,'1398-08-14 00:00:00','بازیvip','کارت'),(491,2720,95000,'1398-08-14 00:00:00','بازی','کارت'),(492,2721,85000,'1398-08-14 00:00:00','بازی','کارت'),(493,456,75000,'1398-08-14 00:00:00','بازی','کارت'),(494,2722,75000,'1398-08-14 00:00:00','بازی','کارت'),(495,2723,75000,'1398-08-14 00:00:00','بازی','کارت'),(496,2731,210000,'1398-08-14 00:00:00','بازی','کارت'),(497,583,75000,'1398-08-14 00:00:00','بازی','کارت'),(498,2729,75000,'1398-08-14 00:00:00','بازی','کارت'),(499,493,75000,'1398-08-14 00:00:00','بازی','کارت'),(500,2726,75000,'1398-08-14 00:00:00','بازی','کارت'),(501,284,75000,'1398-08-14 00:00:00','بازی','کارت'),(502,2614,75000,'1398-08-14 00:00:00','بازی','کارت'),(503,2727,75000,'1398-08-14 00:00:00','بازی','کارت'),(504,2730,75000,'1398-08-14 00:00:00','بازی','کارت'),(505,2728,67000,'1398-08-14 00:00:00','بازی','کارت'),(506,343,75000,'1398-08-14 00:00:00','بازی','کارت'),(507,2753,95000,'1398-08-15 12:14:00','بازی، خرید','کارت'),(508,2804,75000,'1398-08-15 12:37:00','بازی، خرید','کارت'),(509,2806,67500,'1398-08-15 12:38:00','بازی، خرید','کارت'),(510,2805,75000,'1398-08-15 12:38:00','بازی، خرید','کارت'),(511,2807,75000,'1398-08-15 12:52:00','بازی، خرید','کارت'),(512,2802,95000,'1398-08-15 12:57:00','بازی، خرید','کارت'),(513,217,95000,'1398-08-15 13:22:00','بازی، خرید','کارت'),(514,2808,75000,'1398-08-15 13:22:00','بازی، خرید','کارت'),(515,2797,95000,'1398-08-15 13:50:00','بازی، خرید','کارت'),(516,210,95000,'1398-08-15 13:50:00','بازی، خرید','کارت'),(517,2809,85000,'1398-08-15 13:57:00','بازی، خرید','کارت'),(518,2803,135000,'1398-08-15 00:00:00','','کارت'),(519,352,95000,'1398-08-15 14:11:00','بازی، خرید','کارت'),(520,440,95000,'1398-08-15 14:16:00','بازی، خرید','کارت'),(521,2799,120000,'1398-08-15 14:51:00','بازی، خرید','کارت'),(522,2815,120000,'1398-08-15 00:00:00','بازی','کارت'),(524,2814,75000,'1398-08-15 14:56:00','بازی، خرید','کارت'),(525,2816,120000,'1398-08-15 00:00:00','بازی','کارت'),(526,2812,95000,'1398-08-15 15:03:00','بازی، خرید','کارت'),(527,2810,120000,'1398-08-15 15:06:00','بازی، خرید','کارت'),(528,544,75000,'1398-08-15 15:30:00','بازی، خرید','کارت'),(529,2813,95000,'1398-08-15 15:42:00','بازی، خرید','کارت'),(530,2811,180000,'1398-08-15 16:19:00','بازی، خرید','کارت'),(531,2817,75000,'1398-08-15 16:22:00','بازی، خرید','کارت'),(532,2818,75000,'1398-08-15 16:22:00','بازی، خرید','کارت'),(533,2821,75000,'1398-08-15 16:35:00','بازی، خرید','کارت'),(534,2826,85000,'1398-08-15 17:00:00','بازی، خرید','کارت'),(535,2825,75000,'1398-08-15 17:01:00','بازی، خرید','کارت'),(536,2793,95000,'1398-08-15 17:43:00','بازی، خرید','کارت'),(537,2829,75000,'1398-08-15 17:44:00','بازی، خرید','کارت'),(538,2828,75000,'1398-08-15 17:50:00','بازی، خرید','کارت'),(539,2819,120000,'1398-08-15 17:54:00','بازی، خرید','کارت'),(540,2820,108000,'1398-08-15 17:55:00','بازی، خرید','کارت'),(541,2833,75000,'1398-08-15 17:57:00','بازی، خرید','کارت'),(542,2836,75000,'1398-08-15 18:34:00','بازی، خرید','کارت'),(543,2839,75000,'1398-08-15 18:45:00','بازی، خرید','کارت'),(544,2831,95000,'1398-08-15 18:47:00','بازی، خرید','کارت'),(545,2840,75000,'1398-08-15 18:57:00','بازی، خرید','کارت'),(546,2822,150000,'1398-08-15 19:00:00','بازی، خرید','کارت'),(547,2823,135000,'1398-08-15 19:00:00','بازی، خرید','کارت'),(548,2830,120000,'1398-08-15 19:14:00','بازی، خرید','کارت'),(549,2841,75000,'1398-08-15 19:15:00','بازی، خرید','کارت'),(550,2832,133000,'1398-08-15 19:16:00','بازی، خرید','کارت'),(551,2846,75000,'1398-08-15 19:21:00','بازی، خرید','کارت'),(552,2844,75000,'1398-08-15 19:23:00','بازی، خرید','کارت'),(553,2850,75000,'1398-08-15 19:32:00','بازی، خرید','کارت'),(554,2843,95000,'1398-08-15 19:38:00','بازی، خرید','کارت'),(555,2842,85500,'1398-08-15 19:38:00','بازی، خرید','کارت'),(556,2849,75000,'1398-08-15 19:43:00','بازی، خرید','کارت'),(557,2835,120000,'1398-08-15 19:47:00','بازی، خرید','کارت'),(558,2855,75000,'1398-08-15 19:50:00','بازی، خرید','کارت'),(559,2854,75000,'1398-08-15 19:54:00','بازی، خرید','کارت'),(560,2852,75000,'1398-08-15 19:55:00','بازی، خرید','کارت'),(561,2853,75000,'1398-08-15 19:55:00','بازی، خرید','کارت'),(562,2845,120000,'1398-08-15 20:07:00','بازی، خرید','کارت'),(563,2848,95000,'1398-08-15 20:07:00','بازی، خرید','کارت'),(564,2851,95000,'1398-08-15 20:08:00','بازی، خرید','کارت'),(565,2861,75000,'1398-08-15 20:08:00','بازی، خرید','کارت'),(566,2537,75000,'1398-08-15 20:09:00','بازی، خرید','کارت'),(567,228,85000,'1398-08-15 20:12:00','بازی، خرید','کارت'),(568,2857,75000,'1398-08-15 20:22:00','بازی، خرید','کارت'),(569,2858,75000,'1398-08-15 20:22:00','بازی، خرید','کارت'),(570,2859,75000,'1398-08-15 20:30:00','بازی، خرید','کارت'),(571,2595,75000,'1398-08-15 20:49:00','بازی، خرید','کارت'),(572,2863,75000,'1398-08-15 20:54:00','بازی، خرید','کارت'),(573,2860,95000,'1398-08-15 20:54:00','بازی، خرید','کارت'),(574,2827,240000,'1398-08-15 20:57:00','بازی، خرید','کارت'),(575,2838,75000,'1398-08-15 21:16:00','بازی، خرید','کارت'),(576,241,75000,'1398-08-15 21:17:00','بازی، خرید','کارت'),(577,2862,95000,'1398-08-15 21:22:00','بازی، خرید','کارت'),(578,2856,120000,'1398-08-15 21:28:00','بازی، خرید','کارت'),(579,2864,85500,'1398-08-15 21:29:00','بازی، خرید','کارت'),(580,284,95000,'1398-08-15 21:30:00','بازی، خرید','کارت'),(581,2865,95000,'1398-08-15 21:30:00','بازی، خرید','کارت'),(582,2866,75000,'1398-08-15 21:33:00','بازی، خرید','کارت'),(583,2824,75000,'1398-08-16 12:02:00','بازی، خرید','کارت'),(584,2904,75000,'1398-08-16 12:02:00','بازی، خرید','کارت'),(589,3028,75000,'1398-08-17 12:22:00','بازی، خرید','کارت'),(590,3029,75000,'1398-08-17 12:27:00','بازی، خرید','کارت'),(591,221,75000,'1398-08-17 12:29:00','بازی، خرید','کارت'),(592,3030,95000,'1398-08-17 13:10:00','بازی، خرید','کارت'),(593,3034,75000,'1398-08-17 13:51:00','بازی، خرید','کارت'),(594,3038,75000,'1398-08-17 14:08:00','بازی، خرید','کارت'),(595,3031,72500,'1398-08-17 14:27:00','بازی، خرید','کارت'),(596,3032,95000,'1398-08-17 14:27:00','بازی، خرید','کارت'),(597,563,75000,'1398-08-17 14:34:00','بازی، خرید','کارت'),(598,3037,120000,'1398-08-17 14:56:00','بازی، خرید','کارت'),(599,2645,125000,'1398-08-17 14:59:00','بازی، خرید','کارت'),(600,3041,95000,'1398-08-17 15:20:00','بازی، خرید','کارت'),(601,3042,85500,'1398-08-17 15:21:00','بازی، خرید','کارت'),(602,3039,75000,'1398-08-17 15:24:00','بازی، خرید','کارت'),(603,3043,67500,'1398-08-17 15:24:00','بازی، خرید','کارت'),(604,3035,150000,'1398-08-17 15:33:00','بازی، خرید','کارت'),(605,3036,150000,'1398-08-17 15:33:00','بازی، خرید','کارت'),(606,311,0,'1398-08-17 15:54:00','بازی، خرید','کارت'),(607,965,10300,'1398-08-17 16:08:00','بازی، خرید','کارت'),(608,675,10500,'1398-08-17 16:08:00','بازی، خرید','کارت'),(609,3044,75000,'1398-08-17 16:19:00','بازی، خرید','کارت'),(611,257,75000,'1398-08-17 16:53:00','بازی، خرید','کارت'),(612,258,67500,'1398-08-17 16:53:00','بازی، خرید','کارت'),(613,3047,75000,'1398-08-17 17:00:00','بازی، خرید','کارت'),(614,3045,75000,'1398-08-17 17:02:00','بازی، خرید','کارت'),(615,3046,67500,'1398-08-17 17:03:00','بازی، خرید','کارت'),(616,3048,75000,'1398-08-17 17:23:00','بازی، خرید','کارت'),(617,3049,95000,'1398-08-17 18:25:00','بازی، خرید','کارت'),(618,430,75000,'1398-08-17 18:44:00','بازی، خرید','کارت'),(619,3053,75000,'1398-08-17 18:58:00','بازی، خرید','کارت'),(620,3057,85000,'1398-08-17 18:59:00','بازی، خرید','کارت'),(621,3058,77500,'1398-08-17 19:00:00','بازی، خرید','کارت'),(622,3054,75000,'1398-08-17 19:12:00','بازی، خرید','کارت'),(623,301,75000,'1398-08-17 19:16:00','بازی، خرید','کارت'),(624,300,67500,'1398-08-17 19:16:00','بازی، خرید','کارت'),(625,3059,75000,'1398-08-17 19:16:00','بازی، خرید','کارت'),(626,3062,75000,'1398-08-17 19:22:00','بازی، خرید','کارت'),(627,3052,95000,'1398-08-17 19:24:00','بازی، خرید','کارت'),(628,3055,95000,'1398-08-17 19:27:00','بازی، خرید','کارت'),(629,3056,85500,'1398-08-17 19:28:00','بازی، خرید','کارت'),(630,3061,75000,'1398-08-17 19:31:00','بازی، خرید','کارت'),(631,3060,75000,'1398-08-17 19:31:00','بازی، خرید','کارت'),(632,2827,150000,'1398-08-17 19:32:00','بازی، خرید','کارت'),(633,252,120000,'1398-08-17 19:34:00','بازی، خرید','کارت'),(634,3050,95000,'1398-08-17 19:34:00','بازی، خرید','کارت'),(635,3051,85500,'1398-08-17 19:34:00','بازی، خرید','کارت'),(636,3068,75000,'1398-08-17 19:37:00','بازی، خرید','کارت'),(637,194,75000,'1398-08-17 19:40:00','بازی، خرید','کارت'),(638,286,95000,'1398-08-17 19:43:00','بازی، خرید','کارت'),(639,3066,75000,'1398-08-17 19:44:00','بازی، خرید','کارت'),(640,3067,67500,'1398-08-17 19:44:00','بازی، خرید','کارت'),(641,3070,75000,'1398-08-17 19:47:00','بازی، خرید','کارت'),(642,3071,75000,'1398-08-17 19:47:00','بازی، خرید','کارت'),(643,3063,95000,'1398-08-17 19:50:00','بازی، خرید','کارت'),(644,3075,75000,'1398-08-17 20:02:00','بازی، خرید','کارت'),(645,625,67500,'1398-08-17 20:02:00','بازی، خرید','کارت'),(646,3073,75000,'1398-08-17 20:03:00','بازی، خرید','کارت'),(647,3076,75000,'1398-08-17 20:04:00','بازی، خرید','کارت'),(648,3064,120000,'1398-08-17 20:07:00','بازی، خرید','کارت'),(649,3069,95000,'1398-08-17 20:09:00','بازی، خرید','کارت'),(650,3074,75000,'1398-08-17 20:09:00','بازی، خرید','کارت'),(651,521,105000,'1398-08-17 20:13:00','بازی، خرید','کارت'),(652,3072,95000,'1398-08-17 20:20:00','بازی، خرید','کارت'),(653,3077,75000,'1398-08-17 20:29:00','بازی، خرید','کارت'),(654,3080,75000,'1398-08-17 00:00:00','بازی','کارت'),(655,556,95000,'1398-08-17 20:55:00','بازی، خرید','کارت'),(656,3078,95000,'1398-08-17 21:04:00','بازی، خرید','کارت'),(657,3079,95000,'1398-08-17 21:06:00','بازی، خرید','کارت'),(658,3033,60000,'1398-08-17 23:50:00','بازی، خرید','کارت'),(659,3033,305000,'1398-08-17 00:00:00','','کارت'),(660,3033,60000,'1398-08-17 23:57:00','بازی، خرید','کارت'),(661,3033,15000,'1398-08-18 00:00:00','','کارت'),(662,150,12000,'1398-08-18 00:04:00','بازی، خرید','کارت'),(663,3033,60000,'1398-08-18 00:06:00','بازی، خرید','کارت'),(664,3033,60000,'1398-08-18 00:09:00','بازی، خرید','کارت'),(665,3033,15000,'1398-08-18 00:00:00','','کارت'),(666,0,35000,'1398-08-18 13:49:00','خرید آزاد','کارت'),(667,3161,35000,'1398-08-18 14:12:00','خرید آزاد','کارت'),(668,3284,108000,'1398-08-18 16:53:00','بازی، خرید','کارت'),(669,3298,85500,'1398-08-18 17:14:00','بازی، خرید','کارت'),(670,501,85500,'1398-08-18 17:28:00','بازی، خرید','کارت'),(671,218,108000,'1398-08-18 18:04:00','بازی، خرید','کارت'),(672,637,108000,'1398-08-18 18:11:00','بازی، خرید','کارت'),(673,3307,108000,'1398-08-18 18:14:00','بازی، خرید','کارت'),(674,275,108000,'1398-08-18 19:05:00','بازی، خرید','کارت'),(675,483,6000,'1398-08-18 00:00:00','','کارت'),(676,3321,85500,'1398-08-18 20:34:00','بازی، خرید','کارت'),(677,3321,850000,'1398-08-18 20:34:00','بازی، خرید','کارت'),(678,3541,85500,'1398-08-19 17:39:00','بازی، خرید','کارت'),(679,242,150000,'1398-08-19 00:00:00','مهدوی','کارت'),(680,3540,95000,'1398-08-19 00:00:00','مهدوی','کارت'),(681,3538,105000,'1398-08-19 00:00:00','مهدوی','کارت'),(682,3539,95000,'1398-08-19 00:00:00','مهدوی','کارت'),(683,3535,95000,'1398-08-19 00:00:00','مهدوی','کارت'),(684,524,75000,'1398-08-19 00:00:00','مهدوی','کارت'),(685,3534,95000,'1398-08-19 00:00:00','مهدوی','کارت'),(686,3533,75000,'1398-08-19 00:00:00','مهدوی','کارت'),(687,2547,75000,'1398-08-19 00:00:00','مهدوی','کارت'),(688,3532,75000,'1398-08-19 00:00:00','مهدوی','کارت'),(689,3512,75000,'1398-08-19 00:00:00','مهدوی','کارت'),(690,3494,95000,'1398-08-19 00:00:00','مهدوی','کارت'),(691,3483,95000,'1398-08-19 00:00:00','مهدوی','کارت'),(692,3482,75000,'1398-08-19 00:00:00','مهدوی','کارت'),(693,3480,75000,'1398-08-19 00:00:00','مهدوی','کارت'),(694,353,105000,'1398-08-19 00:00:00','مهدوی','کارت'),(695,3477,120000,'1398-08-19 00:00:00','مهدوی','کارت'),(696,292,95000,'1398-08-19 00:00:00','مهدوی','کارت'),(697,3464,75000,'1398-08-19 00:00:00','مهدوی','کارت'),(698,3462,75000,'1398-08-19 00:00:00','مهدوی','کارت'),(699,3445,120000,'1398-08-19 00:00:00','مهدوی','کارت'),(700,3544,135000,'1398-08-19 18:34:00','بازی، خرید','کارت'),(701,3549,85500,'1398-08-19 19:37:00','بازی، خرید','کارت'),(702,2867,0,'1398-08-20 00:00:00','','کارت'),(703,2669,500000,'1398-08-20 00:00:00','پیش دبستانی','نقد'),(704,2668,500000,'1398-08-20 00:00:00','پیش دبستانی','کارت'),(705,1,395000,'1398-10-14 17:51:54','',''),(706,1,395000,'1398-10-14 17:57:59','خانه بازی','کارت'),(707,1,120000,'1398-10-14 18:00:43','خانه بازی','کارت'),(708,1,124000,'1398-10-14 20:14:11','خانه بازی','کارت'),(709,1,330000,'1398-10-14 21:52:29','خانه بازی','کارت'),(710,1,120000,'1398-10-14 21:52:36','خانه بازی','کارت'),(711,1,180000,'1398-10-14 21:52:58','خانه بازی','کارت'),(712,1,165000,'1398-10-14 21:53:17','خانه بازی','کارت'),(713,1,150000,'1398-10-14 21:54:49','خانه بازی','کارت'),(714,1,95000,'1398-10-14 21:54:59','خانه بازی','کارت'),(715,1,95000,'1398-10-14 21:55:06','خانه بازی','کارت'),(716,1,95000,'1398-10-14 21:55:16','خانه بازی','کارت'),(717,3383,86000,'1398-10-16 01:13:06','خانه بازی','کارت'),(718,1367,14500,'1398-10-16 14:43:34','خانه بازی','کارت'),(719,4393,86000,'1398-10-16 14:43:40','خانه بازی','کارت'),(720,4413,0,'1398-10-16 14:44:16','خانه بازی','کارت'),(721,4393,570000,'1398-10-17 12:55:09','خانه بازی','کارت'),(722,3278,570000,'1398-10-17 12:55:15','خانه بازی','کارت'),(723,4636,570000,'1398-10-17 12:55:19','خانه بازی','کارت'),(724,1361,75000,'1398-10-17 13:59:12','خانه بازی','کارت'),(725,195,325000,'1398-10-17 19:03:22','خانه بازی','کارت'),(726,4704,75000,'1398-10-17 20:56:22','خانه بازی','کارت'),(727,4703,35000,'1398-10-17 21:01:49','خانه بازی','کارت'),(728,4703,14000,'1398-10-17 21:14:04','خانه بازی','کارت'),(729,3906,121500,'1398-10-17 21:15:44','خانه بازی','کارت'),(730,4680,216000,'1398-10-17 21:16:15','خانه بازی','کارت'),(731,4107,2200,'1398-10-17 21:27:43','خانه بازی','کارت'),(732,3525,286000,'1398-10-17 23:57:46','خانه بازی','کارت'),(733,4532,75000,'1398-10-18 01:44:42','خانه بازی','کارت'),(734,4399,75000,'1398-10-18 01:44:47','خانه بازی','کارت'),(735,4664,75000,'1398-10-18 01:44:51','خانه بازی','کارت'),(736,1998,95000,'1398-10-19 16:21:41','خانه بازی','کارت'),(737,1998,95000,'1398-10-19 16:21:41','خانه بازی','کارت'),(738,1998,95000,'1398-10-19 16:21:41','خانه بازی','کارت'),(739,1998,95000,'1398-10-19 16:21:41','خانه بازی','کارت'),(740,1998,95000,'1398-10-19 16:21:41','خانه بازی','کارت'),(741,1998,95000,'1398-10-19 16:21:41','خانه بازی','کارت'),(742,1998,95000,'1398-10-19 16:21:41','خانه بازی','کارت'),(743,1998,95000,'1398-10-19 16:21:41','خانه بازی','کارت'),(744,1998,95000,'1398-10-19 16:21:41','خانه بازی','کارت'),(745,1998,95000,'1398-10-19 16:21:41','خانه بازی','کارت'),(746,1998,95000,'1398-10-19 16:21:41','خانه بازی','کارت'),(747,1998,95000,'1398-10-19 16:21:41','خانه بازی','کارت'),(748,1998,95000,'1398-10-19 16:21:41','خانه بازی','کارت'),(749,1998,95000,'1398-10-19 16:21:41','خانه بازی','کارت'),(750,1998,95000,'1398-10-19 16:21:41','خانه بازی','کارت'),(751,1998,95000,'1398-10-19 16:21:41','خانه بازی','کارت'),(752,1998,75000,'1398-10-19 20:10:33','خانه بازی','کارت'),(753,1645,570000,'1398-10-20 13:00:56','خانه بازی','کارت'),(754,2092,75000,'1398-10-20 13:10:07','خانه بازی','کارت'),(755,1998,75000,'1398-10-20 13:10:15','خانه بازی','کارت'),(756,1,75000,'1398-10-20 13:10:22','خانه بازی','کارت'),(757,2092,95000,'1398-10-20 14:45:03','خانه بازی','کارت'),(758,1777,95000,'1398-10-20 14:45:10','خانه بازی','کارت'),(759,1748,355000,'1398-10-23 13:52:25','خانه بازی','کارت'),(760,3585,95000,'1398-10-25 12:30:46','خانه بازی','کارت'),(761,5388,95000,'1398-10-25 12:41:47','خانه بازی','کارت'),(762,3557,95000,'1398-10-25 12:46:14','خانه بازی','کارت'),(763,5385,120000,'1398-10-25 12:46:56','خانه بازی','کارت'),(764,5160,75000,'1398-10-25 12:54:49','خانه بازی','کارت'),(765,4465,75000,'1398-10-25 12:57:19','خانه بازی','کارت'),(766,2789,75000,'1398-10-25 13:08:03','خانه بازی','کارت'),(767,5390,75000,'1398-10-25 13:18:19','خانه بازی','کارت'),(768,2793,95000,'1398-10-25 13:20:58','خانه بازی','کارت'),(769,5387,120000,'1398-10-25 13:21:57','خانه بازی','کارت'),(770,4154,75000,'1398-10-25 13:38:14','خانه بازی','کارت'),(771,3938,75000,'1398-10-25 13:49:57','خانه بازی','کارت'),(772,5386,120000,'1398-10-25 13:52:31','خانه بازی','کارت'),(773,5347,150000,'1398-10-25 13:56:06','خانه بازی','کارت'),(774,5348,135000,'1398-10-25 13:56:47','خانه بازی','کارت'),(775,5389,95000,'1398-10-25 13:58:10','خانه بازی','کارت'),(776,4455,75000,'1398-10-25 13:59:21','خانه بازی','کارت'),(777,2792,95000,'1398-10-25 14:03:12','خانه بازی','کارت'),(778,5403,75000,'1398-10-25 14:12:34','خانه بازی','کارت'),(779,4185,75000,'1398-10-25 14:17:02','خانه بازی','کارت'),(780,4185,75000,'1398-10-25 14:17:48','خانه بازی','کارت'),(781,5404,67500,'1398-10-25 14:22:54','خانه بازی','کارت'),(782,5405,67500,'1398-10-25 14:23:09','خانه بازی','کارت'),(783,5407,75000,'1398-10-25 14:54:14','خانه بازی','کارت'),(784,5408,67500,'1398-10-25 14:54:26','خانه بازی','کارت'),(785,5399,75000,'1398-10-25 14:54:54','خانه بازی','کارت'),(786,5136,95000,'1398-10-25 15:19:26','خانه بازی','کارت'),(787,5406,75000,'1398-10-25 15:36:29','خانه بازی','کارت'),(788,5330,75000,'1398-10-25 15:48:42','خانه بازی','کارت'),(789,5402,120000,'1398-10-25 15:55:04','خانه بازی','کارت'),(790,5401,120000,'1398-10-25 15:55:32','خانه بازی','کارت'),(791,5400,120000,'1398-10-25 15:55:50','خانه بازی','کارت'),(792,5411,85000,'1398-10-25 16:26:24','خانه بازی','کارت'),(793,5392,95000,'1398-10-25 17:04:42','خانه بازی','کارت'),(794,473,85500,'1398-10-25 17:05:22','خانه بازی','کارت'),(795,5417,75000,'1398-10-25 17:28:54','خانه بازی','کارت'),(796,5398,95000,'1398-10-25 17:29:08','خانه بازی','کارت'),(797,4667,75000,'1398-10-25 17:29:34','خانه بازی','کارت'),(798,3283,75000,'1398-10-25 17:29:53','خانه بازی','کارت'),(799,5418,75000,'1398-10-25 17:30:35','خانه بازی','کارت'),(800,3284,67500,'1398-10-25 17:30:47','خانه بازی','کارت'),(801,5412,95000,'1398-10-25 17:42:06','خانه بازی','کارت'),(802,3782,100000,'1398-10-25 17:43:39','خانه بازی','کارت'),(803,5409,100000,'1398-10-25 17:44:01','خانه بازی','کارت'),(804,5393,75000,'1398-10-25 17:44:29','خانه بازی','کارت'),(805,4544,75000,'1398-10-25 17:45:44','خانه بازی','کارت'),(806,5395,100000,'1398-10-25 17:46:11','خانه بازی','کارت'),(807,5396,95000,'1398-10-25 17:54:23','خانه بازی','کارت'),(808,5397,85500,'1398-10-25 17:54:42','خانه بازی','کارت'),(809,3901,95000,'1398-10-25 17:59:25','خانه بازی','کارت'),(810,5419,95000,'1398-10-25 17:59:43','خانه بازی','کارت'),(811,5217,105000,'1398-10-25 18:00:34','خانه بازی','کارت'),(812,5218,85500,'1398-10-25 18:00:56','خانه بازی','کارت'),(813,5421,75000,'1398-10-25 18:04:36','خانه بازی','کارت'),(814,5422,75000,'1398-10-25 18:05:40','خانه بازی','کارت'),(815,5420,75000,'1398-10-25 18:06:59','خانه بازی','کارت'),(816,199,75000,'1398-10-25 18:16:22','خانه بازی','کارت'),(817,336,75000,'1398-10-25 18:33:43','خانه بازی','کارت'),(818,2630,75000,'1398-10-25 18:33:54','خانه بازی','کارت'),(819,2632,95000,'1398-10-25 18:34:20','خانه بازی','کارت'),(820,2629,75000,'1398-10-25 18:34:32','خانه بازی','کارت'),(821,258,75000,'1398-10-25 18:34:48','خانه بازی','کارت'),(822,257,75000,'1398-10-25 18:35:02','خانه بازی','کارت'),(823,5428,75000,'1398-10-25 18:35:18','خانه بازی','کارت'),(824,2633,95000,'1398-10-25 18:35:39','خانه بازی','کارت'),(825,5414,95000,'1398-10-25 18:35:54','خانه بازی','کارت'),(826,335,95000,'1398-10-25 18:36:15','خانه بازی','کارت'),(827,2664,75000,'1398-10-25 18:36:31','خانه بازی','کارت'),(828,4965,75000,'1398-10-25 18:51:31','خانه بازی','کارت'),(829,4966,67500,'1398-10-25 18:51:40','خانه بازی','کارت'),(830,5423,75000,'1398-10-25 18:53:15','خانه بازی','کارت'),(831,365,75000,'1398-10-25 18:54:54','خانه بازی','کارت'),(832,5429,67500,'1398-10-25 18:55:36','خانه بازی','کارت'),(833,279,180000,'1398-10-25 19:01:58','خانه بازی','کارت'),(834,3680,150000,'1398-10-25 19:02:21','خانه بازی','کارت'),(835,5415,150000,'1398-10-25 19:07:57','خانه بازی','کارت'),(836,5416,150000,'1398-10-25 19:08:08','خانه بازی','کارت'),(837,5425,95000,'1398-10-25 19:21:10','خانه بازی','کارت'),(838,5427,95000,'1398-10-25 19:22:08','خانه بازی','کارت'),(839,286,95000,'1398-10-25 19:22:26','خانه بازی','کارت'),(840,5430,75000,'1398-10-25 19:49:10','خانه بازی','کارت'),(841,5432,75000,'1398-10-25 19:59:28','خانه بازی','کارت'),(842,5431,75000,'1398-10-25 20:11:17','خانه بازی','کارت'),(843,5391,100000,'1398-10-25 20:35:14','خانه بازی','کارت'),(844,5394,75000,'1398-10-25 20:37:53','خانه بازی','کارت'),(845,4273,75000,'1398-10-25 20:52:34','خانه بازی','کارت'),(846,5433,85500,'1398-10-25 20:54:31','خانه بازی','کارت'),(847,5434,200000,'1398-10-25 20:55:52','خانه بازی','کارت'),(848,4934,75000,'1398-10-25 21:15:48','خانه بازی','کارت'),(849,3735,95000,'1398-10-25 21:21:45','خانه بازی','کارت'),(850,4124,75000,'1398-10-25 21:27:33','خانه بازی','کارت'),(851,4694,120000,'1398-10-25 21:32:21','خانه بازی','کارت'),(852,5437,75000,'1398-10-26 11:12:18','خانه بازی','کارت'),(853,5435,75000,'1398-10-26 11:33:00','خانه بازی','کارت'),(854,524,75000,'1398-10-26 11:43:16','خانه بازی','کارت'),(855,3936,95000,'1398-10-26 12:12:24','خانه بازی','کارت'),(856,303,75000,'1398-10-26 12:32:50','خانه بازی','کارت'),(857,5441,75000,'1398-10-26 12:47:04','خانه بازی','کارت'),(858,2624,75000,'1398-10-26 12:57:48','خانه بازی','کارت'),(859,2623,75000,'1398-10-26 12:57:56','خانه بازی','کارت'),(860,5438,75000,'1398-10-26 12:58:04','خانه بازی','کارت'),(861,5439,95000,'1398-10-26 13:00:28','خانه بازی','کارت'),(862,229,130000,'1398-10-26 13:17:12','خانه بازی','کارت'),(863,5444,75000,'1398-10-26 13:19:40','خانه بازی','کارت'),(864,5445,75000,'1398-10-26 13:36:43','خانه بازی','کارت'),(865,5443,95000,'1398-10-26 13:43:25','خانه بازی','کارت'),(866,5446,75000,'1398-10-26 13:53:51','خانه بازی','کارت'),(867,5447,75000,'1398-10-26 13:54:01','خانه بازی','کارت'),(868,569,75000,'1398-10-26 13:55:22','خانه بازی','کارت'),(869,3926,120000,'1398-10-26 13:55:46','خانه بازی','کارت'),(870,3927,108000,'1398-10-26 13:56:30','خانه بازی','کارت'),(871,5450,75000,'1398-10-26 13:58:30','خانه بازی','کارت'),(872,5451,75000,'1398-10-26 14:01:41','خانه بازی','کارت'),(873,5452,67500,'1398-10-26 14:02:50','خانه بازی','کارت'),(874,3539,95000,'1398-10-26 14:03:45','خانه بازی','کارت'),(875,5442,120000,'1398-10-26 14:06:40','خانه بازی','کارت'),(876,4138,95000,'1398-10-26 14:19:36','خانه بازی','کارت'),(877,5456,75000,'1398-10-26 14:23:17','خانه بازی','کارت'),(878,510,95000,'1398-10-26 15:10:42','خانه بازی','کارت'),(879,5453,120000,'1398-10-26 15:11:05','خانه بازی','کارت'),(880,5448,120000,'1398-10-26 15:15:26','خانه بازی','کارت'),(881,5449,120000,'1398-10-26 15:16:01','خانه بازی','کارت'),(882,5455,95000,'1398-10-26 15:17:39','خانه بازی','کارت'),(883,5454,95000,'1398-10-26 15:17:53','خانه بازی','کارت'),(884,5457,75000,'1398-10-26 15:30:43','خانه بازی','کارت'),(885,4099,80750,'1398-10-26 15:51:27','خانه بازی','کارت'),(886,4099,80750,'1398-10-26 15:51:49','خانه بازی','کارت'),(887,4097,85500,'1398-10-26 15:51:59','خانه بازی','کارت'),(888,4098,95000,'1398-10-26 15:52:08','خانه بازی','کارت'),(889,5440,240000,'1398-10-26 15:55:49','خانه بازی','کارت'),(890,4137,75000,'1398-10-26 16:13:49','خانه بازی','کارت'),(891,3658,95000,'1398-10-26 16:23:21','خانه بازی','کارت'),(892,4003,125000,'1398-10-26 16:57:36','خانه بازی','کارت'),(893,5462,75000,'1398-10-26 17:03:35','خانه بازی','کارت'),(894,4845,120000,'1398-10-26 17:25:13','خانه بازی','کارت'),(895,5467,67500,'1398-10-26 17:25:42','خانه بازی','کارت'),(896,5459,95000,'1398-10-26 17:27:51','خانه بازی','کارت'),(897,5460,67500,'1398-10-26 17:28:05','خانه بازی','کارت'),(898,201,75000,'1398-10-26 17:50:00','خانه بازی','کارت'),(899,3880,67500,'1398-10-26 17:50:16','خانه بازی','کارت'),(900,5466,75000,'1398-10-26 17:51:19','خانه بازی','کارت'),(901,5465,95000,'1398-10-26 17:51:38','خانه بازی','کارت'),(902,5461,75000,'1398-10-26 17:59:33','خانه بازی','کارت'),(903,5473,75000,'1398-10-26 18:06:04','خانه بازی','کارت'),(904,5474,67500,'1398-10-26 18:06:25','خانه بازی','کارت'),(905,5468,75000,'1398-10-26 18:12:13','خانه بازی','کارت'),(906,5469,85000,'1398-10-26 18:17:35','خانه بازی','کارت'),(907,5458,75000,'1398-10-26 18:21:56','خانه بازی','کارت'),(908,233,75000,'1398-10-26 18:24:14','خانه بازی','کارت'),(909,5470,75000,'1398-10-26 18:28:52','خانه بازی','کارت'),(910,5471,67500,'1398-10-26 18:29:05','خانه بازی','کارت'),(911,350,95000,'1398-10-26 18:30:02','خانه بازی','کارت'),(912,4845,60000,'1398-10-26 18:32:17','خانه بازی','کارت'),(913,5463,150000,'1398-10-26 18:32:31','خانه بازی','کارت'),(914,180,95000,'1398-10-26 18:36:14','خانه بازی','کارت'),(915,4840,95000,'1398-10-26 18:38:27','خانه بازی','کارت'),(916,4285,75000,'1398-10-26 18:55:41','خانه بازی','کارت'),(917,5472,95000,'1398-10-26 19:01:06','خانه بازی','کارت'),(918,2532,150000,'1398-10-26 19:02:31','خانه بازی','کارت'),(919,5464,295000,'1398-10-26 19:07:34','خانه بازی','کارت'),(920,209,75000,'1398-10-26 19:13:20','خانه بازی','کارت'),(921,5478,95000,'1398-10-26 19:36:34','خانه بازی','کارت'),(922,5476,95000,'1398-10-26 19:36:50','خانه بازی','کارت'),(923,5477,67500,'1398-10-26 19:37:17','خانه بازی','کارت'),(924,5480,75000,'1398-10-26 19:39:10','خانه بازی','کارت'),(925,5481,75000,'1398-10-26 19:39:46','خانه بازی','کارت'),(926,5484,75000,'1398-10-26 19:42:52','خانه بازی','کارت'),(927,4283,95000,'1398-10-26 19:49:13','خانه بازی','کارت'),(928,3693,75000,'1398-10-26 19:50:39','خانه بازی','کارت'),(929,5482,95000,'1398-10-26 20:06:42','خانه بازی','کارت'),(930,639,75000,'1398-10-26 20:17:22','خانه بازی','کارت'),(931,210,95000,'1398-10-26 20:28:21','خانه بازی','کارت'),(932,252,95000,'1398-10-26 20:34:53','خانه بازی','کارت'),(933,4950,95000,'1398-10-26 20:35:27','خانه بازی','کارت'),(934,332,95000,'1398-10-26 20:36:56','خانه بازی','کارت'),(935,3317,85500,'1398-10-26 20:37:18','خانه بازی','کارت'),(936,213,120000,'1398-10-26 20:38:00','خانه بازی','کارت'),(937,5046,75000,'1398-10-26 20:42:36','خانه بازی','کارت'),(938,5486,75000,'1398-10-26 20:44:24','خانه بازی','کارت'),(939,353,150000,'1398-10-26 20:46:21','خانه بازی','کارت'),(940,352,150000,'1398-10-26 20:46:46','خانه بازی','کارت'),(941,459,150000,'1398-10-26 20:47:11','خانه بازی','کارت'),(942,5489,75000,'1398-10-26 21:00:35','خانه بازی','کارت'),(943,5487,95000,'1398-10-26 21:06:00','خانه بازی','کارت'),(944,5488,95000,'1398-10-26 21:06:41','خانه بازی','کارت'),(945,5267,75000,'1398-10-26 21:09:04','خانه بازی','کارت'),(946,5483,120000,'1398-10-26 21:13:36','خانه بازی','کارت'),(947,5496,75000,'1398-10-26 21:21:31','خانه بازی','کارت'),(948,2811,120000,'1398-10-26 21:23:15','خانه بازی','کارت'),(949,5497,75000,'1398-10-26 21:25:28','خانه بازی','کارت'),(950,5479,190000,'1398-10-26 21:27:38','خانه بازی','کارت'),(951,5501,75000,'1398-10-26 21:29:45','خانه بازی','کارت'),(952,5502,67500,'1398-10-26 21:30:06','خانه بازی','کارت'),(953,4248,75000,'1398-10-26 21:30:31','خانه بازی','کارت'),(954,4249,67500,'1398-10-26 21:30:46','خانه بازی','کارت'),(955,5500,75000,'1398-10-26 21:31:51','خانه بازی','کارت'),(956,5503,75000,'1398-10-26 21:33:26','خانه بازی','کارت'),(957,2596,95000,'1398-10-26 21:34:43','خانه بازی','کارت'),(958,5504,95000,'1398-10-27 12:53:58','خانه بازی','کارت'),(959,5505,85500,'1398-10-27 12:54:34','خانه بازی','کارت'),(960,3538,75000,'1398-10-27 12:54:50','خانه بازی','کارت'),(961,3659,67500,'1398-10-27 12:55:01','خانه بازی','کارت'),(962,3059,75000,'1398-10-27 13:34:33','خانه بازی','کارت'),(963,300,75000,'1398-10-27 13:34:46','خانه بازی','کارت'),(964,301,75000,'1398-10-27 13:34:55','خانه بازی','کارت'),(965,3311,75000,'1398-10-27 13:41:25','خانه بازی','کارت'),(966,5507,95000,'1398-10-27 13:49:30','خانه بازی','کارت'),(967,5506,120000,'1398-10-27 14:07:49','خانه بازی','کارت'),(968,5508,95000,'1398-10-27 14:08:14','خانه بازی','کارت'),(969,5506,120000,'1398-10-27 14:12:05','خانه بازی','کارت'),(970,5509,95000,'1398-10-27 14:29:02','خانه بازی','کارت'),(971,5511,75000,'1398-10-27 14:47:28','خانه بازی','کارت'),(972,5086,95000,'1398-10-27 14:51:34','خانه بازی','کارت'),(973,5513,67500,'1398-10-27 14:52:24','خانه بازی','کارت'),(974,5512,75000,'1398-10-27 14:54:49','خانه بازی','کارت'),(975,2811,120000,'1398-10-27 14:59:20','خانه بازی','کارت'),(976,424,95000,'1398-10-27 15:20:52','خانه بازی','کارت'),(977,548,67500,'1398-10-27 15:21:00','خانه بازی','کارت'),(978,5510,95000,'1398-10-27 15:30:27','خانه بازی','کارت'),(979,5514,95000,'1398-10-27 15:48:07','خانه بازی','کارت'),(980,5515,75000,'1398-10-27 15:48:35','خانه بازی','کارت'),(981,5515,75000,'1398-10-27 15:48:47','خانه بازی','کارت'),(982,5516,67500,'1398-10-27 15:49:01','خانه بازی','کارت'),(983,5517,75000,'1398-10-27 16:01:39','خانه بازی','کارت'),(984,5518,67500,'1398-10-27 16:01:46','خانه بازی','کارت'),(985,245,120000,'1398-10-27 16:05:31','خانه بازی','کارت'),(986,4090,150000,'1398-10-27 16:06:23','خانه بازی','کارت'),(987,4091,135000,'1398-10-27 16:06:36','خانه بازی','کارت'),(988,5519,75000,'1398-10-27 16:27:11','خانه بازی','کارت'),(989,3315,67500,'1398-10-27 16:46:09','خانه بازی','کارت'),(990,218,120000,'1398-10-27 16:47:43','خانه بازی','کارت'),(991,5524,75000,'1398-10-27 17:11:00','خانه بازی','کارت'),(992,424,60000,'1398-10-27 17:11:31','خانه بازی','کارت'),(993,5523,75000,'1398-10-27 17:16:40','خانه بازی','کارت'),(994,5520,120000,'1398-10-27 17:18:35','خانه بازی','کارت'),(995,5521,115000,'1398-10-27 17:19:18','خانه بازی','کارت'),(996,274,120000,'1398-10-27 17:54:11','خانه بازی','کارت'),(997,275,108000,'1398-10-27 17:54:37','خانه بازی','کارت'),(998,5525,95000,'1398-10-27 18:01:24','خانه بازی','کارت'),(999,5529,75000,'1398-10-27 18:03:36','خانه بازی','کارت'),(1000,5528,75000,'1398-10-27 18:09:45','خانه بازی','کارت'),(1001,5522,150000,'1398-10-27 18:15:08','خانه بازی','کارت'),(1002,5530,75000,'1398-10-27 18:26:07','خانه بازی','کارت'),(1003,5239,75000,'1398-10-27 18:29:24','خانه بازی','کارت'),(1004,5532,75000,'1398-10-27 18:32:22','خانه بازی','کارت'),(1005,5526,120000,'1398-10-27 18:37:24','خانه بازی','کارت'),(1006,5527,120000,'1398-10-27 18:37:38','خانه بازی','کارت'),(1007,3789,75000,'1398-10-27 18:43:24','خانه بازی','کارت'),(1008,5533,75000,'1398-10-27 18:45:56','خانه بازی','کارت'),(1009,5536,75000,'1398-10-27 18:46:38','خانه بازی','کارت'),(1010,5534,75000,'1398-10-27 18:48:46','خانه بازی','کارت'),(1011,5535,67500,'1398-10-27 18:48:57','خانه بازی','کارت'),(1012,2998,95000,'1398-10-27 18:58:51','خانه بازی','کارت'),(1013,5531,120000,'1398-10-27 19:13:01','خانه بازی','کارت'),(1014,4871,95000,'1398-10-27 19:18:07','خانه بازی','کارت'),(1015,5539,75000,'1398-10-27 19:26:28','خانه بازی','کارت'),(1016,5538,75000,'1398-10-27 19:26:52','خانه بازی','کارت'),(1017,5545,75000,'1398-10-27 19:40:17','خانه بازی','کارت'),(1018,5537,95000,'1398-10-27 19:41:18','خانه بازی','کارت'),(1019,5540,75000,'1398-10-27 19:46:28','خانه بازی','کارت'),(1020,5543,75000,'1398-10-27 19:49:22','خانه بازی','کارت'),(1021,5542,75000,'1398-10-27 19:49:40','خانه بازی','کارت'),(1022,5541,75000,'1398-10-27 19:50:00','خانه بازی','کارت'),(1023,217,75000,'1398-10-27 19:50:46','خانه بازی','کارت'),(1024,5544,75000,'1398-10-27 19:51:07','خانه بازی','کارت'),(1025,4493,95000,'1398-10-27 19:52:42','خانه بازی','کارت'),(1026,2855,75000,'1398-10-27 19:55:26','خانه بازی','کارت'),(1027,3822,75000,'1398-10-27 19:58:41','خانه بازی','کارت'),(1028,3823,67500,'1398-10-27 19:58:53','خانه بازی','کارت'),(1029,5548,75000,'1398-10-27 20:00:08','خانه بازی','کارت'),(1030,3772,150000,'1398-10-27 20:02:12','خانه بازی','کارت'),(1031,5546,95000,'1398-10-27 20:20:21','خانه بازی','کارت'),(1032,5547,95000,'1398-10-27 20:22:26','خانه بازی','کارت'),(1033,4567,95000,'1398-10-27 20:29:35','خانه بازی','کارت'),(1034,5549,95000,'1398-10-27 20:56:42','خانه بازی','کارت'),(1035,383,95000,'1398-10-27 21:06:36','خانه بازی','کارت'),(1036,5068,75000,'1398-10-27 21:18:00','خانه بازی','کارت'),(1037,5550,75000,'1398-10-27 21:18:24','خانه بازی','کارت'),(1038,5555,75000,'1398-10-27 21:18:49','خانه بازی','کارت'),(1039,5551,75000,'1398-10-27 21:20:23','خانه بازی','کارت'),(1040,5552,75000,'1398-10-27 21:21:05','خانه بازی','کارت'),(1041,5553,75000,'1398-10-27 21:21:40','خانه بازی','کارت'),(1042,5554,75000,'1398-10-27 21:23:35','خانه بازی','کارت'),(1043,4168,75000,'1398-10-27 21:27:08','خانه بازی','کارت'),(1044,2597,85500,'1398-10-27 21:31:13','خانه بازی','کارت'),(1045,2598,150000,'1398-10-27 21:31:26','خانه بازی','کارت'),(1046,3324,95000,'1398-10-27 21:32:54','خانه بازی','کارت'),(1047,2596,120000,'1398-10-27 21:33:53','خانه بازی','کارت'),(1048,4958,150000,'1398-10-27 21:34:35','خانه بازی','کارت'),(1049,5362,95000,'1398-10-28 12:36:57','خانه بازی','کارت'),(1050,5556,95000,'1398-10-28 12:37:28','خانه بازی','کارت'),(1051,5557,95000,'1398-10-28 12:37:36','خانه بازی','کارت'),(1052,369,75000,'1398-10-28 12:38:01','خانه بازی','کارت'),(1053,5560,77500,'1398-10-28 12:53:44','خانه بازی','کارت'),(1054,5558,95000,'1398-10-28 12:53:51','خانه بازی','کارت'),(1055,5559,95000,'1398-10-28 13:11:20','خانه بازی','کارت'),(1056,5563,75000,'1398-10-28 13:45:17','خانه بازی','کارت'),(1057,5561,75000,'1398-10-28 14:05:36','خانه بازی','کارت'),(1058,5200,120000,'1398-10-28 14:08:12','خانه بازی','کارت'),(1059,5562,95000,'1398-10-28 14:11:04','خانه بازی','کارت'),(1060,5564,75000,'1398-10-28 14:19:13','خانه بازی','کارت'),(1061,3833,120000,'1398-10-28 14:48:56','خانه بازی','کارت'),(1062,3547,0,'1398-10-28 15:26:13','خانه بازی','کارت'),(1063,5388,95000,'1398-10-28 16:14:28','خانه بازی','کارت'),(1064,5565,95000,'1398-10-28 16:24:52','خانه بازی','کارت'),(1065,3659,120000,'1398-10-28 16:25:03','خانه بازی','کارت'),(1066,484,95000,'1398-10-28 16:25:19','خانه بازی','کارت'),(1067,485,85500,'1398-10-28 16:25:34','خانه بازی','کارت'),(1068,3578,75000,'1398-10-28 16:56:29','خانه بازی','کارت'),(1069,2556,75000,'1398-10-28 18:34:38','خانه بازی','کارت'),(1070,4032,75000,'1398-10-28 18:35:08','خانه بازی','کارت'),(1071,415,75000,'1398-10-28 18:35:19','خانه بازی','کارت'),(1072,3772,120000,'1398-10-28 19:20:37','خانه بازی','کارت'),(1073,5568,75000,'1398-10-28 19:54:01','خانه بازی','کارت'),(1074,5567,95000,'1398-10-28 19:58:08','خانه بازی','کارت'),(1075,458,95000,'1398-10-28 19:58:17','خانه بازی','کارت'),(1076,5219,75000,'1398-10-28 20:04:47','خانه بازی','کارت'),(1077,5566,135000,'1398-10-28 20:10:12','خانه بازی','کارت'),(1078,5569,75000,'1398-10-28 20:24:25','خانه بازی','کارت'),(1079,5570,75000,'1398-10-28 20:24:36','خانه بازی','کارت'),(1080,3788,95000,'1398-10-28 20:33:40','خانه بازی','کارت'),(1081,5571,75000,'1398-10-28 20:43:44','خانه بازی','کارت'),(1082,5571,75000,'1398-10-28 20:57:36','خانه بازی','کارت');
/*!40000 ALTER TABLE `payment` ENABLE KEYS */;
UNLOCK TABLES;

--
-- Table structure for table `person`
--

DROP TABLE IF EXISTS `person`;
/*!40101 SET @saved_cs_client     = @@character_set_client */;
/*!40101 SET character_set_client = utf8 */;
CREATE TABLE `person` (
  `p_id` int(11) NOT NULL AUTO_INCREMENT,
  `p_name` varchar(15) DEFAULT NULL COMMENT 'نام',
  `p_family` varchar(15) DEFAULT NULL COMMENT 'نام خانوادگی',
  `p_fname` varchar(15) DEFAULT NULL COMMENT 'نام پدر',
  `p_birth` date DEFAULT NULL COMMENT 'تاریخ تولد',
  `p_code` varchar(15) DEFAULT NULL COMMENT 'کد اشتراک',
  `p_gender` tinyint(1) NOT NULL COMMENT 'جنسیت',
  `p_mobile` varchar(15) DEFAULT NULL COMMENT 'موبایل',
  `p_sharj` smallint(6) DEFAULT '0' COMMENT 'شارژ به دقیقه',
  `p_expire` date DEFAULT NULL COMMENT 'تاریخ انقضا',
  `p_pack` int(3) DEFAULT '0' COMMENT 'بسته',
  `p_regdate` date DEFAULT NULL COMMENT 'تاریخ عضویت',
  `p_commitment` date DEFAULT NULL COMMENT 'تعهدنامه',
  PRIMARY KEY (`p_id`)
) ENGINE=InnoDB AUTO_INCREMENT=5573 DEFAULT CHARSET=utf8;
/*!40101 SET character_set_client = @saved_cs_client */;

--
-- Dumping data for table `person`
--

LOCK TABLES `person` WRITE;
/*!40000 ALTER TABLE `person` DISABLE KEYS */;
INSERT INTO `person` (`p_id`, `p_name`, `p_family`, `p_fname`, `p_birth`, `p_code`, `p_gender`, `p_mobile`, `p_sharj`, `p_expire`, `p_pack`, `p_regdate`, `p_commitment`) VALUES (180,'دانیال ','هرمزی','','1394-10-19','',1,'09121905866',0,'0000-00-00',0,'0000-00-00','0000-00-00'),(181,'امیرطاها','مطهری','','1393-05-22','',1,'09121105445',0,'0000-00-00',0,'0000-00-00','0000-00-00'),(182,'پارسا','پاکت چیان','','1390-02-28','',1,'09121105445',0,'0000-00-00',0,'0000-00-00','0000-00-00'),(183,'هلیا ','پاکت چیان','','1385-02-28','',0,'09121105445',0,'0000-00-00',0,'0000-00-00','0000-00-00'),(184,'امیرمهدی','مفیدنژاد','','1390-11-16','',1,'09121105445',0,'0000-00-00',0,'0000-00-00','0000-00-00'),(185,'گندم','جودکی','','1395-10-19','',0,'09121391911',0,'0000-00-00',0,'0000-00-00','0000-00-00'),(186,'پندار','شایگان','','1395-09-30','',0,'09128474347',0,'0000-00-00',0,'0000-00-00','0000-00-00'),(187,'مایا','بهزادنیا','','1395-10-05','',0,'09121997742',0,'0000-00-00',0,'0000-00-00','0000-00-00'),(188,'هومان','رشیدی','','0000-00-00','',0,'09122833394',0,'0000-00-00',0,'0000-00-00','0000-00-00'),(189,'امیرعلی','مفیدنژاد','','1385-08-22','',0,'09121105445',0,'0000-00-00',0,'0000-00-00','0000-00-00'),(190,'طاها','خجسته','','1390-12-05','',1,'9121105445',0,'0000-00-00',0,'0000-00-00','0000-00-00'),(191,'دنیا','خجسته','','1385-10-24','',0,'09121105445',0,'0000-00-00',0,'0000-00-00','0000-00-00'),(192,'یاسمن','جعفریان','','1390-12-25','',0,'09121105445',0,'0000-00-00',0,'0000-00-00','0000-00-00'),(193,'ثمینا','جعفریان','','1396-02-28','',0,'09121105445',0,'0000-00-00',0,'0000-00-00','0000-00-00'),(194,'شاینا','شاهکار','','1396-10-30','',0,'09203193427',0,'0000-00-00',0,'0000-00-00','0000-00-00'),(195,'سام','حسامی','','1395-07-29','',0,'09127165186',0,'0000-00-00',0,'0000-00-00','0000-00-00'),(196,'تامیاز','پری لی','','1395-10-15','',0,'09121269167',0,'0000-00-00',0,'0000-00-00','0000-00-00'),(197,'لیلی رز','حدادزاده','','1396-12-09','',0,'09121245599',0,'0000-00-00',0,'0000-00-00','0000-00-00'),(199,'اروین','کروندیان','','1396-09-09','',0,'09124264272',0,'0000-00-00',0,'0000-00-00','0000-00-00'),(200,'کیانا','کروندیان','','1394-10-15','',0,'09124264272',0,'0000-00-00',0,'0000-00-00','0000-00-00'),(201,'برسام','عظیمی','','1393-08-04','',0,'09121974612',0,'0000-00-00',0,'0000-00-00','0000-00-00'),(202,'امیررضا','هدایی','','1392-08-14','',0,'09123572559',0,'0000-00-00',0,'0000-00-00','0000-00-00'),(203,'سام','حبیب الهیان','','1394-05-01','',1,'09122238928',0,'0000-00-00',0,'0000-00-00','0000-00-00'),(204,'برنا','قرایتی','','1396-08-03','',0,'09126893961',0,'0000-00-00',0,'0000-00-00','0000-00-00'),(205,'دنیز','قاسمی','','1395-01-01','',0,'09127983627',0,'0000-00-00',0,'0000-00-00','0000-00-00'),(206,'رایان ','شکوری','','1395-10-25','',0,'09127983627',0,'0000-00-00',0,'0000-00-00','0000-00-00'),(207,'ویهان','چراغی','','1397-07-07','',0,'09122062270',0,'0000-00-00',0,'0000-00-00','0000-00-00'),(208,'هویار','درجاتی','','1395-03-16','',0,'09122078001',0,'0000-00-00',0,'0000-00-00','0000-00-00'),(209,'لیانا','اریایی پور','','1392-09-24','',0,'09123465491',0,'0000-00-00',0,'0000-00-00','0000-00-00'),(210,'دلینا','خیامی','','1394-04-01','',0,'09121835378',0,'0000-00-00',0,'0000-00-00','0000-00-00'),(211,'ستایش','مرزبان','','1391-08-25','',0,'09122154126',0,'0000-00-00',0,'0000-00-00','0000-00-00'),(212,'امیرعباس','مرزبان','','1396-02-13','',0,'09122154126',0,'0000-00-00',0,'0000-00-00','0000-00-00'),(213,'پرستش','پارسارخ','','1392-06-24','',0,'09122176858',0,'0000-00-00',0,'0000-00-00','0000-00-00'),(214,'نهال','یزدی','','1392-01-08','',0,'09133156080',0,'0000-00-00',0,'0000-00-00','0000-00-00'),(215,'اندریا','جابریان','','1393-08-18','',0,'09121582618',0,'0000-00-00',0,'0000-00-00','0000-00-00'),(216,'رونیکا','رییس فیروز','','1394-05-11','',0,'09121582618',0,'0000-00-00',0,'0000-00-00','0000-00-00'),(217,'رایان','مظاهری','','1395-01-27','',0,'09121981660',0,'0000-00-00',0,'0000-00-00','0000-00-00'),(218,'لیلین','شهلاوی','','1394-07-14','',0,'09126666363',0,'0000-00-00',0,'0000-00-00','0000-00-00'),(219,'لیا','لاویا','','1394-11-26','',0,'09121716810',0,'0000-00-00',0,'0000-00-00','0000-00-00'),(220,'پرنسا','شیرازی','','1396-06-28','',0,'9123495422',0,'0000-00-00',0,'0000-00-00','0000-00-00'),(221,'کامراد','کاردان پور','','1396-01-22','',0,'09121956040',1183,'1398-11-24',36,'0000-00-00','0000-00-00'),(222,'درسا','محمد','','1393-10-25','',0,'09126236608',0,'0000-00-00',0,'0000-00-00','0000-00-00'),(223,'مهرسا','محمد','','1393-10-25','',0,'09126236608',0,'0000-00-00',0,'0000-00-00','0000-00-00'),(224,'ویهان','زلف خانی','','1397-09-22','',0,'09126540789',0,'0000-00-00',0,'0000-00-00','0000-00-00'),(225,'سزار','اشتیانی','','1395-09-02','',0,'09128992184',0,'0000-00-00',0,'0000-00-00','0000-00-00'),(226,'گیسو','ساحلی','','1397-06-10','',0,'09124934108',0,'0000-00-00',0,'0000-00-00','0000-00-00'),(227,'کوشا','جهانشاه','','1397-05-30','',0,'09121793448',0,'0000-00-00',0,'0000-00-00','0000-00-00'),(228,'لیانا ','قویمی','','1394-10-12','',0,'09123122933',0,'0000-00-00',0,'0000-00-00','0000-00-00'),(229,'سوفیا','گنجه خسروی','','1396-09-27','',0,'09123252668',0,'0000-00-00',0,'0000-00-00','0000-00-00'),(230,'هانا','فقیه','','1397-01-01','',0,'09128099800',0,'0000-00-00',0,'0000-00-00','0000-00-00'),(231,'مهردانا','پارسا','','1396-03-24','',0,'09127189890',0,'0000-00-00',0,'0000-00-00','0000-00-00'),(232,'اروشا','میرزایی','','1395-10-26','',0,'09122803393',0,'0000-00-00',0,'0000-00-00','0000-00-00'),(233,'مه یاس','اعلایی','','1392-02-25','',0,'9123254480',0,'0000-00-00',0,'0000-00-00','0000-00-00'),(235,'اران ','صراف','','1394-06-11','',0,'',0,'0000-00-00',0,'0000-00-00','0000-00-00'),(236,'نامی','زهتاب','','1394-05-14','',0,'',0,'0000-00-00',0,'0000-00-00','0000-00-00'),(237,'سما','سلطانی','','1393-03-22','',0,'09123242695',0,'0000-00-00',0,'0000-00-00','0000-00-00'),(238,'ادرین','حجازی','','1397-04-15','',0,'09121248543',0,'0000-00-00',0,'0000-00-00','0000-00-00'),(239,'جانان','گهوارهچی','','1397-03-10','',0,'09126666252',0,'0000-00-00',0,'0000-00-00','0000-00-00'),(240,'دانیال','ال کثیر','','1395-10-21','',0,'09121144439',0,'0000-00-00',0,'0000-00-00','0000-00-00'),(241,'مانی','جعفری','','1397-01-21','',0,'09124466507',0,'0000-00-00',0,'0000-00-00','0000-00-00'),(242,'رها','احری','','1392-05-06','',0,'09126546090',0,'0000-00-00',0,'0000-00-00','0000-00-00'),(243,'امیراریا','فتحی','','1396-10-08','',0,'09125792784',0,'0000-00-00',0,'0000-00-00','0000-00-00'),(244,'عابس','دامغانیان','','1396-03-06','',0,'09128581685',0,'0000-00-00',0,'0000-00-00','0000-00-00'),(245,'مهرسانا','رسولی','','1393-09-04','',0,'09125305314',0,'0000-00-00',0,'0000-00-00','0000-00-00'),(246,'فریماه','رسولی','','1397-01-20','',0,'09125305314',0,'0000-00-00',0,'0000-00-00','0000-00-00'),(247,'نامی','انوریه','','1397-08-04','',0,'09125701738',0,'0000-00-00',0,'0000-00-00','0000-00-00'),(248,'المان','بنازاده','','1392-07-29','',0,'09121501329',0,'0000-00-00',0,'0000-00-00','0000-00-00'),(249,'الشن','بنازاده','','1394-03-03','',0,'09121501329',0,'0000-00-00',0,'0000-00-00','0000-00-00'),(250,'سام','رونده','','1395-12-20','',0,'09121305380',0,'0000-00-00',0,'0000-00-00','0000-00-00'),(251,'نیکا','قاسمیان','','1394-01-29','',0,'09121225812',0,'0000-00-00',0,'0000-00-00','0000-00-00'),(252,'رز','غفوری','','1394-04-22','',0,'09132880616',0,'0000-00-00',0,'0000-00-00','0000-00-00'),(253,'رادمهر','طالب نیا','','1393-07-23','',0,'09121193967',0,'0000-00-00',0,'0000-00-00','0000-00-00'),(254,'برسام','ارسطو','','1396-04-08','',0,'09126990228',0,'0000-00-00',0,'0000-00-00','0000-00-00'),(255,'هویار','خزاعی','','1393-10-12','',0,'09126480409',0,'0000-00-00',0,'0000-00-00','0000-00-00'),(256,'پرنسا','خزاعی','','1395-05-14','',0,'09126480409',0,'0000-00-00',0,'0000-00-00','0000-00-00'),(257,'سلین','محلاتی','','0000-00-00','',0,'09121544281',0,'0000-00-00',0,'0000-00-00','0000-00-00'),(258,'ارتین','محلاتی','','1392-10-22','',0,'09121544281',0,'0000-00-00',0,'0000-00-00','0000-00-00'),(259,'امیتیس','دایی زاده','','0000-00-00','',0,'09121949786',0,'0000-00-00',0,'0000-00-00','0000-00-00'),(260,'نیکی','میزان','','0000-00-00','',0,'09125383547',0,'0000-00-00',0,'0000-00-00','0000-00-00'),(261,'مانی','میزان','','0000-00-00','',0,'09125383547',0,'0000-00-00',0,'0000-00-00','0000-00-00'),(262,'لیا','کاهه','','1394-11-26','',0,'09121197526',0,'0000-00-00',0,'0000-00-00','0000-00-00'),(263,'لاویا','کاهه','','1396-10-26','',0,'09121197526',0,'0000-00-00',0,'0000-00-00','0000-00-00'),(264,'شاهان','خطایی','','1396-03-25','',0,'09121416585',0,'0000-00-00',0,'0000-00-00','0000-00-00'),(265,'پاشا','خطایی','','1388-11-09','',0,'09121416585',0,'0000-00-00',0,'0000-00-00','0000-00-00'),(267,'ثنا','روحی','','1394-03-03','',0,'09125047237',0,'0000-00-00',0,'0000-00-00','0000-00-00'),(268,'علیرضا','روحی','','1391-05-17','',0,'09125047237',0,'0000-00-00',0,'0000-00-00','0000-00-00'),(269,'ملورین','یوسفی','','1396-09-15','',0,'09121578879',0,'0000-00-00',0,'0000-00-00','0000-00-00'),(270,'مهدیس','موسوی','','0000-00-00','',0,'09123757035',0,'0000-00-00',0,'0000-00-00','0000-00-00'),(271,'هانا','موسوی','','0000-00-00','',0,'09123757035',0,'0000-00-00',0,'0000-00-00','0000-00-00'),(272,'حامی','هادیان','','0000-00-00','',0,'09123854930',0,'0000-00-00',0,'0000-00-00','0000-00-00'),(274,'مانلی','کریمی','','1395-05-25','',0,'09122571078',0,'0000-00-00',0,'0000-00-00','0000-00-00'),(275,'ملورین','کریمی','','1397-01-28','',0,'09122571078',0,'0000-00-00',0,'0000-00-00','0000-00-00'),(276,'رستان','سلیمی','','1397-01-02','',0,'09123406038',0,'0000-00-00',0,'0000-00-00','0000-00-00'),(277,'ملورین','اصفهانی','','1397-08-08','',0,'09121117234',0,'0000-00-00',0,'0000-00-00','0000-00-00'),(278,'سوفیا','خسروی','','1396-09-27','',0,'09126088517',0,'0000-00-00',0,'0000-00-00','0000-00-00'),(279,'نیکا','فرهنگ','','0000-00-00','',0,'09122485532',0,'0000-00-00',0,'0000-00-00','0000-00-00'),(280,'لیانا','مهدی زاده','','1395-09-25','',0,'09121244337',0,'0000-00-00',0,'0000-00-00','0000-00-00'),(281,'سلین','رجبی','','1393-10-11','',0,'09121395216',0,'0000-00-00',0,'0000-00-00','0000-00-00'),(282,'رایان','قوامی','','1396-02-17','',0,'09122477651',0,'0000-00-00',0,'0000-00-00','0000-00-00'),(283,'رهام','قوامی','','1394-03-11','',0,'09122477651',0,'0000-00-00',0,'0000-00-00','0000-00-00'),(284,'لیلی','مدی','','1396-09-23','',0,'09121951142',0,'0000-00-00',0,'0000-00-00','0000-00-00'),(286,'سوفی','طریقت','','1396-11-27','',0,'09122432427',0,'0000-00-00',0,'0000-00-00','0000-00-00'),(287,'ماکان','کشوری','','1397-03-07','',0,'09338274215',0,'0000-00-00',0,'0000-00-00','0000-00-00'),(288,'اوا','مقدم','','1396-08-05','',0,'09120156757',0,'0000-00-00',0,'0000-00-00','0000-00-00'),(289,'امیرپاشا','اقدم','','1396-03-12','',0,'09121106668',0,'0000-00-00',0,'0000-00-00','0000-00-00'),(290,'نفس','باوقاریان','','0000-00-00','',0,'09123207085',0,'0000-00-00',0,'0000-00-00','0000-00-00'),(291,'ویهان','میرفیضی','','1393-11-08','',0,'09113359177',0,'0000-00-00',0,'0000-00-00','0000-00-00'),(292,'رایان','علیزاده','','1396-05-31','',0,'09124388636',0,'0000-00-00',0,'0000-00-00','0000-00-00'),(293,'نامی','امجدی','','1396-11-03','',0,'09123119097',0,'0000-00-00',0,'0000-00-00','0000-00-00'),(294,'نورا','بیات','','1397-07-05','',0,'09121115803',0,'0000-00-00',0,'0000-00-00','0000-00-00'),(295,'دیانا','ثناگو','','0000-00-00','',0,'09125000768',0,'0000-00-00',0,'0000-00-00','0000-00-00'),(296,'نیکو','ایزدی','','1397-02-02','',0,'09122832788',0,'0000-00-00',0,'0000-00-00','0000-00-00'),(297,'شاهین','بهادری','','0000-00-00','',0,'09128149500',0,'0000-00-00',0,'0000-00-00','0000-00-00'),(298,'علیرضا','خدابخشی','','1396-01-13','',0,'09195372702',0,'0000-00-00',0,'0000-00-00','0000-00-00'),(299,'زهرا','محبوبی','','1397-03-28','',0,'09213681729',0,'0000-00-00',0,'0000-00-00','0000-00-00'),(300,'ارمان','کاشی','','0000-00-00','',0,'09123223551',0,'0000-00-00',0,'0000-00-00','0000-00-00'),(301,'باران','کاشی','','0000-00-00','',0,'09123223551',0,'0000-00-00',0,'0000-00-00','0000-00-00'),(302,'هاوری','خلیل زاده','','1396-11-25','',0,'',0,'0000-00-00',0,'0000-00-00','0000-00-00'),(303,'هامون','زند','','1396-08-02','',0,'09124968726',0,'0000-00-00',0,'0000-00-00','0000-00-00'),(304,'رز','حلاج مفرد','','1393-04-17','',0,'09131625446',0,'0000-00-00',0,'0000-00-00','0000-00-00'),(305,'اریا','جواهری','','1396-09-29','',0,'09122045416',0,'0000-00-00',0,'0000-00-00','0000-00-00'),(306,'روشا','جعفری','','1394-07-07','',0,'09122984688',0,'0000-00-00',0,'0000-00-00','0000-00-00'),(307,'دلارام','عرفانیان','','0000-00-00','',0,'09111151757',0,'0000-00-00',0,'0000-00-00','0000-00-00'),(308,'رایان','روحانی','','1395-09-04','',0,'09121137828',0,'0000-00-00',0,'0000-00-00','0000-00-00'),(309,'دوریس','خانیانی','','1397-08-08','',0,'09120636370',0,'0000-00-00',0,'0000-00-00','0000-00-00'),(310,'الیزا','عظیمی','','1397-08-27','',0,'09128343598',0,'0000-00-00',0,'0000-00-00','0000-00-00'),(311,'نیلان','ابوالفتحی','','0000-00-00','',0,'',0,'0000-00-00',0,'0000-00-00','0000-00-00'),(312,'سلین','زارعی','','1395-02-14','',0,'',0,'0000-00-00',0,'0000-00-00','0000-00-00'),(313,'دایانا','حقانی','','1394-08-01','',0,'09123252842',0,'0000-00-00',0,'0000-00-00','0000-00-00'),(314,'هلنا','حقانی','','1393-05-08','',0,'09123252842',0,'0000-00-00',0,'0000-00-00','0000-00-00'),(315,'النا','دارابی','','1396-04-16','',0,'09122452933',0,'0000-00-00',0,'0000-00-00','0000-00-00'),(316,'پارمیسا','حقانی','','1396-05-03','',0,'09123252842',0,'0000-00-00',0,'0000-00-00','0000-00-00'),(317,'امیرارمیا','ملک زاده','','1396-08-28','',0,'09122896837',0,'0000-00-00',0,'0000-00-00','0000-00-00'),(318,'مایا','بهزادنیا','','1395-10-05','',0,'09126841892',0,'0000-00-00',0,'0000-00-00','0000-00-00'),(319,'اریو','علیخانی','','1396-01-27','',0,'09128435863',0,'0000-00-00',0,'0000-00-00','0000-00-00'),(320,'النا','امیرهمایون','','0000-00-00','',0,'09125935754',0,'0000-00-00',0,'0000-00-00','0000-00-00'),(321,'کیان','امیرهمایون','','1395-09-25','',0,'09125935754',0,'0000-00-00',0,'0000-00-00','0000-00-00'),(322,'ادرین','حسام زاده','','1397-12-16','',0,'09123009830',0,'0000-00-00',0,'0000-00-00','0000-00-00'),(323,'نیکا','تربتی','','1396-09-07','',0,'09121166157',0,'0000-00-00',0,'0000-00-00','0000-00-00'),(324,'رادین','امیری','','1395-05-01','',0,'09126086319',0,'0000-00-00',0,'0000-00-00','0000-00-00'),(325,'دانیال','فرزامی','','1393-11-05','',0,'09121497127',0,'0000-00-00',0,'0000-00-00','0000-00-00'),(326,'نیکی','عباسی','','1395-03-18','',0,'09122591592',0,'0000-00-00',0,'0000-00-00','0000-00-00'),(327,'ساشا','عصرازاد','','1396-01-29','',0,'09123205328',0,'0000-00-00',0,'0000-00-00','0000-00-00'),(328,'نوا','گورحلی','','1392-10-15','',0,'09123253125',0,'0000-00-00',0,'0000-00-00','0000-00-00'),(329,'یاشا','فتحعلی پور','','1392-09-05','',0,'09123456916',0,'0000-00-00',0,'0000-00-00','0000-00-00'),(330,'دنیا','ارومچی','','1392-08-19','',0,'09122060473',0,'0000-00-00',0,'0000-00-00','0000-00-00'),(331,'فاطمه','مرادی','','1392-09-30','',0,'09122995507',0,'0000-00-00',0,'0000-00-00','0000-00-00'),(332,'رز','تقوایی','','0000-00-00','',0,'09123481595',0,'0000-00-00',0,'0000-00-00','0000-00-00'),(333,'بارانا','نوری صفت','','1394-11-28','',0,'09356049007',0,'0000-00-00',0,'0000-00-00','0000-00-00'),(334,'بامداد','خالقیان','','1393-03-03','',0,'09122134044',0,'0000-00-00',0,'0000-00-00','0000-00-00'),(335,'ادرین','مینایی','','1392-12-14','',0,'09121325853',0,'0000-00-00',0,'0000-00-00','0000-00-00'),(336,'اریو','مینایی','','1398-09-01','',0,'09121325853',0,'0000-00-00',0,'0000-00-00','0000-00-00'),(337,'نیلا','اورنگ','','1394-09-22','',0,'09123599885',0,'0000-00-00',0,'0000-00-00','0000-00-00'),(338,'اوا','اکبری','','1397-07-03','',0,'09123339802',0,'0000-00-00',0,'0000-00-00','0000-00-00'),(339,'لیانا','ثانی','','1395-08-18','',0,'09121123632',0,'0000-00-00',0,'0000-00-00','0000-00-00'),(340,'افرا','رستمی','','1396-12-28','',0,'09122105452',0,'0000-00-00',0,'0000-00-00','0000-00-00'),(341,'روژان','بهزادپور','','1396-12-29','',0,'09121344577',0,'0000-00-00',0,'0000-00-00','0000-00-00'),(342,'سما','قاسمی','','1390-10-04','',0,'09123885015',0,'0000-00-00',0,'0000-00-00','0000-00-00'),(343,'رکسانا','هاشمی','','1394-02-19','',0,'09101224026',0,'0000-00-00',0,'0000-00-00','0000-00-00'),(344,'اریا','پی سپار','','1393-09-04','',0,'09121871705',0,'0000-00-00',0,'0000-00-00','0000-00-00'),(345,'ارمین','پی سپار','','1397-04-14','',0,'09121871705',0,'0000-00-00',0,'0000-00-00','0000-00-00'),(346,'نیکی','سلیمانی','','1396-02-17','',0,'09123940023',0,'0000-00-00',0,'0000-00-00','0000-00-00'),(347,'ارمان','میردامادی','','1395-08-02','',0,'09123200980',0,'0000-00-00',0,'0000-00-00','0000-00-00'),(348,'جانیار','موقتیان','','1397-01-01','',0,'09124147283',0,'0000-00-00',0,'0000-00-00','0000-00-00'),(349,'نیلا','مطلق','','1397-11-06','',0,'09125397226',0,'0000-00-00',0,'0000-00-00','0000-00-00'),(350,'بهار','شاه پری','','1396-04-12','',0,'',0,'0000-00-00',0,'0000-00-00','0000-00-00'),(351,'درسا','سپهربند','','1397-09-30','',0,'09126066197',0,'0000-00-00',0,'0000-00-00','0000-00-00'),(352,'دوریتا','پیروی','','1393-12-17','',0,'09123239653',0,'0000-00-00',0,'0000-00-00','0000-00-00'),(353,'نامی','مهدوی','','1396-01-26','',0,'09123200980',0,'0000-00-00',0,'0000-00-00','0000-00-00'),(354,'ماکان','حمیدی','','1395-06-01','',0,'09352000625',0,'0000-00-00',0,'0000-00-00','0000-00-00'),(356,'اوا','سطوت','','1397-05-11','',0,'09122255534',0,'0000-00-00',0,'0000-00-00','0000-00-00'),(357,'برسام','ابش زاده','','1397-05-17','',0,'09127374889',0,'0000-00-00',0,'0000-00-00','0000-00-00'),(358,'پرنسا','محمودنژاد','','1395-04-15','',0,'09123363644',0,'0000-00-00',0,'0000-00-00','0000-00-00'),(359,'رادین','شریفی','','1394-03-03','',0,'09128171793',0,'0000-00-00',0,'0000-00-00','0000-00-00'),(360,'محمدکسری','ملک زاده','','1393-10-24','',0,'09128459180',0,'0000-00-00',0,'0000-00-00','0000-00-00'),(361,'مهرایین','کریمیان','','1394-12-27','',0,'09122066795',0,'0000-00-00',0,'0000-00-00','0000-00-00'),(362,'گندم','اخوان','','1394-06-26','',0,'09121407025',0,'0000-00-00',0,'0000-00-00','0000-00-00'),(363,'اترینا','مجدی','','1395-09-13','',0,'09121764504',0,'0000-00-00',0,'0000-00-00','0000-00-00'),(364,'نیلا','شهامی','','0000-00-00','',0,'09123841762',0,'0000-00-00',0,'0000-00-00','0000-00-00'),(365,'لیانا','منزوی','','1393-04-03','',0,'09122931005',0,'0000-00-00',0,'0000-00-00','0000-00-00'),(366,'اناییس','اواکمی','','1396-01-20','',0,'09126453667',0,'0000-00-00',0,'0000-00-00','0000-00-00'),(367,'ادرین','تیزرو','','1393-12-15','',0,'09144417496',0,'0000-00-00',0,'0000-00-00','0000-00-00'),(368,'باراد','مشهدی محمد','','1393-08-21','',0,'09122191754',0,'0000-00-00',0,'0000-00-00','0000-00-00'),(369,'لیلی یاس','دربانی','','1393-05-19','',0,'09123409473',0,'0000-00-00',0,'0000-00-00','0000-00-00'),(370,'نیلی','نیک نام','','1393-07-23','',0,'09122782981',0,'0000-00-00',0,'0000-00-00','0000-00-00'),(371,'حنا','صنایی','','1396-11-26','',0,'09121385551',0,'0000-00-00',0,'0000-00-00','0000-00-00'),(372,'پرنسا','پورعطا','','1396-10-26','',0,'09122977716',0,'0000-00-00',0,'0000-00-00','0000-00-00'),(373,'دیانا','زمردیان','','1396-09-14','',0,'09122791993',0,'0000-00-00',0,'0000-00-00','0000-00-00'),(374,'کارن','همدانی','','1395-04-05','',0,'09126214700',0,'0000-00-00',0,'0000-00-00','0000-00-00'),(375,'نیکان','کردبچه','','1397-03-17','',0,'09124727124',0,'0000-00-00',0,'0000-00-00','0000-00-00'),(376,'یاس','سلیمیان','','1395-09-29','',0,'09122005018',0,'0000-00-00',0,'0000-00-00','0000-00-00'),(377,'ویونا','سلیمیان','','1390-06-30','',0,'09122005018',0,'0000-00-00',0,'0000-00-00','0000-00-00'),(378,'تیدا','محمودی','','1395-04-22','',0,'09123138868',0,'0000-00-00',0,'0000-00-00','0000-00-00'),(379,'یکتا','دوایی','','1395-06-20','',0,'09122151653',0,'0000-00-00',0,'0000-00-00','0000-00-00'),(380,'ثنا','حقیقت خواه','','1394-04-20','',0,'09128198548',0,'0000-00-00',0,'0000-00-00','0000-00-00'),(381,'علی','ملکی','','1394-09-25','',0,'09121545468',0,'0000-00-00',0,'0000-00-00','0000-00-00'),(382,'زینب','ملکی','','1399-05-14','',0,'09121545468',0,'0000-00-00',0,'0000-00-00','0000-00-00'),(383,'سام','ایلامی','','1396-01-04','',0,'09123941454',0,'0000-00-00',0,'0000-00-00','0000-00-00'),(384,'دلا','الهی','','1395-04-15','',0,'09123496257',0,'0000-00-00',0,'0000-00-00','0000-00-00'),(385,'فرزان','مهرعسکری','','1393-10-06','',0,'09354055292',0,'0000-00-00',0,'0000-00-00','0000-00-00'),(387,'نورا','نوروزمنش','','1394-11-06','',0,'09122444100',0,'0000-00-00',0,'0000-00-00','0000-00-00'),(388,'نیلا','غیاسی','','1394-01-01','',0,'09128383961',0,'0000-00-00',0,'0000-00-00','0000-00-00'),(389,'کارن','معروف','','1396-04-20','',0,'09121968613',0,'0000-00-00',0,'0000-00-00','0000-00-00'),(390,'رایان','انصاری','','1397-12-25','',0,'09126988812',0,'0000-00-00',0,'0000-00-00','0000-00-00'),(392,'یاسین','پورمشیر','','1397-06-22','',0,'09126494277',0,'0000-00-00',0,'0000-00-00','0000-00-00'),(393,'لارا','مشرفی','','1392-12-12','',0,'09121884297',0,'0000-00-00',0,'0000-00-00','0000-00-00'),(394,'رز','مشرفی','','1395-04-12','',0,'09121884297',0,'0000-00-00',0,'0000-00-00','0000-00-00'),(395,'نورا','جهانگیرزاده','','1392-05-28','',0,'09127309841',0,'0000-00-00',0,'0000-00-00','0000-00-00'),(396,'کیمیا','قویدل','','1391-09-08','',0,'09120146909',0,'0000-00-00',0,'0000-00-00','0000-00-00'),(397,'برسام','قربانی','','1395-05-06','',0,'09307027211',0,'0000-00-00',0,'0000-00-00','0000-00-00'),(398,'رهام','عاطفی','','1397-05-30','',0,'09126784074',0,'0000-00-00',0,'0000-00-00','0000-00-00'),(399,'هانا','همت پور','','1395-10-15','',0,'09123574302',0,'0000-00-00',0,'0000-00-00','0000-00-00'),(400,'سوفیا','گلرنگ','','1395-01-16','',0,'09123096379',0,'0000-00-00',0,'0000-00-00','0000-00-00'),(401,'بردیا','بهشتی','','1394-10-10','',0,'09123226357',0,'0000-00-00',0,'0000-00-00','0000-00-00'),(402,'یکتا','بهشتی','','1394-04-21','',0,'09123226357',0,'0000-00-00',0,'0000-00-00','0000-00-00'),(403,'سام','صداقت','','1394-02-20','',0,'09122839079',0,'0000-00-00',0,'0000-00-00','0000-00-00'),(404,'متین','صدیقی','','1396-11-09','',0,'09123809092',0,'0000-00-00',0,'0000-00-00','0000-00-00'),(405,'بنیامین','صدیقی','','1396-11-09','',0,'09123809092',0,'0000-00-00',0,'0000-00-00','0000-00-00'),(406,'پاشا','منصورزاده','','1394-04-04','',0,'09124781398',0,'0000-00-00',0,'0000-00-00','0000-00-00'),(407,'پناه','دیلمی','','1395-11-14','',0,'09121326262',0,'0000-00-00',0,'0000-00-00','0000-00-00'),(408,'محمدپارسا','نراقی','','0000-00-00','',0,'09123542917',0,'0000-00-00',0,'0000-00-00','0000-00-00'),(409,'نویان','محضری','','1395-08-22','',0,'09177127739',0,'0000-00-00',0,'0000-00-00','0000-00-00'),(410,'نانه','ماردوییان','','1395-02-22','',0,'09122306577',0,'0000-00-00',0,'0000-00-00','0000-00-00'),(411,'گلسا','رییسی','','1395-01-03','',0,'09124952350',0,'0000-00-00',0,'0000-00-00','0000-00-00'),(412,'ادرین','نایبی','','1396-10-03','',0,'09125066581',0,'0000-00-00',0,'0000-00-00','0000-00-00'),(413,'مانی','قدوسی','','1393-03-12','',0,'09121570875',0,'0000-00-00',0,'0000-00-00','0000-00-00'),(414,'ادرین','ثناخوان','','1392-11-29','',0,'09125996904',0,'0000-00-00',0,'0000-00-00','0000-00-00'),(415,'سپند','علوی','','1395-04-02','',0,'09123943058',0,'0000-00-00',0,'0000-00-00','0000-00-00'),(416,'رایان','شریف','','1393-03-01','',0,'09126133162',0,'0000-00-00',0,'0000-00-00','0000-00-00'),(417,'بنیتا','صفوی','','1393-05-12','',0,'09122280956',0,'0000-00-00',0,'0000-00-00','0000-00-00'),(418,'ارش','هوشمند','','1395-05-04','',0,'09171799891',0,'0000-00-00',0,'0000-00-00','0000-00-00'),(419,'پاشا','نجفی','','1391-09-21','',0,'09122078720',0,'0000-00-00',0,'0000-00-00','0000-00-00'),(420,'کوروش','نجفی','','1393-12-01','',0,'09122078720',0,'0000-00-00',0,'0000-00-00','0000-00-00'),(421,'مانلی','مسلمی','','1394-06-05','',0,'09122997853',0,'0000-00-00',0,'0000-00-00','0000-00-00'),(422,'دلان','صحبا','','1395-07-29','',0,'09121118298',0,'0000-00-00',0,'0000-00-00','0000-00-00'),(423,'حافظ','کیایی','','1397-08-01','',0,'09352107717',0,'0000-00-00',0,'0000-00-00','0000-00-00'),(424,'یاسمین','خاتمی','','1395-05-05','',0,'09123789896',0,'0000-00-00',0,'0000-00-00','0000-00-00'),(425,'شارونا','جعفری','','1392-09-03','',0,'09127192283',0,'0000-00-00',0,'0000-00-00','0000-00-00'),(426,'رادین','رمضانی','','1392-06-06','',0,'09122459757',0,'0000-00-00',0,'0000-00-00','0000-00-00'),(427,'امیرحسین','حریری','','1393-08-17','',0,'09124356920',0,'0000-00-00',0,'0000-00-00','0000-00-00'),(428,'سلنا','مومنی','','1395-05-10','',0,'09127927299',0,'0000-00-00',0,'0000-00-00','0000-00-00'),(429,'جانا','خدابنده لو','','1393-10-07','',0,'09122555551',0,'0000-00-00',0,'0000-00-00','0000-00-00'),(430,'تامارا','سلیمی','','1396-10-10','',0,'',0,'0000-00-00',0,'0000-00-00','0000-00-00'),(431,'الینا','خواجه حسینی','','1397-04-10','',0,'09126061974',0,'0000-00-00',0,'0000-00-00','0000-00-00'),(432,'نامدار','مشایخ پور','','1393-11-13','',0,'09128887929',0,'0000-00-00',0,'0000-00-00','0000-00-00'),(433,'سرنای','علاقی','','1395-07-30','',0,'09122056909',0,'0000-00-00',0,'0000-00-00','0000-00-00'),(434,'متین','جهان گشت','','1387-12-20','',0,'09104888301',0,'0000-00-00',0,'0000-00-00','0000-00-00'),(435,'رادوین','شمعی','','1396-12-25','',0,'09121972330',0,'0000-00-00',0,'0000-00-00','0000-00-00'),(436,'سلنا','کمره ای','','1396-12-26','',0,'09126784652',0,'0000-00-00',0,'0000-00-00','0000-00-00'),(437,'السا','نوروزی','','1393-07-20','',0,'09122767962',0,'0000-00-00',0,'0000-00-00','0000-00-00'),(438,'مها','جمالی','','1394-11-07','',0,'09121989479',0,'0000-00-00',0,'0000-00-00','0000-00-00'),(439,'اریو','پدرامی','','1393-10-10','',0,'09120767297',0,'0000-00-00',0,'0000-00-00','0000-00-00'),(440,'پندار','ابن علی','','1394-03-17','',0,'',0,'0000-00-00',0,'0000-00-00','0000-00-00'),(441,'هانا','صنعتی','','1393-09-25','',0,'09121125659',0,'0000-00-00',0,'0000-00-00','0000-00-00'),(442,'اوا','رحیمی','','1393-07-09','',0,'09152016213',0,'0000-00-00',0,'0000-00-00','0000-00-00'),(443,'کیاشا','گلشنی','','1393-08-14','',0,'09121543542',0,'0000-00-00',0,'0000-00-00','0000-00-00'),(444,'والا','گلشنی','','0000-00-00','',0,'09121543542',0,'0000-00-00',0,'0000-00-00','0000-00-00'),(445,'هانا','حقیقی','','1393-06-26','',0,'09125599800',0,'0000-00-00',0,'0000-00-00','0000-00-00'),(446,'سوشیانت','خانچی','','1394-08-10','',0,'09122279278',0,'0000-00-00',0,'0000-00-00','0000-00-00'),(447,'مایا','فراهانی','','1395-12-19','',0,'09122709844',0,'0000-00-00',0,'0000-00-00','0000-00-00'),(448,'نیکان','یاری','','1396-02-18','',0,'',0,'0000-00-00',0,'0000-00-00','0000-00-00'),(449,'نارگل','صفایی','','1397-02-22','',0,'09113418405',0,'0000-00-00',0,'0000-00-00','0000-00-00'),(450,'اناهیتا','موسوی','','1396-05-26','',0,'09123231195',0,'0000-00-00',0,'0000-00-00','0000-00-00'),(451,'شهریار','خراسانی','','1396-03-20','',0,'09124751783',0,'0000-00-00',0,'0000-00-00','0000-00-00'),(452,'اریو','اورعی','','1396-03-03','',0,'09121483538',0,'0000-00-00',0,'0000-00-00','0000-00-00'),(453,'سارا','جوانی','','1394-12-08','',0,'09123982005',0,'0000-00-00',0,'0000-00-00','0000-00-00'),(454,'بردیا','نصری فرد','','1393-04-18','',0,'09124751783',0,'0000-00-00',0,'0000-00-00','0000-00-00'),(455,'کیا','زرندی','','1396-07-04','',0,'09128119233',0,'0000-00-00',0,'0000-00-00','0000-00-00'),(456,'نیکی','جواهری','','1395-06-10','',0,'09121765350',0,'0000-00-00',0,'0000-00-00','0000-00-00'),(457,'غزل','حسینی','','0000-00-00','',0,'09121351051',0,'0000-00-00',0,'0000-00-00','0000-00-00'),(458,'یزدان','منتظرالظهور','','1396-02-02','',0,'09127745771',0,'0000-00-00',0,'0000-00-00','0000-00-00'),(459,'نیکی','نوبختیان','','1394-01-25','',0,'09124130941',0,'0000-00-00',0,'0000-00-00','0000-00-00'),(460,'داریو','عادل خانی','','1396-09-23','',0,'09121028875',0,'0000-00-00',0,'0000-00-00','0000-00-00'),(461,'اوا','شفایی','','1396-03-23','',0,'09371436152',0,'0000-00-00',0,'0000-00-00','0000-00-00'),(462,'فرگل','رحیمی منش','','1397-04-03','',0,'09125435321',0,'0000-00-00',0,'0000-00-00','0000-00-00'),(463,'سلین','بخشمندی','','1396-12-02','',0,'09128117769',0,'0000-00-00',0,'0000-00-00','0000-00-00'),(464,'ساتیار','زمان زاده','','1392-12-11','',0,'09124885611',0,'0000-00-00',0,'0000-00-00','0000-00-00'),(465,'اترا','گودرزی','','1396-09-24','',0,'09395010655',0,'0000-00-00',0,'0000-00-00','0000-00-00'),(466,'رایان','همتیان','','1396-09-07','',0,'09121395646',0,'0000-00-00',0,'0000-00-00','0000-00-00'),(468,'لنا','حلوایی','','1395-04-07','',0,'09127078388',0,'0000-00-00',0,'0000-00-00','0000-00-00'),(469,'هیرو','صفرخوانی','','1396-12-24','',0,'09125005940',0,'0000-00-00',0,'0000-00-00','0000-00-00'),(470,'روشا','تیماچی','','1397-11-23','',0,'09126797062',0,'0000-00-00',0,'0000-00-00','0000-00-00'),(471,'دیانا','اغاسی','','1396-05-25','',0,'09123899466',0,'0000-00-00',0,'0000-00-00','0000-00-00'),(472,'اریا','اجتهادی','','1394-07-07','',0,'09126346384',0,'0000-00-00',0,'0000-00-00','0000-00-00'),(473,'ارنیکا','مقدم','','1395-08-08','',0,'09127379042',0,'0000-00-00',0,'0000-00-00','0000-00-00'),(474,'نارنیا','دهقانی','','1394-11-21','',0,'09122105644',0,'0000-00-00',0,'0000-00-00','0000-00-00'),(475,'مانیا','روغنی پور','','1393-08-25','',0,'09120354383',0,'0000-00-00',0,'0000-00-00','0000-00-00'),(476,'کیارام','محمدی','','1396-12-17','',0,'09122273204',0,'0000-00-00',0,'0000-00-00','0000-00-00'),(477,'ارتا','کی نیا','','1395-01-16','',0,'09127542047',0,'0000-00-00',0,'0000-00-00','0000-00-00'),(478,'یونا','خرم','','1395-03-20','',0,'09122334720',0,'0000-00-00',0,'0000-00-00','0000-00-00'),(479,'دورین','رزاقی','','1395-12-21','',0,'09123067325',0,'0000-00-00',0,'0000-00-00','0000-00-00'),(480,'دانیال','جنت دوست','','1395-01-11','',0,'09373313391',0,'0000-00-00',0,'0000-00-00','0000-00-00'),(481,'لاوین','شانجانی','','1397-03-30','',0,'09123271646',0,'0000-00-00',0,'0000-00-00','0000-00-00'),(482,'دلوین','شانجانی','','1395-03-20','',0,'09123271646',0,'0000-00-00',0,'0000-00-00','0000-00-00'),(483,'لیلین','ستارزاده','','1395-08-18','',0,'09121374134',0,'0000-00-00',0,'0000-00-00','0000-00-00'),(484,'دینا','همدانی','','1394-12-06','',0,'09128094719',0,'0000-00-00',0,'0000-00-00','0000-00-00'),(485,'علی','همدانی','','1397-04-28','',0,'09128094719',0,'0000-00-00',0,'0000-00-00','0000-00-00'),(486,'الا','نوری','','1396-05-09','',0,'09121034024',0,'0000-00-00',0,'0000-00-00','0000-00-00'),(487,'مهراز','سجودی','','1393-09-24','',0,'',0,'0000-00-00',0,'0000-00-00','0000-00-00'),(489,'ارشان','خواجه امیری','','1399-02-22','',0,'',0,'0000-00-00',0,'0000-00-00','0000-00-00'),(490,'علی اریا','کرمی','','1395-05-05','',0,'09123034683',0,'0000-00-00',0,'0000-00-00','0000-00-00'),(491,'تیارا','لواییان','','1397-01-20','',0,'09122129247',0,'0000-00-00',0,'0000-00-00','0000-00-00'),(492,'شاینا','مبصر','','1396-04-20','',0,'09127949453',0,'0000-00-00',0,'0000-00-00','0000-00-00'),(493,'رایان','مسچی','','1393-07-14','',0,'09123725950',0,'0000-00-00',0,'0000-00-00','0000-00-00'),(494,'اوا','ارمان','','1396-04-01','',0,'09120750655',0,'0000-00-00',0,'0000-00-00','0000-00-00'),(495,'اروشا','تمدنی','','0000-00-00','',0,'09124103024',0,'0000-00-00',0,'0000-00-00','0000-00-00'),(496,'ارشیدا','تمدنی','','0000-00-00','',0,'09124103024',0,'0000-00-00',0,'0000-00-00','0000-00-00'),(497,'اوین','پیروی','','0000-00-00','',0,'09124888105',0,'0000-00-00',0,'0000-00-00','0000-00-00'),(498,'رادمهر','خدیر','','1395-08-03','',0,'09123206249',0,'0000-00-00',0,'0000-00-00','0000-00-00'),(499,'رز','فلاح زاده','','1396-12-17','',0,'09213390180',0,'0000-00-00',0,'0000-00-00','0000-00-00'),(500,'هانا','طاحونی','','1395-12-13','',0,'09124300617',0,'0000-00-00',0,'0000-00-00','0000-00-00'),(501,'پرنسا','رفیعی','','1396-03-24','',0,'09123750686',0,'0000-00-00',0,'0000-00-00','0000-00-00'),(502,'رایان','اسدپور','','1397-12-27','',0,'09123189362',0,'0000-00-00',0,'0000-00-00','0000-00-00'),(503,'شاهان','تیموری','','1397-03-09','',0,'09123451924',0,'0000-00-00',0,'0000-00-00','0000-00-00'),(504,'رسا','تهرانی','','1396-10-11','',0,'09127375769',0,'0000-00-00',0,'0000-00-00','0000-00-00'),(505,'رادین','بهروز','','1394-02-08','',0,'09361047478',0,'0000-00-00',0,'0000-00-00','0000-00-00'),(506,'درناز','صیقلی','','1394-12-16','',0,'09122944618',0,'0000-00-00',0,'0000-00-00','0000-00-00'),(507,'اریا','مقدسی','','1394-07-07','',0,'09124952496',0,'0000-00-00',0,'0000-00-00','0000-00-00'),(508,'یاس','مهاجرانی اریایی','','1394-10-09','',0,'09121832676',0,'0000-00-00',0,'0000-00-00','0000-00-00'),(509,'جانا','افشاری','','1394-10-04','',0,'',0,'0000-00-00',0,'0000-00-00','0000-00-00'),(510,'شاهان','درودیانی','','1396-11-02','',0,'09123305805',0,'0000-00-00',0,'0000-00-00','0000-00-00'),(511,'دایانا','درودگر','','1395-06-22','',0,'09123383544',0,'0000-00-00',0,'0000-00-00','0000-00-00'),(512,'دلسا','مصدق','','1395-06-25','',0,'09122104101',0,'0000-00-00',0,'0000-00-00','0000-00-00'),(513,'ارسین','سعیدی','','1395-06-21','',0,'09126884055',0,'0000-00-00',0,'0000-00-00','0000-00-00'),(514,'باران','معدولیت','','1396-10-14','',0,'09121221125',0,'0000-00-00',0,'0000-00-00','0000-00-00'),(515,'رهام','تقوی','','1396-11-05','',0,'09123024994',0,'0000-00-00',0,'0000-00-00','0000-00-00'),(516,'یاس','اخلاقی','','1395-05-10','',0,'09121364760',0,'0000-00-00',0,'0000-00-00','0000-00-00'),(517,'رویسا','دلاوری','','1395-02-14','',0,'09399101520',0,'0000-00-00',0,'0000-00-00','0000-00-00'),(518,'حلما','هاشمی','','1393-07-30','',0,'09121333845',0,'0000-00-00',0,'0000-00-00','0000-00-00'),(519,'کیانمهر','سفیدکار','','1395-01-25','',0,'09171182191',0,'0000-00-00',0,'0000-00-00','0000-00-00'),(520,'مانلی','الهی ','','1397-02-06','',0,'09123306054',0,'0000-00-00',0,'0000-00-00','0000-00-00'),(521,'الین','مکری','','1396-07-18','',0,'09124307191',0,'0000-00-00',0,'0000-00-00','0000-00-00'),(523,'رایان','ساندرز','','1395-11-15','',0,'09122009417',0,'0000-00-00',0,'0000-00-00','0000-00-00'),(524,'نیلا','موحدی','','1394-05-13','',0,'09123936700',0,'0000-00-00',0,'0000-00-00','0000-00-00'),(525,'اناهیتا','عسگری','','1394-08-04','',0,'09127919692',0,'0000-00-00',0,'0000-00-00','0000-00-00'),(526,'نرمین','معصومی','','1396-12-17','',0,'09129547308',0,'0000-00-00',0,'0000-00-00','0000-00-00'),(527,'نوینا','تاریخی','','1395-05-03','',0,'09126081134',0,'0000-00-00',0,'0000-00-00','0000-00-00'),(528,'سپنتا','هاشمی','','1397-05-01','',0,'09129218721',0,'0000-00-00',0,'0000-00-00','0000-00-00'),(529,'بردیا','حمیدی','','1397-06-05','',0,'09123488000',0,'0000-00-00',0,'0000-00-00','0000-00-00'),(530,'صبا','شاه مرادی','','1392-11-16','',0,'09124217864',0,'0000-00-00',0,'0000-00-00','0000-00-00'),(531,'اوا','شاه مرادی','','1395-07-24','',0,'09124217864',0,'0000-00-00',0,'0000-00-00','0000-00-00'),(532,'بهار','شریعتی','','1394-10-01','',0,'09122583291',0,'0000-00-00',0,'0000-00-00','0000-00-00'),(533,'سامیار','یوسفی','','1397-03-02','',0,'09124471847',0,'0000-00-00',0,'0000-00-00','0000-00-00'),(534,'هیراد','خیری','','1396-09-15','',0,'09014314087',0,'0000-00-00',0,'0000-00-00','0000-00-00'),(535,'ملودی','رجبی','','1394-02-22','',0,'09123597144',0,'0000-00-00',0,'0000-00-00','0000-00-00'),(536,'الوین','جدیری','','1397-09-06','',0,'09391073242',0,'0000-00-00',0,'0000-00-00','0000-00-00'),(537,'سوفیا','احمدی زاده','','1395-05-23','',0,'09125039149',0,'0000-00-00',0,'0000-00-00','0000-00-00'),(538,'مونیکا','احمدی زاده','','1397-07-23','',0,'09125039149',0,'0000-00-00',0,'0000-00-00','0000-00-00'),(539,'یاشار','عنایتی','','1393-12-12','',0,'09128124951',0,'0000-00-00',0,'0000-00-00','0000-00-00'),(540,'سایمان','فرشچی','','1397-04-26','',0,'09123477466',0,'0000-00-00',0,'0000-00-00','0000-00-00'),(541,'نورا','واحدی','','1396-06-26','',0,'09123852173',0,'0000-00-00',0,'0000-00-00','0000-00-00'),(542,'ملورین','نوبخت','','1396-07-21','',0,'09356174966',0,'0000-00-00',0,'0000-00-00','0000-00-00'),(543,'رزا','تراکمه','','1394-09-12','',0,'09121501608',0,'0000-00-00',0,'0000-00-00','0000-00-00'),(544,'مسیح','مرتضوی','','1397-01-06','',0,'09102092724',0,'0000-00-00',0,'0000-00-00','0000-00-00'),(545,'فراز','اهنگری','','1395-06-29','',0,'09903500319',0,'0000-00-00',0,'0000-00-00','0000-00-00'),(547,'سامیار','علیزاده','','1397-01-15','',0,'09121448870',0,'0000-00-00',0,'0000-00-00','0000-00-00'),(548,'صدرا','خاتمی','','1397-09-11','',0,'09123789896',0,'0000-00-00',0,'0000-00-00','0000-00-00'),(549,'جانیار','ممتاز','','1395-05-27','',0,'09123348062',0,'0000-00-00',0,'0000-00-00','0000-00-00'),(550,'ماهور','حوری زاد','','1396-01-29','',0,'09121787148',0,'0000-00-00',0,'0000-00-00','0000-00-00'),(551,'گندم','حوری زاد','','1396-01-29','',0,'09121787148',0,'0000-00-00',0,'0000-00-00','0000-00-00'),(552,'ادریان','مهدی زاد','','1394-04-29','',0,'09121195949',0,'0000-00-00',0,'0000-00-00','0000-00-00'),(553,'هانا','احسانی','','1392-11-02','',0,'09376297133',0,'0000-00-00',0,'0000-00-00','0000-00-00'),(554,'سلما','مختاری','','0000-00-00','',0,'09125559514',0,'0000-00-00',0,'0000-00-00','0000-00-00'),(555,'محمدحسین','محی الدین','','1392-09-23','',0,'09126771642',0,'0000-00-00',0,'0000-00-00','0000-00-00'),(556,'کارین','شاهزاد','','1396-10-21','',0,'09123448965',0,'0000-00-00',0,'0000-00-00','0000-00-00'),(557,'دانیال','ارشادی','','1397-01-31','',0,'09121713783',0,'0000-00-00',0,'0000-00-00','0000-00-00'),(558,'اریا','جواهری','','1396-09-23','',0,'09122045416',0,'0000-00-00',0,'0000-00-00','0000-00-00'),(559,'لیانا','ثامنی','','1395-06-24','',0,'09122877812',0,'0000-00-00',0,'0000-00-00','0000-00-00'),(560,'اوا','شریعتی','','1395-08-06','',0,'09125353669',0,'0000-00-00',0,'0000-00-00','0000-00-00'),(561,'امیربرنا','سلیمانی','','1395-02-04','',0,'09128116335',0,'0000-00-00',0,'0000-00-00','0000-00-00'),(562,'شانا','جواهری','','1396-01-31','',0,'09121087176',0,'0000-00-00',0,'0000-00-00','0000-00-00'),(563,'دانا','ناصری','','1392-01-02','',0,'09121432490',0,'0000-00-00',0,'0000-00-00','0000-00-00'),(564,'سلین','سودبر','','1396-03-25','',0,'09121119706',0,'0000-00-00',0,'0000-00-00','0000-00-00'),(565,'روشا','رزازی','','1394-06-04','',0,'09122252534',0,'0000-00-00',0,'0000-00-00','0000-00-00'),(567,'ایرین','رضانزاد','','1397-07-24','',0,'09123711289',0,'0000-00-00',0,'0000-00-00','0000-00-00'),(568,'امیلیا','توفیق کیا','','1397-09-09','',0,'09121089886',0,'0000-00-00',0,'0000-00-00','0000-00-00'),(569,'هانا','پیشور','','1395-10-28','',0,'09123500884',0,'0000-00-00',0,'0000-00-00','0000-00-00'),(570,'پاشا','هاشمی','','1396-04-26','',0,'09121785672',0,'0000-00-00',0,'0000-00-00','0000-00-00'),(571,'رایان','غلامی','','1395-07-19','',0,'09143547383',0,'0000-00-00',0,'0000-00-00','0000-00-00'),(572,'بنیتا','برکتین','','1394-11-22','',0,'09127014386',0,'0000-00-00',0,'0000-00-00','0000-00-00'),(573,'مسیحا','اطهاری','','1395-11-25','',0,'09122837403',0,'0000-00-00',0,'0000-00-00','0000-00-00'),(574,'محمدمهدی','شفیق','','1393-12-16','',0,'09123157335',0,'0000-00-00',0,'0000-00-00','0000-00-00'),(575,'زینب','جلیلی','','1393-11-25','',0,'09121754810',0,'0000-00-00',0,'0000-00-00','0000-00-00'),(576,'امیرحسین','جلیلی','','1397-03-03','',0,'09123157335',0,'0000-00-00',0,'0000-00-00','0000-00-00'),(577,'سام','طاهری پناه','','1395-06-10','',0,'09124779074',0,'0000-00-00',0,'0000-00-00','0000-00-00'),(578,'هانا','جعفری','','1396-01-28','',0,'09126880630',0,'0000-00-00',0,'0000-00-00','0000-00-00'),(579,'محمدارسام','قطبی زاده','','1394-06-06','',0,'09352001881',0,'0000-00-00',0,'0000-00-00','0000-00-00'),(580,'پرشان','پروشانی','','1396-04-02','',0,'09121713457',0,'0000-00-00',0,'0000-00-00','0000-00-00'),(581,'افرا','موذنی پور','','1396-04-03','',0,'09122047517',0,'0000-00-00',0,'0000-00-00','0000-00-00'),(582,'تیاناز','مکوندی','','1396-08-07','',0,'09337128280',0,'0000-00-00',0,'0000-00-00','0000-00-00'),(583,'پندار','اندیشناک','','1396-07-03','',0,'09124148041',0,'0000-00-00',0,'0000-00-00','0000-00-00'),(584,'حسین ','مرادی','','1394-07-18','',0,'09122995507',0,'0000-00-00',0,'0000-00-00','0000-00-00'),(585,'زینب','مرادی','','1396-04-23','',0,'09122995507',0,'0000-00-00',0,'0000-00-00','0000-00-00'),(586,'یزدان','پاکروان','','1393-12-01','',0,'09121040866',0,'0000-00-00',0,'0000-00-00','0000-00-00'),(587,'راستین','شیرعلی پور','','1396-04-02','',0,'09123469241',0,'0000-00-00',0,'0000-00-00','0000-00-00'),(588,'مهرسام','سپهری','','1395-06-09','',0,'09395800460',0,'0000-00-00',0,'0000-00-00','0000-00-00'),(589,'مایا','فیضی','','1394-12-21','',0,'09122144892',0,'0000-00-00',0,'0000-00-00','0000-00-00'),(590,'هانا','فیضی','','1394-12-21','',0,'09122144892',0,'0000-00-00',0,'0000-00-00','0000-00-00'),(591,'دیا','ادیب','','0000-00-00','',0,'',0,'0000-00-00',0,'0000-00-00','0000-00-00'),(592,'سام','شیرازی فر','','1397-11-10','',0,'09122030619',0,'0000-00-00',0,'0000-00-00','0000-00-00'),(593,'دیهیم','داداش زاده','','1397-02-26','',0,'09123264077',0,'0000-00-00',0,'0000-00-00','0000-00-00'),(594,'رادین','جولایی','','1393-02-14','',0,'',0,'0000-00-00',0,'0000-00-00','0000-00-00'),(595,'رادمهر','احمدی','','1396-07-14','',0,'09121868429',0,'0000-00-00',0,'0000-00-00','0000-00-00'),(596,'رایان','عابدی','','1395-09-17','',0,'09123979675',0,'0000-00-00',0,'0000-00-00','0000-00-00'),(597,'شایلی','کمایی','','1395-10-28','',0,'09121942218',0,'0000-00-00',0,'0000-00-00','0000-00-00'),(598,'نامی','کاتوزیان','','1395-09-15','',0,'09127670257',0,'0000-00-00',0,'0000-00-00','0000-00-00'),(601,'رز','ربانی','','1397-06-22','',0,'09121303456',0,'0000-00-00',0,'0000-00-00','0000-00-00'),(602,'لیام','درود','','1396-06-05','',0,'09121880422',0,'0000-00-00',0,'0000-00-00','0000-00-00'),(603,'سما','صدری','','1395-11-13','',0,'09128303308',0,'0000-00-00',0,'0000-00-00','0000-00-00'),(604,'تیدا','تیرم','','1393-08-01','',0,'09125046949',0,'0000-00-00',0,'0000-00-00','0000-00-00'),(605,'حامین','رضایی','','1396-11-11','',0,'09148271356',0,'0000-00-00',0,'0000-00-00','0000-00-00'),(606,'مهراد','باستان','','0000-00-00','',0,'09129366038',0,'0000-00-00',0,'0000-00-00','0000-00-00'),(607,'محمدحسین','قدیری','','1397-03-19','',0,'09121275345',0,'0000-00-00',0,'0000-00-00','0000-00-00'),(608,'تارا','حمیدی','','1395-09-05','',0,'09123030900',0,'0000-00-00',0,'0000-00-00','0000-00-00'),(609,'نیکی','خالقیان','','1396-07-26','',0,'09122269406',0,'0000-00-00',0,'0000-00-00','0000-00-00'),(610,'اوا','قزل باش','','0000-00-00','',0,'09391316594',0,'0000-00-00',0,'0000-00-00','0000-00-00'),(611,'سروین','توحیدی','','0000-00-00','',0,'09126176772',0,'0000-00-00',0,'0000-00-00','0000-00-00'),(625,'مانتره','ژیان','','0000-00-00','',0,'09122157292',0,'0000-00-00',0,'0000-00-00','0000-00-00'),(626,'نیکیار','صدری','','1395-10-20','',0,'09372438783',0,'0000-00-00',0,'0000-00-00','0000-00-00'),(627,'ادرینا','یگانه','','1396-08-03','',0,'09121830955',0,'0000-00-00',0,'0000-00-00','0000-00-00'),(628,'نیکا','دانش','','1397-04-08','',0,'09123445066',0,'0000-00-00',0,'0000-00-00','0000-00-00'),(629,'ارنیکا','مهدی زاده','','1395-02-18','',0,'09124858548',0,'0000-00-00',0,'0000-00-00','0000-00-00'),(630,'لیانا','اخلاص','','1396-09-05','',0,'09128236755',0,'0000-00-00',0,'0000-00-00','0000-00-00'),(631,'لیام','غفوری','','1397-04-07','',0,'09120808794',0,'0000-00-00',0,'0000-00-00','0000-00-00'),(632,'نیکان','قنبری','','1396-01-05','',0,'09121977660',0,'0000-00-00',0,'0000-00-00','0000-00-00'),(633,'اریو','محمودی','','1391-07-25','',0,'09126308270',0,'0000-00-00',0,'0000-00-00','0000-00-00'),(634,'مریم','حاجی ترخانی','','1395-01-31','',0,'09121012151',0,'0000-00-00',0,'0000-00-00','0000-00-00'),(635,'سپهر','کامکار','','1397-02-23','',0,'09120274755',0,'0000-00-00',0,'0000-00-00','0000-00-00'),(636,'والا','ولی میرزا','','1397-01-04','',0,'09123009781',0,'0000-00-00',0,'0000-00-00','0000-00-00'),(637,'لیا','ولی میرزا','','1397-01-04','',0,'09123009781',0,'0000-00-00',0,'0000-00-00','0000-00-00'),(638,'بردیا','گمینی','','1394-05-18','',0,'09125975598',0,'0000-00-00',0,'0000-00-00','0000-00-00'),(639,'رادین','هنرور','','1397-04-11','',0,'',0,'0000-00-00',0,'0000-00-00','0000-00-00'),(640,'لیلین رز','جوانمردی','','1395-07-14','',0,'09124134112',0,'0000-00-00',0,'0000-00-00','0000-00-00'),(641,'هیلان','سعادت','','1395-10-10','',0,'09123988298',0,'0000-00-00',0,'0000-00-00','0000-00-00'),(642,'مبین','شفق','','1395-12-08','',0,'09191023545',0,'0000-00-00',0,'0000-00-00','0000-00-00'),(643,'شاهان','سلطانی','','0000-00-00','',0,'09129756687',0,'0000-00-00',0,'0000-00-00','0000-00-00'),(644,'دینا','لباف ','','1397-04-21','',0,'09127369960',0,'0000-00-00',0,'0000-00-00','0000-00-00'),(645,'کیان','صادقیان','','1396-03-05','',0,'09125192000',0,'0000-00-00',0,'0000-00-00','0000-00-00'),(646,'اراد','خوشنودی','','1398-08-23','',0,'09122132145',0,'0000-00-00',0,'0000-00-00','0000-00-00'),(2515,'اود','موسس','','1395-10-08','',0,'09121977714',0,'0000-00-00',0,'0000-00-00','0000-00-00'),(2516,'پلین','پرکر','','1396-08-20','',0,'09123054628',0,'0000-00-00',0,'0000-00-00','0000-00-00'),(2517,'اوین','نورخدایی','','1395-01-21','',0,'09198846854',0,'0000-00-00',0,'0000-00-00','0000-00-00'),(2518,'شانت','خسرویان','','1397-06-26','',0,'09127182701',0,'0000-00-00',0,'0000-00-00','0000-00-00'),(2519,'نیلا','سلطانی','','1393-08-20','',0,'09122338976',0,'0000-00-00',0,'0000-00-00','0000-00-00'),(2520,'ارشا','شریعت','','1394-09-08','',0,'09128170509',0,'0000-00-00',0,'0000-00-00','0000-00-00'),(2521,'اما','صبوری','','1396-10-27','',0,'09122540900',0,'0000-00-00',0,'0000-00-00','0000-00-00'),(2522,'پاشا','طرازی','','1390-08-15','',0,'09122430685',0,'0000-00-00',0,'0000-00-00','0000-00-00'),(2523,'نفس','بزرگی','','1391-11-15','',0,'09123786562',0,'0000-00-00',0,'0000-00-00','0000-00-00'),(2524,'اهی','بزرگی','','1398-02-21','',0,'09123786562',0,'0000-00-00',0,'0000-00-00','0000-00-00'),(2527,'فارس','کریم پیشه','','1396-01-21','',0,'09124573566',0,'0000-00-00',0,'0000-00-00','0000-00-00'),(2528,'رایان','اذرخش','','1396-09-29','',0,'09122859772',0,'0000-00-00',0,'0000-00-00','0000-00-00'),(2529,'عسل','عابدی','','1394-02-03','',0,'09125191969',0,'0000-00-00',0,'0000-00-00','0000-00-00'),(2531,'برکه','درخشانی','','1396-09-22','',0,'09121447057',0,'0000-00-00',0,'0000-00-00','0000-00-00'),(2532,'اریو','حسن زاده','','1394-10-06','',0,'09121504754',0,'0000-00-00',0,'0000-00-00','0000-00-00'),(2533,'نیکی','حیدری','','1394-04-18','',0,'09126179740',0,'0000-00-00',0,'0000-00-00','0000-00-00'),(2534,'ادلیا','یونسی','','1397-05-03','',0,'09122136372',0,'0000-00-00',0,'0000-00-00','0000-00-00'),(2535,'ارمیس','عصاری خواه','','1395-09-06','',0,'09183110574',0,'0000-00-00',0,'0000-00-00','0000-00-00'),(2536,'نورا','نوری','','1394-05-19','',0,'09121034024',0,'0000-00-00',0,'0000-00-00','0000-00-00'),(2537,'برسام','هراتی','','1395-11-25','',0,'09121104533',0,'0000-00-00',0,'0000-00-00','0000-00-00'),(2538,'رونیکا','حسینی','','1394-10-21','',0,'09122115793',0,'0000-00-00',0,'0000-00-00','0000-00-00'),(2540,'سوفی','هوشیار','','1397-01-07','',0,'09124208128',0,'0000-00-00',0,'0000-00-00','0000-00-00'),(2541,'دلیار','صفوی','','1397-04-06','',0,'09126130048',0,'0000-00-00',0,'0000-00-00','0000-00-00'),(2543,'مهرسا','ارایی','','1396-10-07','',0,'09199639859',0,'0000-00-00',0,'0000-00-00','0000-00-00'),(2544,'روشنا','راد','','1395-08-28','',0,'09122462738',0,'0000-00-00',0,'0000-00-00','0000-00-00'),(2545,'نیکا','پیشوا','','1395-10-10','',0,'09129293220',0,'0000-00-00',0,'0000-00-00','0000-00-00'),(2546,'شهام','خدری','','1394-05-05','',0,'09120211107',0,'0000-00-00',0,'0000-00-00','0000-00-00'),(2547,'تارا','یانقی','','1396-07-20','',0,'09122095813',0,'0000-00-00',0,'0000-00-00','0000-00-00'),(2548,'نورا','خجسته','','1396-06-01','',0,'09122014160',0,'0000-00-00',0,'0000-00-00','0000-00-00'),(2549,'باراد','شهرابی','','1396-08-08','',0,'09125830546',0,'0000-00-00',0,'0000-00-00','0000-00-00'),(2550,'بارانا','فردین پور','','1396-12-14','',0,'09121931650',0,'0000-00-00',0,'0000-00-00','0000-00-00'),(2551,'رایان','موید','','1394-09-30','',0,'09121157158',0,'0000-00-00',0,'0000-00-00','0000-00-00'),(2552,'هلیا','مدنی','','1395-03-27','',0,'09122593718',0,'0000-00-00',0,'0000-00-00','0000-00-00'),(2553,'نریمان','کاویان','','1394-11-18','',0,'09125444297',0,'0000-00-00',0,'0000-00-00','0000-00-00'),(2554,'انیسا','اکبریان','','1391-10-24','',0,'09123195287',0,'0000-00-00',0,'0000-00-00','0000-00-00'),(2555,'ارتین','اکبریان','','1391-10-24','',0,'09123195287',0,'0000-00-00',0,'0000-00-00','0000-00-00'),(2556,'سوفی','هاشمی','','1395-05-05','',0,'09128131488',0,'0000-00-00',0,'0000-00-00','0000-00-00'),(2557,'جانان','قاسمی','','1396-11-07','',0,'09125645324',0,'0000-00-00',0,'0000-00-00','0000-00-00'),(2558,'کیاراد','پیربابایی','','1395-06-04','',0,'09123076661',0,'0000-00-00',0,'0000-00-00','0000-00-00'),(2559,'کیامهر','پیربابایی','','1389-09-10','',0,'09123076678',0,'0000-00-00',0,'0000-00-00','0000-00-00'),(2560,'سوفی','نیکخواه','','0000-00-00','',0,'',0,'0000-00-00',0,'0000-00-00','0000-00-00'),(2561,'ترمه','جان بزرگی','','1393-12-04','',0,'09121470683',0,'0000-00-00',0,'0000-00-00','0000-00-00'),(2564,'دیاکو','نارچی','','1394-07-01','',0,'09123545939',0,'0000-00-00',0,'0000-00-00','0000-00-00'),(2565,'شاهان','غیاسی','','1396-06-02','',0,'09121003441',0,'0000-00-00',0,'0000-00-00','0000-00-00'),(2566,'رز','همتیان','','1396-04-08','',0,'09141154040',0,'0000-00-00',0,'0000-00-00','0000-00-00'),(2568,'روشا','حشمتی','','1394-04-18','',0,'09122409723',0,'0000-00-00',0,'0000-00-00','0000-00-00'),(2569,'ترمه','بهبهانی','','1397-06-23','',0,'09192020287',0,'0000-00-00',0,'0000-00-00','0000-00-00'),(2570,'نارگل','قربانی','','1394-04-08','',0,'09122733778',0,'0000-00-00',0,'0000-00-00','0000-00-00'),(2571,'نیوان','فشکی','','1396-06-25','',0,'09126106266',0,'0000-00-00',0,'0000-00-00','0000-00-00'),(2572,'مهیاس','حشمت شریف','','1392-09-19','',0,'09121019694',0,'0000-00-00',0,'0000-00-00','0000-00-00'),(2573,'مهدیار','حشمت شریف','','1396-10-25','',0,'09121019694',0,'0000-00-00',0,'0000-00-00','0000-00-00'),(2574,'ترمه','پورجانی','','0000-00-00','',0,'',0,'0000-00-00',0,'0000-00-00','0000-00-00'),(2575,'اراد','محبی','','1394-03-26','',0,'09021832069',0,'0000-00-00',0,'0000-00-00','0000-00-00'),(2576,'ارتمیس','محبی','','1394-03-26','',0,'09021832069',0,'0000-00-00',0,'0000-00-00','0000-00-00'),(2577,'ادرینا','سبحان منش','','1397-11-28','',0,'09021181440',0,'0000-00-00',0,'0000-00-00','0000-00-00'),(2578,'هیراد','نوری','','1395-12-29','',0,'09124239923',0,'0000-00-00',0,'0000-00-00','0000-00-00'),(2579,'دانیال','احمد','','1393-11-16','',0,'09122502214',0,'0000-00-00',0,'0000-00-00','0000-00-00'),(2581,'وانیا ','صاعدی','','1395-08-21','',0,'09121940424',0,'0000-00-00',0,'0000-00-00','0000-00-00'),(2582,'رومینا','احمدی','','1391-09-27','',0,'09122975483',0,'0000-00-00',0,'0000-00-00','0000-00-00'),(2583,'هلنا','احمدی','','1394-04-22','',0,'09122975483',0,'0000-00-00',0,'0000-00-00','0000-00-00'),(2584,'سلین','واثقی','','1397-04-23','',0,'09126904751',0,'0000-00-00',0,'0000-00-00','0000-00-00'),(2586,'ادرین','یوسف پور','','1394-06-09','',0,'09121137599',0,'0000-00-00',0,'0000-00-00','0000-00-00'),(2588,'اوا','نیکومرام','','1393-05-24','',0,'09123225959',0,'0000-00-00',0,'0000-00-00','0000-00-00'),(2589,'ارنیکا','موسوی','','1392-09-18','',0,'09122944452',0,'0000-00-00',0,'0000-00-00','0000-00-00'),(2591,'نارین','چنگیز','','1394-04-16','',0,'09121332809',0,'0000-00-00',0,'0000-00-00','0000-00-00'),(2592,'پاشا','کیا','','1397-03-17','',0,'09123430339',0,'0000-00-00',0,'0000-00-00','0000-00-00'),(2593,'لیانا','قویمی','','1395-03-17','',0,'09127772357',0,'0000-00-00',0,'0000-00-00','0000-00-00'),(2594,'دیبا','قاسمی','','1397-07-18','',0,'09121279179',0,'0000-00-00',0,'0000-00-00','0000-00-00'),(2595,'سام','امینی','','1397-08-10','',0,'09121498108',0,'0000-00-00',0,'0000-00-00','0000-00-00'),(2596,'امیرمحسن','مظاهری','','1397-03-17','',0,'09121190787',0,'0000-00-00',0,'0000-00-00','0000-00-00'),(2597,'محمدمهدی','مظاهری','','1389-10-05','',0,'09127777878',0,'0000-00-00',0,'0000-00-00','0000-00-00'),(2598,'ضحا','مظاهری','','1394-09-08','',0,'09127777878',0,'0000-00-00',0,'0000-00-00','0000-00-00'),(2600,'رهام','ملکی','','1396-03-18','',0,'09370244130',0,'0000-00-00',0,'0000-00-00','0000-00-00'),(2601,'اریانا ','رنج پور','','1398-04-21','',0,'09122308363',0,'0000-00-00',0,'0000-00-00','0000-00-00'),(2602,'نفس','خانی','','1397-01-07','',0,'09128492308',0,'0000-00-00',0,'0000-00-00','0000-00-00'),(2603,'مهرسانا','حسین حاجی','','1395-12-10','',0,'09123951587',0,'0000-00-00',0,'0000-00-00','0000-00-00'),(2607,'برسام','برادران','','1395-08-18','',0,'09107851462',0,'0000-00-00',0,'0000-00-00','0000-00-00'),(2608,'سوفیا','یوسفی پور','','1397-01-26','',0,'09123472877',0,'0000-00-00',0,'0000-00-00','0000-00-00'),(2609,'سوگند ','فلاح زاده','','1397-03-10','',0,'09121334712',0,'0000-00-00',0,'0000-00-00','0000-00-00'),(2610,'نیکی','امامی','','1395-09-14','',0,'09121305537',0,'0000-00-00',0,'0000-00-00','0000-00-00'),(2611,'نویان','معنوی تهرانی','','1396-03-17','',0,'09122401422',0,'0000-00-00',0,'0000-00-00','0000-00-00'),(2612,'جانا','نوایی','','1396-09-21','',0,'09122866602',0,'0000-00-00',0,'0000-00-00','0000-00-00'),(2613,'لیانا','یزدی پور','','1395-08-28','',0,'09125721900',0,'0000-00-00',0,'0000-00-00','0000-00-00'),(2614,'نیکا','شریعت','','1396-02-23','',0,'09125339591',0,'0000-00-00',0,'0000-00-00','0000-00-00'),(2615,'ملودی','رحمانی','','1996-11-11','',0,'',0,'0000-00-00',0,'0000-00-00','0000-00-00'),(2616,'ملودی','رحمان پور','','1395-11-11','',0,'09122308637',0,'0000-00-00',0,'0000-00-00','0000-00-00'),(2617,'شاهان','دانیال زاده','','1397-06-04','',0,'09126148829',0,'0000-00-00',0,'0000-00-00','0000-00-00'),(2618,'سلین','خالصی','','1395-11-21','',0,'09173209050',0,'0000-00-00',0,'0000-00-00','0000-00-00'),(2619,'ارسام','ابراهیمی','','1396-12-03','',0,'09122103797',0,'0000-00-00',0,'0000-00-00','0000-00-00'),(2620,'روژان','مشایخی','','1396-12-11','',0,'09122087045',0,'0000-00-00',0,'0000-00-00','0000-00-00'),(2621,'مانلی','ریاضی','','1390-04-14','',0,'09121031124',0,'0000-00-00',0,'0000-00-00','0000-00-00'),(2622,'رادوین','سلامتیان','','1396-10-30','',0,'09122574580',0,'0000-00-00',0,'0000-00-00','0000-00-00'),(2623,'اونجلین','شاوردیان','','1396-12-13','',0,'09126458902',0,'0000-00-00',0,'0000-00-00','0000-00-00'),(2624,'لانا','اوهانیان','','1394-10-17','',0,'09122930032',0,'0000-00-00',0,'0000-00-00','0000-00-00'),(2625,'سام','زهیری','','0000-00-00','',0,'',0,'0000-00-00',0,'0000-00-00','0000-00-00'),(2628,'عسل','لطیف ازاد','','0000-00-00','',0,'09123877754',0,'0000-00-00',0,'0000-00-00','0000-00-00'),(2629,'باران','صادقی نژاد','','1393-05-05','',0,'09122362606',0,'0000-00-00',0,'0000-00-00','0000-00-00'),(2630,'ادریان','فروغنژاد','','1392-10-12','',0,'09122901047',0,'0000-00-00',0,'0000-00-00','0000-00-00'),(2632,'سورن','گشایشی','','1393-04-25','',0,'09123239118',0,'0000-00-00',0,'0000-00-00','0000-00-00'),(2633,'مهرسام','ناصر پور','','1392-10-08','',0,'09122980499',0,'0000-00-00',0,'0000-00-00','0000-00-00'),(2634,'اوا','افشاری','','0000-00-00','',0,'09122031226',0,'0000-00-00',0,'0000-00-00','0000-00-00'),(2636,'رز','مهدوی','','1395-06-07','',0,'09122238072',0,'0000-00-00',0,'0000-00-00','0000-00-00'),(2637,'صدرا','مهدوی','','1392-02-10','',0,'09122238072',0,'0000-00-00',0,'0000-00-00','0000-00-00'),(2639,'اتامان','بهرامیفر','','1397-05-10','',0,'09120762025',0,'0000-00-00',0,'0000-00-00','0000-00-00'),(2641,'لیانا ','اکبریان','','1397-01-13','',0,'09122122819',0,'0000-00-00',0,'0000-00-00','0000-00-00'),(2645,'سام','اعتماد','','1396-07-30','',0,'09129472606',1079,'1398-11-24',36,'0000-00-00','0000-00-00'),(2646,'نورا','بیات','','1397-07-05','',0,'09121115803',0,'0000-00-00',0,'0000-00-00','0000-00-00'),(2648,'رایان','عسگرزاده','','1396-08-20','',0,'09123019956',0,'0000-00-00',0,'0000-00-00','0000-00-00'),(2649,'اریسا','استاد','','1396-06-30','',0,'09123141791',0,'0000-00-00',0,'0000-00-00','0000-00-00'),(2650,'نیکا','نیکوکار','','1396-06-09','',0,'09122084550',0,'0000-00-00',0,'0000-00-00','0000-00-00'),(2651,'رادمان','توتونچیان','','0000-00-00','',0,'09121407756',0,'0000-00-00',0,'0000-00-00','0000-00-00'),(2653,'ارمان','رنجبر','','1397-04-23','',0,'09128352511',0,'0000-00-00',0,'0000-00-00','0000-00-00'),(2654,'اوا','اخوان','','1397-04-10','',0,'09213683926',0,'0000-00-00',0,'0000-00-00','0000-00-00'),(2655,'پارسا','دانیالی','','1397-04-08','',0,'09123798858',0,'0000-00-00',0,'0000-00-00','0000-00-00'),(2656,'بارانا','پاس','','1397-04-09','',0,'09199060104',0,'0000-00-00',0,'0000-00-00','0000-00-00'),(2657,'پارسا','پیشرفت','','1397-02-21','',0,'09128333237',0,'0000-00-00',0,'0000-00-00','0000-00-00'),(2659,'رسام','فرهادیان','','1395-09-12','',0,'09122965779',0,'0000-00-00',0,'0000-00-00','0000-00-00'),(2660,'برسام','شریعتی','','1396-01-03','',0,'09129311721',0,'0000-00-00',0,'0000-00-00','0000-00-00'),(2661,'فاطمه ریحان','قرایی پور','','1395-11-28','',0,'09122020043',0,'0000-00-00',0,'0000-00-00','0000-00-00'),(2662,'برسام','کاشانی','','1396-06-07','',0,'09122857211',0,'0000-00-00',0,'0000-00-00','0000-00-00'),(2663,'سپند','شریفی','','1396-09-06','',0,'09121220484',0,'0000-00-00',0,'0000-00-00','0000-00-00'),(2664,'امیرعلی','شفیعی','','1395-06-21','',0,'09128260260',0,'0000-00-00',0,'0000-00-00','0000-00-00'),(2665,'نورا','فراهانی','','1395-03-18','',0,'09302602877',0,'0000-00-00',0,'0000-00-00','0000-00-00'),(2666,'رونیکا','صاحب هنر','','1394-09-02','',0,'09132111127',0,'0000-00-00',0,'0000-00-00','0000-00-00'),(2670,'ادرین','اشرف نوحه گر','','1393-05-08','',0,'09123874198',0,'0000-00-00',0,'0000-00-00','0000-00-00'),(2671,'مانی','زمردیان','','1393-10-17','',0,'09128727380',0,'0000-00-00',0,'0000-00-00','0000-00-00'),(2672,'رایبد','صراف زاده','','1396-12-12','',0,'09123056657',0,'0000-00-00',0,'0000-00-00','0000-00-00'),(2673,'ملودی','درودیان','','1396-07-21','',0,'09125055470',0,'0000-00-00',0,'0000-00-00','0000-00-00'),(2674,'بنیامین','محمودی','','0000-00-00','',0,'',0,'0000-00-00',0,'0000-00-00','0000-00-00'),(2675,'وندا','پاسلار','','1397-09-25','',0,'09203627427',0,'0000-00-00',0,'0000-00-00','0000-00-00'),(2676,'مانا','عبدالباقیان','','1396-05-22','',0,'09121768286',0,'0000-00-00',0,'0000-00-00','0000-00-00'),(2677,'پندار','شاهین پور','','1396-06-09','',0,'09123770393',0,'0000-00-00',0,'0000-00-00','0000-00-00'),(2678,'شانای','احمدی','','1396-05-10','',0,'09125576571',0,'0000-00-00',0,'0000-00-00','0000-00-00'),(2679,'اریا','شهبا','','1396-09-02','',0,'09173108829',0,'0000-00-00',0,'0000-00-00','0000-00-00'),(2680,'ادرینا','فدایی','','1397-09-05','',0,'09128020780',0,'0000-00-00',0,'0000-00-00','0000-00-00'),(2681,'جانان','فتاحی','','1396-05-02','',0,'09197515853',0,'0000-00-00',0,'0000-00-00','0000-00-00'),(2682,'لاون','فتاحی','','1392-06-19','',0,'09383344101',0,'0000-00-00',0,'0000-00-00','0000-00-00'),(2683,'کارن','فتاحی','','1397-06-05','',0,'09383344101',0,'0000-00-00',0,'0000-00-00','0000-00-00'),(2684,'سوفی','زمردیان','','1393-10-17','',0,'09128727380',0,'0000-00-00',0,'0000-00-00','0000-00-00'),(2685,'دلسا','ملکوتی','','1392-05-22','',0,'0127078801',0,'0000-00-00',0,'0000-00-00','0000-00-00'),(2686,'ایسا','ملکوتی','','1395-02-27','',0,'09127078801',0,'0000-00-00',0,'0000-00-00','0000-00-00'),(2688,'کوروش','اوصانلو','','1392-08-30','',0,'09122007027',0,'0000-00-00',0,'0000-00-00','0000-00-00'),(2691,'کسری','اوصانلو','','1392-08-19','',0,'09122007027',0,'0000-00-00',0,'0000-00-00','0000-00-00'),(2692,'رکسانا','جعفری','','0000-00-00','',0,'',0,'0000-00-00',0,'0000-00-00','0000-00-00'),(2695,'رادین','پورجهانی','','1396-03-07','',0,'09122029559',0,'0000-00-00',0,'0000-00-00','0000-00-00'),(2698,'ارشا','اکبریان','','1396-05-05','',0,'09361134795',0,'0000-00-00',0,'0000-00-00','0000-00-00'),(2701,'لیام','رجبی','','1396-05-30','',0,'09192507315',0,'0000-00-00',0,'0000-00-00','0000-00-00'),(2702,'کارن','کفایتی','','1393-08-20','',0,'09124025113',0,'0000-00-00',0,'0000-00-00','0000-00-00'),(2704,'شاهان','کفایتی','','1397-07-12','',0,'09124025113',0,'0000-00-00',0,'0000-00-00','0000-00-00'),(2710,'شاهین','محمودی','','0000-00-00','',0,'',0,'0000-00-00',0,'0000-00-00','0000-00-00'),(2715,'ارشام','اکبریان','','1396-05-05','',0,'09361134795',0,'0000-00-00',0,'0000-00-00','0000-00-00'),(2716,'دیبا','درویش','','1397-07-06','',0,'09192156096',0,'0000-00-00',0,'0000-00-00','0000-00-00'),(2717,'دیار','خوبی','','1396-09-20','',0,'09387096914',0,'0000-00-00',0,'0000-00-00','0000-00-00'),(2718,'برسام','عزیزی','','1395-12-21','',0,'09127877095',0,'0000-00-00',0,'0000-00-00','0000-00-00'),(2719,'نیروانا','کسایی','','1397-04-08','',0,'09213841916',0,'0000-00-00',0,'0000-00-00','0000-00-00'),(2720,'سوفیا','میرکریمی','','1396-02-18','',0,'09124264922',0,'0000-00-00',0,'0000-00-00','0000-00-00'),(2721,'یونا','میرکریمی','','1388-06-21','',0,'09124264922',0,'0000-00-00',0,'0000-00-00','0000-00-00'),(2722,'دیاکو','شاه حسینی','','1396-11-28','',0,'09128916866',0,'0000-00-00',0,'0000-00-00','0000-00-00'),(2723,'نفس','بهشتیان','','1396-05-02','',0,'09122056568',0,'0000-00-00',0,'0000-00-00','0000-00-00'),(2724,'دنی','امیرپور','','1397-05-21','',0,'09121043000',0,'0000-00-00',0,'0000-00-00','0000-00-00'),(2726,'مهرسام','توکلی','','1393-07-05','',0,'09123364238',0,'0000-00-00',0,'0000-00-00','0000-00-00'),(2727,'مانلی','حلمی','','1393-08-06','',0,'09124494382',0,'0000-00-00',0,'0000-00-00','0000-00-00'),(2728,'دینا','بدیع','','1393-12-26','',0,'09123719806',0,'0000-00-00',0,'0000-00-00','0000-00-00'),(2729,'دلسا','جبارزاده','','1393-09-21','',0,'09122349807',0,'0000-00-00',0,'0000-00-00','0000-00-00'),(2730,'اوا','بدیع','','1389-07-12','',0,'09123719806',0,'0000-00-00',0,'0000-00-00','0000-00-00'),(2731,'یاس','توکلی','','1393-10-01','',0,'09121491947',1538,'1398-11-24',35,'0000-00-00','0000-00-00'),(2747,'نیکی','خدادادی','','1396-01-22','',0,'09122115034',0,'0000-00-00',0,'0000-00-00','0000-00-00'),(2749,'گندم','ژوله','','1394-06-08','',0,'09123838913',0,'0000-00-00',0,'0000-00-00','0000-00-00'),(2750,'ستاره','شفیع پور','','1393-04-01','',0,'09221235081',0,'0000-00-00',0,'0000-00-00','0000-00-00'),(2751,'سپهر','شفیع پور','','1389-03-06','',0,'09221235081',0,'0000-00-00',0,'0000-00-00','0000-00-00'),(2753,'مهفام','مهرپور','','1394-03-13','',0,'09121053939',0,'0000-00-00',0,'0000-00-00','0000-00-00'),(2755,'اوید','حیدری','','1394-03-11','',0,'09129428188',0,'0000-00-00',0,'0000-00-00','0000-00-00'),(2758,'مهرسام','یزدان','','1394-05-17','',0,'09122057965',0,'0000-00-00',0,'0000-00-00','0000-00-00'),(2761,'یارا','سرناز','','1395-03-10','',0,'09122356584',0,'0000-00-00',0,'0000-00-00','0000-00-00'),(2762,'لیلی رز','باهر','','1396-07-15','',0,'09125366408',0,'0000-00-00',0,'0000-00-00','0000-00-00'),(2764,'یارا','عبدی زاده','','1395-02-02','',0,'09122244025',0,'0000-00-00',0,'0000-00-00','0000-00-00'),(2788,'ارشیدا','طاهریان','','1390-01-11','',0,'',0,'0000-00-00',0,'0000-00-00','0000-00-00'),(2789,'رادین','رجب علی','','1397-05-22','',0,'09129595782',0,'0000-00-00',0,'0000-00-00','0000-00-00'),(2790,'فلورا','فراهی','','1396-09-03','',0,'09122779054',0,'0000-00-00',0,'0000-00-00','0000-00-00'),(2791,'نیکان','بناییان','','1397-03-23','',0,'09120274774',0,'0000-00-00',0,'0000-00-00','0000-00-00'),(2792,'پارسا','عسگری','','1397-04-29','',0,'09122837944',0,'0000-00-00',0,'0000-00-00','0000-00-00'),(2793,'سپهر','پیروی','','1397-05-29','',0,'09121343595',0,'0000-00-00',0,'0000-00-00','0000-00-00'),(2794,'مسیحا','مظاهری','','1397-02-21','',0,'09121370308',0,'0000-00-00',0,'0000-00-00','0000-00-00'),(2795,'انیاس','اکبری','','1393-03-23','',0,'09125205572',0,'0000-00-00',0,'0000-00-00','0000-00-00'),(2796,'رقیه','اکبری','','1393-03-23','',0,'09125205572',0,'0000-00-00',0,'0000-00-00','0000-00-00'),(2797,'اوش','فاضل','','1393-10-18','',0,'09131842095',0,'0000-00-00',0,'0000-00-00','0000-00-00'),(2799,'اوا','گلشن','','0000-00-00','',0,'09121247171',0,'0000-00-00',0,'0000-00-00','0000-00-00'),(2800,'رهام','زکایی','','1395-10-14','',0,'09126148385',0,'0000-00-00',0,'0000-00-00','0000-00-00'),(2801,'اریا','سلیم','','1396-01-03','',0,'09121549565',0,'0000-00-00',0,'0000-00-00','0000-00-00'),(2802,'ترنم','حیدری','','1394-10-30','',0,'09124341762',0,'0000-00-00',0,'0000-00-00','0000-00-00'),(2803,'دل ارا','خیامی','','1397-07-14','',0,'09121835378',0,'0000-00-00',0,'0000-00-00','0000-00-00'),(2804,'اوا ','هجرانی','','1394-07-22','',0,'09155113434',0,'0000-00-00',0,'0000-00-00','0000-00-00'),(2805,'سوفیا','مشیری','','0000-00-00','',0,'09155229622',0,'0000-00-00',0,'0000-00-00','0000-00-00'),(2806,'اروین','هجرانی','','1397-05-16','',0,'09155113434',0,'0000-00-00',0,'0000-00-00','0000-00-00'),(2807,'لارا','اولادزاده','','1396-03-19','',0,'09123198602',0,'0000-00-00',0,'0000-00-00','0000-00-00'),(2808,'امیرعلی','منجم زاده','','1394-10-05','',0,'09166652550',0,'0000-00-00',0,'0000-00-00','0000-00-00'),(2809,'ادرین','حدادیان','','1396-12-19','',0,'09122640826',0,'0000-00-00',0,'0000-00-00','0000-00-00'),(2810,'اریو','برزن','','1395-03-22','',0,'09121324154',0,'0000-00-00',0,'0000-00-00','0000-00-00'),(2811,'سام','جعفری','','1394-09-20','',0,'09121576897',0,'0000-00-00',0,'0000-00-00','0000-00-00'),(2812,'نیروانا','ملک','','1395-11-26','',0,'09123931775',0,'0000-00-00',0,'0000-00-00','0000-00-00'),(2813,'حلما','لواسانی','','1394-11-04','',0,'09122887940',0,'0000-00-00',0,'0000-00-00','0000-00-00'),(2815,'دیبا','پرنیاپور','','0000-00-00','',0,'',0,'0000-00-00',0,'0000-00-00','0000-00-00'),(2816,'پاشا','گلشن','','0000-00-00','',0,'09121247471',0,'0000-00-00',0,'0000-00-00','0000-00-00'),(2817,'امیرعلی','مشایخی','','1392-01-02','',0,'09127059731',0,'0000-00-00',0,'0000-00-00','0000-00-00'),(2818,'امیرسام','مشایخی','','1397-02-26','',0,'09127059731',0,'0000-00-00',0,'0000-00-00','0000-00-00'),(2819,'امیرمحمد','مقدس زاده','','1392-01-09','',0,'09125936422',0,'0000-00-00',0,'0000-00-00','0000-00-00'),(2820,'مهگل ','مقدس زاده','','1395-05-17','',0,'09125936422',0,'0000-00-00',0,'0000-00-00','0000-00-00'),(2821,'دلسا','ایزددوست','','1397-02-19','',0,'09129432902',0,'0000-00-00',0,'0000-00-00','0000-00-00'),(2822,'علی ','پورعطا','','1392-02-26','',0,'09124767868',0,'0000-00-00',0,'0000-00-00','0000-00-00'),(2823,'سینا','پورعطا','','1395-09-25','',0,'09124767868',0,'0000-00-00',0,'0000-00-00','0000-00-00'),(2824,'کیان','بصیریان','','1397-05-06','',0,'09122770103',0,'0000-00-00',0,'0000-00-00','0000-00-00'),(2825,'اهید','شکیبایی','','1396-02-14','',0,'09173031579',0,'0000-00-00',0,'0000-00-00','0000-00-00'),(2826,'مانلی','زندیه','','1396-12-07','',0,'09193166200',0,'0000-00-00',0,'0000-00-00','0000-00-00'),(2827,'یسنا','تویسرکانی','','1390-04-06','',0,'09122013401',0,'0000-00-00',0,'0000-00-00','0000-00-00'),(2828,'سامیار','شیری','','1396-07-13','',0,'09124025356',0,'0000-00-00',0,'0000-00-00','0000-00-00'),(2829,'اردا','بایگان','','1395-08-26','',0,'09123098262',0,'0000-00-00',0,'0000-00-00','0000-00-00'),(2830,'نیکی','رفیع زاده','','1395-12-08','',0,'09128187313',0,'0000-00-00',0,'0000-00-00','0000-00-00'),(2831,'پرنیان','کاظمی','','1391-04-07','',0,'09123840091',0,'0000-00-00',0,'0000-00-00','0000-00-00'),(2832,'ترمه','کاظمی','','1394-12-09','',0,'09123840091',0,'0000-00-00',0,'0000-00-00','0000-00-00'),(2833,'ارتابان','مقدس زاده','','1397-10-27','',0,'09122834965',0,'0000-00-00',0,'0000-00-00','0000-00-00'),(2834,'','افشارن','','0000-00-00','',0,'',0,'0000-00-00',0,'0000-00-00','0000-00-00'),(2835,'مایا','افشارنژاد','','1397-07-18','',0,'09123931644',0,'0000-00-00',0,'0000-00-00','0000-00-00'),(2836,'نامی','عزیزی','','1395-05-19','',0,'09126129855',0,'0000-00-00',0,'0000-00-00','0000-00-00'),(2837,'نورا','عزیزی','','1397-06-08','',0,'09126129855',0,'0000-00-00',0,'0000-00-00','0000-00-00'),(2838,'امیرعلی','نیروشک','','1392-09-22','',0,'09121231425',0,'0000-00-00',0,'0000-00-00','0000-00-00'),(2839,'رهام','هاشمیه','','1397-03-28','',0,'09125443874',0,'0000-00-00',0,'0000-00-00','0000-00-00'),(2840,'نورا','اسلامی','','1397-05-12','',0,'09198017972',0,'0000-00-00',0,'0000-00-00','0000-00-00'),(2841,'مهیاس','میرنظامی','','1396-02-05','',0,'09124089033',0,'0000-00-00',0,'0000-00-00','0000-00-00'),(2842,'ارمیا','اقایی','','1397-04-07','',0,'09122134220',0,'0000-00-00',0,'0000-00-00','0000-00-00'),(2843,'امیرعلی','اقایی','','1395-07-26','',0,'09122134220',0,'0000-00-00',0,'0000-00-00','0000-00-00'),(2844,'لارا','طبایی','','1395-07-18','',0,'09122180236',0,'0000-00-00',0,'0000-00-00','0000-00-00'),(2845,'رادین','رجبیان','','1396-08-03','',0,'09124408199',0,'0000-00-00',0,'0000-00-00','0000-00-00'),(2846,'لاتسمن','وونبیردی','','0000-00-00','',0,'09912329343',0,'0000-00-00',0,'0000-00-00','0000-00-00'),(2848,'سورنا','همدانچی','','1397-02-25','',0,'09121824988',0,'0000-00-00',0,'0000-00-00','0000-00-00'),(2849,'نیکراد','اسدی','','1396-10-10','',0,'09122388674',0,'0000-00-00',0,'0000-00-00','0000-00-00'),(2850,'لنا','غنایی','','1395-03-03','',0,'09121152822',0,'0000-00-00',0,'0000-00-00','0000-00-00'),(2851,'سلنا','خسروی','','1391-09-16','',0,'09121759113',0,'0000-00-00',0,'0000-00-00','0000-00-00'),(2852,'کارن','حسین مردی','','1393-11-18','',0,'09121713841',0,'0000-00-00',0,'0000-00-00','0000-00-00'),(2853,'کایرا','حسین مردی','','1396-11-16','',0,'09121713841',0,'0000-00-00',0,'0000-00-00','0000-00-00'),(2854,'وستا','رسولی','','1393-10-17','',0,'09113924915',0,'0000-00-00',0,'0000-00-00','0000-00-00'),(2855,'مانی','کاظمی','','1396-02-07','',0,'09127904783',0,'0000-00-00',0,'0000-00-00','0000-00-00'),(2856,'فاطمه','سپهری','','1393-11-22','',0,'09124145088',0,'0000-00-00',0,'0000-00-00','0000-00-00'),(2857,'محمدرضا','شیخ','','1394-06-17','',0,'09122113096',0,'0000-00-00',0,'0000-00-00','0000-00-00'),(2858,'محمدحسین','شیخ','','1396-03-11','',0,'09122113096',0,'0000-00-00',0,'0000-00-00','0000-00-00'),(2859,'ماهان','شمسی پور','','1397-02-08','',0,'09122305889',0,'0000-00-00',0,'0000-00-00','0000-00-00'),(2860,'امیرحسین ','زمانی','','1397-01-07','',0,'09192128017',0,'0000-00-00',0,'0000-00-00','0000-00-00'),(2861,'مازیار','میرهادی','','1394-12-24','',0,'09121258808',0,'0000-00-00',0,'0000-00-00','0000-00-00'),(2862,'زهرا','صدرزاده','','1395-12-27','',0,'09127796639',0,'0000-00-00',0,'0000-00-00','0000-00-00'),(2863,'علیرضا ','عباسی','','1396-08-14','',0,'09124253885',0,'0000-00-00',0,'0000-00-00','0000-00-00'),(2864,'سلما','سپهری','','1397-07-29','',0,'09124147283',0,'0000-00-00',0,'0000-00-00','0000-00-00'),(2865,'زهرا','رسولی','','1396-09-17','',0,'09121044551',0,'0000-00-00',0,'0000-00-00','0000-00-00'),(2866,'دایان','فریادیان','','1395-09-18','',0,'09181410739',0,'0000-00-00',0,'0000-00-00','0000-00-00'),(2908,'ناتان','کاسپاریانس','','1994-03-13','',0,'09123137981',0,'0000-00-00',0,'0000-00-00','0000-00-00'),(2909,'ایون','پاشاپور','','1994-09-28','',0,'09122544842',0,'0000-00-00',0,'0000-00-00','0000-00-00'),(2910,'سوفی','قازاریان','','1994-09-03','',0,'09122801599',0,'0000-00-00',0,'0000-00-00','0000-00-00'),(2913,'والا','مظفری','','1993-10-25','',0,'09113100020',0,'0000-00-00',0,'0000-00-00','0000-00-00'),(2914,'رادوین','کمالی','','1996-08-27','',0,'09126212779',0,'0000-00-00',0,'0000-00-00','0000-00-00'),(2919,'تیدا','ترابی','','1995-03-20','',0,'09123082017',0,'0000-00-00',0,'0000-00-00','0000-00-00'),(2985,'سپنتا','ریاحی','','1394-09-29','',0,'09125079193',0,'0000-00-00',0,'0000-00-00','0000-00-00'),(2992,'عسل','دباع','','1394-07-22','',0,'09155519336',0,'0000-00-00',0,'0000-00-00','0000-00-00'),(2993,'اراد','خشنودی','','1396-08-23','',0,'09122132145',0,'0000-00-00',0,'0000-00-00','0000-00-00'),(2994,'ادرین','الوندی','','1396-12-08','',0,'09122127101',0,'0000-00-00',0,'0000-00-00','0000-00-00'),(2995,'ادرینا','سرلک','','1396-08-04','',0,'09121013094',0,'0000-00-00',0,'0000-00-00','0000-00-00'),(2996,'سامیار','گودرزی','','1396-01-01','',0,'09125704096',0,'0000-00-00',0,'0000-00-00','0000-00-00'),(2997,'لیانا','امینی','','1394-10-01','',0,'09121949755',0,'0000-00-00',0,'0000-00-00','0000-00-00'),(2998,'لیلیان','خاکی','','1395-10-10','',0,'09121334542',0,'0000-00-00',0,'0000-00-00','0000-00-00'),(2999,'کیاشا','توکلی','','1393-07-21','',0,'09352354341',0,'0000-00-00',0,'0000-00-00','0000-00-00'),(3000,'امیرپاشا','توکلی','','1393-07-21','',0,'09352354341',0,'0000-00-00',0,'0000-00-00','0000-00-00'),(3001,'شایلین','سرمدی','','1388-09-02','',0,'09121104382',0,'0000-00-00',0,'0000-00-00','0000-00-00'),(3002,'محمدرضا','غلام زاده','','1395-05-23','',0,'09126075490',0,'0000-00-00',0,'0000-00-00','0000-00-00'),(3003,'سوفیا','زندی','','1396-10-30','',0,'09352591694',0,'0000-00-00',0,'0000-00-00','0000-00-00'),(3004,'پارمیس','مکری','','0000-00-00','',0,'09122067945',0,'0000-00-00',0,'0000-00-00','0000-00-00'),(3005,'رایا','باخدا','','1391-09-11','',0,'09123502308',0,'0000-00-00',0,'0000-00-00','0000-00-00'),(3006,'شروین','شتاک','','1396-05-04','',0,'09121714113',0,'0000-00-00',0,'0000-00-00','0000-00-00'),(3007,'شاهان','کیان پور','','1396-05-22','',0,'09122067617',0,'0000-00-00',0,'0000-00-00','0000-00-00'),(3008,'پرنسا','عابدی','','1396-09-05','',0,'09125111884',0,'0000-00-00',0,'0000-00-00','0000-00-00'),(3009,'پاشا','سعیدی','','1396-06-20','',0,'09122793367',0,'0000-00-00',0,'0000-00-00','0000-00-00'),(3010,'کارن','رفیعی','','1397-01-03','',0,'09122277698',0,'0000-00-00',0,'0000-00-00','0000-00-00'),(3011,'ادرین','کشاورزی','','1395-10-12','',0,'09121232429',0,'0000-00-00',0,'0000-00-00','0000-00-00'),(3012,'مانی','مرتضوی','','1395-09-16','',0,'09128884490',0,'0000-00-00',0,'0000-00-00','0000-00-00'),(3013,'ویانا','برادران','','1397-03-24','',0,'09124942620',0,'0000-00-00',0,'0000-00-00','0000-00-00'),(3014,'باراد','فریدعلی','','1396-01-21','',0,'09120218117',0,'0000-00-00',0,'0000-00-00','0000-00-00'),(3015,'باران','بوذری','','1390-12-12','',0,'09124115518',0,'0000-00-00',0,'0000-00-00','0000-00-00'),(3016,'سپنتا','میرکریمی','','1395-11-07','',0,'09122253975',0,'0000-00-00',0,'0000-00-00','0000-00-00'),(3017,'نیوشه','گودرزی','','1396-06-13','',0,'09123339581',0,'0000-00-00',0,'0000-00-00','0000-00-00'),(3018,'انیسا','صفری','','1393-09-03','',0,'09303516249',0,'0000-00-00',0,'0000-00-00','0000-00-00'),(3019,'تارا','فروزنده','','1396-10-19','',0,'09121865643',0,'0000-00-00',0,'0000-00-00','0000-00-00'),(3021,'امیرسام','میرکاظمی','','1394-03-19','',0,'09121060150',0,'0000-00-00',0,'0000-00-00','0000-00-00'),(3022,'اراسب','نوری جهان','','1394-01-26','',0,'09122956957',0,'0000-00-00',0,'0000-00-00','0000-00-00'),(3023,'مهراد','رفعتی','','1397-03-11','',0,'09128214369',0,'0000-00-00',0,'0000-00-00','0000-00-00'),(3024,'کوشا','عابدینی','','1397-08-05','',0,'09123791388',0,'0000-00-00',0,'0000-00-00','0000-00-00'),(3025,'باران','مدنی','','1396-12-06','',0,'09108613828',0,'0000-00-00',0,'0000-00-00','0000-00-00'),(3026,'ارشاوین','حسینی','','1396-04-18','',0,'09129581060',0,'0000-00-00',0,'0000-00-00','0000-00-00'),(3027,'فاطمه','قضایی','','1397-04-17','',0,'09124189401',0,'0000-00-00',0,'0000-00-00','0000-00-00'),(3028,'ایه','مدیرزاده','','1397-05-26','',0,'09126909854',0,'0000-00-00',0,'0000-00-00','0000-00-00'),(3029,'رادوین','زند','','1396-12-26','',0,'09128123956',0,'0000-00-00',0,'0000-00-00','0000-00-00'),(3030,'کیارش','رستمی','','1395-04-01','',0,'09122725941',0,'0000-00-00',0,'0000-00-00','0000-00-00'),(3032,'دایانا','نارچی','','1398-07-01','',0,'09121152946',0,'0000-00-00',0,'0000-00-00','0000-00-00'),(3034,'مهرایین','ادیب','','1396-10-26','',0,'09383061607',0,'0000-00-00',0,'0000-00-00','0000-00-00'),(3035,'تینا','صابری فرد','','1394-02-10','',0,'09124840480',0,'0000-00-00',0,'0000-00-00','0000-00-00'),(3036,'سلنا','ثالث','','0000-00-00','',0,'',0,'0000-00-00',0,'0000-00-00','0000-00-00'),(3037,'جان','موریان','','1398-08-12','',0,'',0,'0000-00-00',0,'0000-00-00','0000-00-00'),(3038,'زانیار','عباسی','','0000-00-00','',0,'09123597813',0,'0000-00-00',0,'0000-00-00','0000-00-00'),(3039,'ابریشم','امجدی','','0000-00-00','',0,'09121504336',0,'0000-00-00',0,'0000-00-00','0000-00-00'),(3040,'علی رام','امجدی','','1398-03-22','',0,'09121504336',0,'0000-00-00',0,'0000-00-00','0000-00-00'),(3041,'سولا','ایگبه','','0000-00-00','',0,'0919953634',0,'0000-00-00',0,'0000-00-00','0000-00-00'),(3042,'می سورا','ایگبه','','0000-00-00','',0,'',0,'0000-00-00',0,'0000-00-00','0000-00-00'),(3043,'علیرام','امجدی','','1397-03-22','',0,'09121504336',0,'0000-00-00',0,'0000-00-00','0000-00-00'),(3044,'بنیامین','بهبهانی','','1396-09-11','',0,'09126038101',0,'0000-00-00',0,'0000-00-00','0000-00-00'),(3045,'سیدعماد','سیدکریمی','','1395-01-17','',0,'09125212766',0,'0000-00-00',0,'0000-00-00','0000-00-00'),(3046,'الاسادات','سیدکریمی','','1393-05-06','',0,'09125212766',0,'0000-00-00',0,'0000-00-00','0000-00-00'),(3047,'داریو','خامسی','','1396-01-30','',0,'09125330260',0,'0000-00-00',0,'0000-00-00','0000-00-00'),(3048,'امیرعباس','پورجبار','','1395-07-20','',0,'09128666010',0,'0000-00-00',0,'0000-00-00','0000-00-00'),(3049,'نیکی','پوربشیر','','1397-03-13','',0,'09122881132',0,'0000-00-00',0,'0000-00-00','0000-00-00'),(3050,'النا','رضانژاد','','1389-08-16','',0,'09123466599',0,'0000-00-00',0,'0000-00-00','0000-00-00'),(3051,'هانا','رضانژاد','','1394-02-13','',0,'09123466599',0,'0000-00-00',0,'0000-00-00','0000-00-00'),(3052,'بهار','امینی','','1391-04-07','',0,'09123388744',0,'0000-00-00',0,'0000-00-00','0000-00-00'),(3053,'نیکان','ساعی راد','','1397-09-15','',0,'09125101361',0,'0000-00-00',0,'0000-00-00','0000-00-00'),(3054,'الین','پورکسرایی','','1396-02-21','',0,'09123465393',0,'0000-00-00',0,'0000-00-00','0000-00-00'),(3055,'اوا','احمد','','1392-09-22','',0,'09122200295',0,'0000-00-00',0,'0000-00-00','0000-00-00'),(3056,'لیام','احمد','','1396-09-22','',0,'09122200295',0,'0000-00-00',0,'0000-00-00','0000-00-00'),(3057,'ایلیا','خانی','','0000-00-00','',0,'09125392898',0,'0000-00-00',0,'0000-00-00','0000-00-00'),(3058,'دانیال','خانی','','0000-00-00','',0,'09125392898',0,'0000-00-00',0,'0000-00-00','0000-00-00'),(3059,'ملورین','شیرازی فر','','1390-02-07','',0,'09121182225',0,'0000-00-00',0,'0000-00-00','0000-00-00'),(3060,'مارتیا','شربت دار','','1397-01-16','',0,'09122049299',0,'0000-00-00',0,'0000-00-00','0000-00-00'),(3061,'ارسام','حسینی','','1396-08-09','',0,'09121753810',0,'0000-00-00',0,'0000-00-00','0000-00-00'),(3062,'سامیار','محب علی','','1394-05-23','',0,'09126097792',0,'0000-00-00',0,'0000-00-00','0000-00-00'),(3064,'سیوان','جمال خانی','','1396-02-23','',0,'09123793836',0,'0000-00-00',0,'0000-00-00','0000-00-00'),(3066,'میرا','سموسلودی','','1395-10-30','',0,'09372434099',0,'0000-00-00',0,'0000-00-00','0000-00-00'),(3067,'امبری','سموسلودی','','0000-00-00','',0,'09372434099',0,'0000-00-00',0,'0000-00-00','0000-00-00'),(3068,'اریامن','زندیه','','1396-04-23','',0,'09190299585',0,'0000-00-00',0,'0000-00-00','0000-00-00'),(3069,'نرگس','حسین مردی','','1393-11-08','',0,'09124357731',0,'0000-00-00',0,'0000-00-00','0000-00-00'),(3070,'هلما','درجاتی','','1393-11-24','',0,'09123975057',0,'0000-00-00',0,'0000-00-00','0000-00-00'),(3071,'سامیار','جودی','','1393-05-14','',0,'09141161926',0,'0000-00-00',0,'0000-00-00','0000-00-00'),(3072,'سامیار','پورکرم','','1393-08-01','',0,'09199377525',0,'0000-00-00',0,'0000-00-00','0000-00-00'),(3073,'هلما','شگفتی','','1395-09-27','',0,'09123276197',0,'0000-00-00',0,'0000-00-00','0000-00-00'),(3074,'اران','نصیری','','1395-11-21','',0,'09124473604',0,'0000-00-00',0,'0000-00-00','0000-00-00'),(3075,'باراد','ژیان','','1392-12-09','',0,'09122841608',0,'0000-00-00',0,'0000-00-00','0000-00-00'),(3076,'اراد','کامیابی','','1392-07-09','',0,'09125353235',0,'0000-00-00',0,'0000-00-00','0000-00-00'),(3077,'فاطمه','حسین مردی','','1397-03-10','',0,'09128251337',0,'0000-00-00',0,'0000-00-00','0000-00-00'),(3078,'صالح','ساقیان','','1396-04-10','',0,'09120191282',0,'0000-00-00',0,'0000-00-00','0000-00-00'),(3079,'بهنود','صادقی','','1395-07-24','',0,'09122157231',0,'0000-00-00',0,'0000-00-00','0000-00-00'),(3080,'پندار','پورکرم','','1395-08-26','',0,'09122251275',0,'0000-00-00',0,'0000-00-00','0000-00-00'),(3120,'داویت','داوودیان','','1397-05-01','',0,'09121999846',0,'0000-00-00',0,'0000-00-00','0000-00-00'),(3152,'نوا','رنجبر','','1397-01-26','',0,'09122350466',0,'0000-00-00',0,'0000-00-00','0000-00-00'),(3160,'موگه','باباش زاده','','1393-08-11','',0,'09121968807',397,'1398-10-23',34,'0000-00-00','0000-00-00'),(3161,'لیانا','اکبریان','','0000-00-00','',0,'',0,'0000-00-00',0,'0000-00-00','0000-00-00'),(3162,'عرشیا ','سلطان محمدی','','1396-03-30','',0,'09127364512',0,'0000-00-00',0,'0000-00-00','0000-00-00'),(3163,'اریان','رکنی','','1396-03-24','',0,'09125396167',0,'0000-00-00',0,'0000-00-00','0000-00-00'),(3166,'سیدامیرطاها','موسوی','','1397-07-20','',0,'09121575618',0,'0000-00-00',0,'0000-00-00','0000-00-00'),(3186,'لیلین','هاشمیان','','1395-08-25','',0,'09125840603',0,'0000-00-00',0,'0000-00-00','0000-00-00'),(3221,'ارشان','شریفی','','1397-05-01','',0,'09120506183',0,'0000-00-00',0,'0000-00-00','0000-00-00'),(3283,'النا','فردوس','','1394-10-02','',0,'09126932082',0,'0000-00-00',0,'0000-00-00','0000-00-00'),(3284,'ارسام','فردوس','','1396-07-22','',0,'09126932082',0,'0000-00-00',0,'0000-00-00','0000-00-00'),(3296,'هدیه','طباطبایی','','1395-03-24','',0,'09125230675',0,'0000-00-00',0,'0000-00-00','0000-00-00'),(3297,'سوفیا','احمدی زاده','','1395-05-23','',0,'09127142620',0,'0000-00-00',0,'0000-00-00','0000-00-00'),(3298,'مونیکا','احمدی زاده','','1397-07-23','',0,'',0,'0000-00-00',0,'0000-00-00','0000-00-00'),(3299,'مایا','محسنی','','1396-03-07','',0,'09122956300',0,'0000-00-00',0,'0000-00-00','0000-00-00'),(3300,'الیسا','میرخوان','','1394-02-02','',0,'09123936466',0,'0000-00-00',0,'0000-00-00','0000-00-00'),(3301,'اریو','برادران','','1396-12-29','',0,'09123466371',0,'0000-00-00',0,'0000-00-00','0000-00-00'),(3302,'پاشا','سعیدی','','1396-07-21','',0,'09125043592',0,'0000-00-00',0,'0000-00-00','0000-00-00'),(3303,'اوا','سمایی','','1395-01-13','',0,'09126109850',0,'0000-00-00',0,'0000-00-00','0000-00-00'),(3304,'پرنا','رفیعی','','1393-05-23','',0,'09123750686',0,'0000-00-00',0,'0000-00-00','0000-00-00'),(3305,'ارین','خوانساری','','1396-08-30','',0,'09127145523',0,'0000-00-00',0,'0000-00-00','0000-00-00'),(3306,'روشا','نام اور','','0000-00-00','',0,'',0,'0000-00-00',0,'0000-00-00','0000-00-00'),(3307,'مایا','نام اور','','0000-00-00','',0,'09121573176',0,'0000-00-00',0,'0000-00-00','0000-00-00'),(3309,'ارسام','جهانیان','','1396-10-07','',0,'09127998447',0,'0000-00-00',0,'0000-00-00','0000-00-00'),(3310,'لیانا','مجدی','','1397-06-21','',0,'09126186020',0,'0000-00-00',0,'0000-00-00','0000-00-00'),(3311,'خورشید','فتحعلی','','1396-01-22','',0,'09121989929',0,'0000-00-00',0,'0000-00-00','0000-00-00'),(3312,'نیلا','قربانی','','1396-05-22','',0,'09121878043',0,'0000-00-00',0,'0000-00-00','0000-00-00'),(3313,'یلدا','خادم حسینی','','1397-02-18','',0,'09128240525',0,'0000-00-00',0,'0000-00-00','0000-00-00'),(3314,'یکتا','روان صدر','','1396-02-19','',0,'09121898726',0,'0000-00-00',0,'0000-00-00','0000-00-00'),(3315,'لیانا','شهلاوی','','1397-04-27','',0,'09126666363',0,'0000-00-00',0,'0000-00-00','0000-00-00'),(3316,'سید علیرضا','جلالی','','1397-05-18','',0,'09120852477',0,'0000-00-00',0,'0000-00-00','0000-00-00'),(3317,'لیلین ','تقوایی','','1394-12-05','',0,'09123481595',0,'0000-00-00',0,'0000-00-00','0000-00-00'),(3318,'رز','تقوایی','','1393-06-05','',0,'09123481595',0,'0000-00-00',0,'0000-00-00','0000-00-00'),(3319,'نفس','دوست طلب','','1397-05-11','',0,'09121364768',0,'0000-00-00',0,'0000-00-00','0000-00-00'),(3320,'جیوانی','اقاجانیان','','1397-04-20','',0,'09123458498',0,'0000-00-00',0,'0000-00-00','0000-00-00'),(3321,'لوسیا','اقاجانیان','','1397-04-20','',0,'09123458498',0,'0000-00-00',0,'0000-00-00','0000-00-00'),(3322,'ایو','اسکندری','','1397-01-20','',0,'709121074939',0,'0000-00-00',0,'0000-00-00','0000-00-00'),(3323,'امیر محسن','مظاهری','','1397-03-17','',0,'09121190787',0,'0000-00-00',0,'0000-00-00','0000-00-00'),(3324,'محمد محسن','مظاهری','','1396-06-30','',0,'09122224994',0,'0000-00-00',0,'0000-00-00','0000-00-00'),(3445,'دلیار','نورمفیدی','','1396-10-26','',0,'09121505186',0,'0000-00-00',0,'0000-00-00','0000-00-00'),(3462,'کوروش','کریمی','','1396-01-02','',0,'09125556111',0,'0000-00-00',0,'0000-00-00','0000-00-00'),(3464,'ذها','رهبر','','1396-07-17','',0,'09128191498',0,'0000-00-00',0,'0000-00-00','0000-00-00'),(3480,'یزدان','کاظمی','','1396-06-02','',0,'09122580884',0,'0000-00-00',0,'0000-00-00','0000-00-00'),(3482,'حورا','شمس زاده','','1396-03-26','',0,'09128099362',0,'0000-00-00',0,'0000-00-00','0000-00-00'),(3483,'سپهر','قدیرلی','','1396-04-03','',0,'9121785163',0,'0000-00-00',0,'0000-00-00','0000-00-00'),(3494,'گلشا','نوروزی','','1397-05-25','',0,'09123598010',0,'0000-00-00',0,'0000-00-00','0000-00-00'),(3512,'محمود','فتح الله زاده','','1396-10-18','',0,'9120061364',0,'0000-00-00',0,'0000-00-00','0000-00-00'),(3532,'ارین','یعقوبی','','1398-04-25','',0,'09123183608',0,'0000-00-00',0,'0000-00-00','0000-00-00'),(3533,'ادریان','ازادی خواه','','1396-08-21','',0,'09126127008',0,'0000-00-00',0,'0000-00-00','0000-00-00'),(3535,'رایان','بسمی','','1397-09-02','',0,'09124495284',0,'0000-00-00',0,'0000-00-00','0000-00-00'),(3537,'عطرین','تهرانی','','1393-11-10','',0,'09121839342',0,'0000-00-00',0,'0000-00-00','0000-00-00'),(3538,'عسل','ال علی','','1393-05-18','',0,'09123549929',0,'0000-00-00',0,'0000-00-00','0000-00-00'),(3539,'رایان','پوراسدی','','1397-05-04','',0,'09122365281',0,'0000-00-00',0,'0000-00-00','0000-00-00'),(3540,'اوا','ینیسما','','1396-08-17','',0,'09035830683',0,'0000-00-00',0,'0000-00-00','0000-00-00'),(3541,'نینا','ینیسما','','1396-08-17','',0,'09035830683',0,'0000-00-00',0,'0000-00-00','0000-00-00'),(3542,'لیلی رز','کاظم پور','','1393-09-07','',0,'09123101763',0,'0000-00-00',0,'0000-00-00','0000-00-00'),(3545,'اگرین','کاظمی','','1396-01-11','',0,'09128636232',0,'0000-00-00',0,'0000-00-00','0000-00-00'),(3546,'شارمین','بیگدلی','','1395-09-12','',0,'09122834769',0,'0000-00-00',0,'0000-00-00','0000-00-00'),(3547,'باریندخت','لاجوردی','','0000-00-00','',0,'09121079294',1038,'1398-10-26',36,'0000-00-00','0000-00-00'),(3548,'الیسا','راسمی','','0000-00-00','',0,'09123877152',0,'0000-00-00',0,'0000-00-00','0000-00-00'),(3549,'سامویل','راسمی','','0000-00-00','',0,'09123877152',0,'0000-00-00',0,'0000-00-00','0000-00-00'),(3551,'نامدار','فتحی','','1396-07-22','',0,'09121862667',0,'0000-00-00',0,'0000-00-00','0000-00-00'),(3555,'یاسمینا','کرم زاده','','1396-05-09','',0,'09121169518',0,'0000-00-00',0,'0000-00-00','0000-00-00'),(3556,'نیوان','انصاری','','1397-02-02','',0,'09122985197',0,'0000-00-00',0,'0000-00-00','0000-00-00'),(3557,'مهدیار','پنجه شاهی','','1396-10-18','',0,'09121223061',0,'0000-00-00',0,'0000-00-00','0000-00-00'),(3559,'هومان','موسی زاده','','1396-03-03','',0,'09126969983',0,'0000-00-00',0,'0000-00-00','0000-00-00'),(3560,'کیاشا','ابریشمی','','1397-04-16','',0,'09127170399',0,'0000-00-00',0,'0000-00-00','0000-00-00'),(3561,'سام','بنی هاشمی','','1395-10-01','',0,'09128631642',0,'0000-00-00',0,'0000-00-00','0000-00-00'),(3562,'جانان','چاووشی','','1396-12-03','',0,'09120262141',0,'0000-00-00',0,'0000-00-00','0000-00-00'),(3563,'پرنسا','کاشانی','','1395-06-17','',0,'09123131820',0,'0000-00-00',0,'0000-00-00','0000-00-00'),(3564,'ارش','مشایخی','','1397-06-21','',0,'09122266859',0,'0000-00-00',0,'0000-00-00','0000-00-00'),(3565,'ارغوان','کول','','1396-10-30','',0,'09129260394',0,'0000-00-00',0,'0000-00-00','0000-00-00'),(3566,'ارشاوین','کول','','1397-04-01','',0,'09122258115',0,'0000-00-00',0,'0000-00-00','0000-00-00'),(3567,'محمد حسام','حاجی قاسم','','1397-05-31','',0,'09128302081',0,'0000-00-00',0,'0000-00-00','0000-00-00'),(3568,'شاهان','قمیشی','','1397-05-12','',0,'09123104276',0,'0000-00-00',0,'0000-00-00','0000-00-00'),(3569,'نورا','امینیان','','1397-05-04','',0,'09126700559',0,'0000-00-00',0,'0000-00-00','0000-00-00'),(3570,'صدرا','حمیدی','','1397-05-14','',0,'09123367567',0,'0000-00-00',0,'0000-00-00','0000-00-00'),(3571,'یاسمین','رضا خواه','','1394-12-13','',0,'09195710401',0,'0000-00-00',0,'0000-00-00','0000-00-00'),(3572,'دلارام','جورمحمدی','','1394-09-05','',0,'09123199356',0,'0000-00-00',0,'0000-00-00','0000-00-00'),(3573,'پرنسا','کساییان','','1395-06-14','',0,'9128945055',0,'0000-00-00',0,'0000-00-00','0000-00-00'),(3574,'اوین','زنگنه','','1396-09-27','',0,'09190718353',0,'0000-00-00',0,'0000-00-00','0000-00-00'),(3575,'لنا','میرزاعلی اکبر','','1397-03-29','',0,'09396994586',0,'0000-00-00',0,'0000-00-00','0000-00-00'),(3576,'امیرعلی','نصرالهی','','1394-11-26','',0,'09128490473',0,'0000-00-00',0,'0000-00-00','0000-00-00'),(3577,'اریا','قاضی مقدم','','1394-07-29','',0,'09122242356',0,'0000-00-00',0,'0000-00-00','0000-00-00'),(3578,'لیام','کامروا','','1397-08-11','',0,'09121463411',0,'0000-00-00',0,'0000-00-00','0000-00-00'),(3579,'مهیا','ابراهیم زاده','','1394-05-07','',0,'09144551074',0,'0000-00-00',0,'0000-00-00','0000-00-00'),(3580,'نیکا','یعقوبی','','1395-07-11','',0,'09125986935',0,'0000-00-00',0,'0000-00-00','0000-00-00'),(3581,'ماکان','یعقوبی','','1396-12-26','',0,'09125986935',0,'0000-00-00',0,'0000-00-00','0000-00-00'),(3583,'سلنا','شریفیان','','1396-09-06','',0,'09120235844',0,'0000-00-00',0,'0000-00-00','0000-00-00'),(3584,'فرگل','فاضلی','','1396-10-23','',0,'09123163277',0,'0000-00-00',0,'0000-00-00','0000-00-00'),(3585,'بنیتا','شاه سوارانی','','1395-06-26','',0,'09123874837',0,'0000-00-00',0,'0000-00-00','0000-00-00'),(3586,'السا','نادری','','1393-05-18','',0,'09126443957',0,'0000-00-00',0,'0000-00-00','0000-00-00'),(3587,'طاها','مباشری','','1395-10-21','',0,'09127133956',0,'0000-00-00',0,'0000-00-00','0000-00-00'),(3588,'یسنا','مباشر','','1395-08-21','',0,'9127133956',0,'0000-00-00',0,'0000-00-00','0000-00-00'),(3590,'نیلا','اخوندزاده','','1396-01-31','',0,'09122505098',0,'0000-00-00',0,'0000-00-00','0000-00-00'),(3591,'اروین','اخوندزاده','','1396-01-31','',0,'09122505098',0,'0000-00-00',0,'0000-00-00','0000-00-00'),(3592,'سانیار','واحدی','','1394-08-21','',0,'09122717662',0,'0000-00-00',0,'0000-00-00','0000-00-00'),(3593,'روشا','','','0000-00-00','',0,'',0,'0000-00-00',0,'0000-00-00','0000-00-00'),(3594,'النا','موذن زاده','','0000-00-00','',0,'09125301940',0,'0000-00-00',0,'0000-00-00','0000-00-00'),(3595,'جانان','عامری','','1396-09-23','',0,'09121334777',0,'0000-00-00',0,'0000-00-00','0000-00-00'),(3596,'لنا','موسوی','','0000-00-00','',0,'09122703898',0,'0000-00-00',0,'0000-00-00','0000-00-00'),(3598,'نیکی','امامی','','1395-09-14','',0,'09122143852',0,'0000-00-00',0,'0000-00-00','0000-00-00'),(3599,'لنا','فرنیا','','1394-06-02','',0,'09126443006',0,'0000-00-00',0,'0000-00-00','0000-00-00'),(3600,'اراد','فرنیا','','1396-02-18','',0,'09126443006',0,'0000-00-00',0,'0000-00-00','0000-00-00'),(3601,'نلیا','ملایکه','','1393-10-02','',0,'09121365848',0,'0000-00-00',0,'0000-00-00','0000-00-00'),(3602,'مایا','اکبرزاده','','1394-02-26','',0,'09198000460',0,'0000-00-00',0,'0000-00-00','0000-00-00'),(3603,'لیانا','امین الرعایا','','1394-10-12','',0,'09196227043',0,'0000-00-00',0,'0000-00-00','0000-00-00'),(3604,'وستا','محمودی','','1394-10-09','',0,'09128588440',0,'0000-00-00',0,'0000-00-00','0000-00-00'),(3605,'کیان','کاظمی','','1395-10-01','',0,'09121208228',0,'0000-00-00',0,'0000-00-00','0000-00-00'),(3606,'روشا','هاشم پور','','1396-04-02','',0,'09121772902',0,'0000-00-00',0,'0000-00-00','0000-00-00'),(3607,'باران','خادمی','','1396-04-20','',0,'09126359353',0,'0000-00-00',0,'0000-00-00','0000-00-00'),(3609,'السا','نصیری','','1393-08-12','',0,'09122594839',0,'0000-00-00',0,'0000-00-00','0000-00-00'),(3610,'ارون','نقاشیان','','1396-12-06','',0,'09128928177',0,'0000-00-00',0,'0000-00-00','0000-00-00'),(3611,'ملورین','رضوان نژاد','','1397-10-04','',0,'09128111885',0,'0000-00-00',0,'0000-00-00','0000-00-00'),(3612,'نهال','رفیع','','1395-07-19','',0,'09121301640',0,'0000-00-00',0,'0000-00-00','0000-00-00'),(3613,'فاطمه یاس','حاج کاظمیان','','1395-11-24','',0,'09124091713',0,'0000-00-00',0,'0000-00-00','0000-00-00'),(3614,'پرنسا','باخانی زاده','','1396-09-05','',0,'09122251024',0,'0000-00-00',0,'0000-00-00','0000-00-00'),(3615,'ماه لی لی','کاشانی','','1396-07-08','',0,'09126383767',0,'0000-00-00',0,'0000-00-00','0000-00-00'),(3616,'یاسین','توتونچی','','1395-11-22','',0,'09122704418',0,'0000-00-00',0,'0000-00-00','0000-00-00'),(3617,'ادرین','اسدی کیا','','1394-06-30','',0,'09122015886',0,'0000-00-00',0,'0000-00-00','0000-00-00'),(3618,'حسین','امجدی','','1393-06-29','',0,'09122079643',0,'0000-00-00',0,'0000-00-00','0000-00-00'),(3619,'امیرحسین','حاج کاظمیان','','1392-06-29','',0,'09122079643',0,'0000-00-00',0,'0000-00-00','0000-00-00'),(3620,'اراد','اناری','','1395-01-19','',0,'09126064510',0,'0000-00-00',0,'0000-00-00','0000-00-00'),(3621,'حامی','اسلامی','','1397-01-01','',0,'09126830630',0,'0000-00-00',0,'0000-00-00','0000-00-00'),(3622,'نهال','صادقی','','1395-06-01','',0,'09128459083',0,'0000-00-00',0,'0000-00-00','0000-00-00'),(3623,'کیان','هاشمی','','1396-03-20','',0,'09127110747',0,'0000-00-00',0,'0000-00-00','0000-00-00'),(3624,'کوشان','هاشمی','','1396-03-20','',0,'09127110747',0,'0000-00-00',0,'0000-00-00','0000-00-00'),(3625,'امیرمهدی','میهن پاد','','1394-07-16','',0,'09128011884',0,'0000-00-00',0,'0000-00-00','0000-00-00'),(3626,'عدلیا','قندی','','1397-03-22','',0,'09366297631',0,'0000-00-00',0,'0000-00-00','0000-00-00'),(3627,'یونا','بهرامی','','1396-01-12','',0,'09377437666',0,'0000-00-00',0,'0000-00-00','0000-00-00'),(3628,'رایان','یگانه','','1396-12-17','',0,'09123837317',0,'0000-00-00',0,'0000-00-00','0000-00-00'),(3629,'دانیال','پهلوان','','1395-12-23','',0,'09121185972',0,'0000-00-00',0,'0000-00-00','0000-00-00'),(3630,'دلسا','رستاد','','1393-06-20','',0,'09124354571',0,'0000-00-00',0,'0000-00-00','0000-00-00'),(3631,'شارینا','هاشمی','','1395-07-05','',0,'09124831831',0,'0000-00-00',0,'0000-00-00','0000-00-00'),(3632,'لیلیان رز','جوانمردی','','1395-07-14','',0,'09124831831',0,'0000-00-00',0,'0000-00-00','0000-00-00'),(3633,'نیروانا','پرنور','','1394-05-21','',0,'09125072899',0,'0000-00-00',0,'0000-00-00','0000-00-00'),(3634,'هانا','پورادبی','','1397-08-21','',0,'09120509451',0,'0000-00-00',0,'0000-00-00','0000-00-00'),(3635,'پارمیس','ساعی','','1393-11-05','',0,'09123108992',0,'0000-00-00',0,'0000-00-00','0000-00-00'),(3639,'سلین','سلسلیبیان','','1394-03-11','',0,'09352000214',0,'0000-00-00',0,'1398-08-21','0000-00-00'),(3640,'اما','سقاییان','','1392-02-14','',0,'09121641040',0,'0000-00-00',0,'1398-08-21','0000-00-00'),(3641,'مایا','سقاییان','','1391-12-08','',0,'09121641040',0,'0000-00-00',0,'1398-08-21','0000-00-00'),(3642,'سوفیا','بیانی','','1393-02-09','',0,'09121127777',0,'0000-00-00',0,'1398-08-21','0000-00-00'),(3643,'سلنا','زین','','1395-01-20','',0,'09122105713',0,'0000-00-00',0,'1398-08-21','0000-00-00'),(3644,'لودی','شهلاوی','','1396-09-28','',0,'09123140429',0,'0000-00-00',0,'1398-08-21','0000-00-00'),(3645,'محمد حسن','دهقانی','','1396-09-07','',0,'09129452965',0,'0000-00-00',0,'1398-08-21','0000-00-00'),(3648,'اوتیلیا','یول','','1396-08-01','',0,'09129751867',0,'0000-00-00',0,'1398-08-22','0000-00-00'),(3650,'رودین','علوی','','1396-11-02','',0,'09123789789',0,'0000-00-00',0,'1398-08-22','0000-00-00'),(3651,'پرشان','پندنواز','','1395-11-12','',0,'09123036409',0,'0000-00-00',0,'1398-08-22','0000-00-00'),(3652,'ملکا سادات','موسوی','','1396-04-28','',0,'09364694773',0,'0000-00-00',0,'1398-08-22','0000-00-00'),(3653,'نیکی','محمدی','','1396-12-10','',0,'09123891571',0,'0000-00-00',0,'1398-08-22','0000-00-00'),(3654,'امیرعلی','رضوی','','1396-05-20','',0,'09128970989',0,'0000-00-00',0,'1398-08-22','0000-00-00'),(3655,'شایلی','عسگری','','1396-11-10','',0,'09121075565',0,'0000-00-00',0,'1398-08-22','0000-00-00'),(3656,'بنیامین','بهارستان','','0000-00-00','',0,'09122195083',0,'0000-00-00',0,'1398-08-22','0000-00-00'),(3657,'هانا','امیدی','','1396-11-12','',0,'09128987998',0,'0000-00-00',0,'1398-08-22','0000-00-00'),(3658,'صدرا','یزدی','','1395-03-20','',0,'09121262605',0,'0000-00-00',0,'1398-08-22','0000-00-00'),(3659,'لیلی','ال علی','','1396-05-18','',0,'09123549929',0,'0000-00-00',0,'1398-08-22','0000-00-00'),(3662,'ارشیدا','گرکانی','','1392-09-15','',0,'09123863124',0,'0000-00-00',0,'1398-08-22','0000-00-00'),(3663,'یاس','قاسمی','','1392-08-16','',0,'09353333322',0,'0000-00-00',0,'1398-08-22','0000-00-00'),(3664,'نیکا','باقری','','1391-06-23','',0,'09353333322',0,'0000-00-00',0,'1398-08-22','0000-00-00'),(3665,'اترینا','کامرانی','','1393-05-16','',0,'09128065936',0,'0000-00-00',0,'1398-08-22','0000-00-00'),(3666,'میسا','قضایی','','1394-04-22','',0,'09121257618',0,'0000-00-00',0,'1398-08-22','0000-00-00'),(3667,'شایلین','لیلابی','','1394-02-14','',0,'09120257639',0,'0000-00-00',0,'1398-08-22','0000-00-00'),(3668,'ستیلا','غلامی','','0000-00-00','',0,'09128475969',0,'0000-00-00',0,'1398-08-22','0000-00-00'),(3669,'رایا','کاشفی','','1393-04-03','',0,'09121893212',0,'0000-00-00',0,'1398-08-22','0000-00-00'),(3670,'روشا ','ذوالفقاری','','0000-00-00','',0,'09122886893',0,'0000-00-00',0,'1398-08-22','0000-00-00'),(3672,'السا','عباسی','','1393-08-06','',0,'09120447485',0,'0000-00-00',0,'1398-08-22','0000-00-00'),(3673,'دلسا','رفعت منش','','1396-04-02','',0,'09332879018',0,'0000-00-00',0,'1398-08-22','0000-00-00'),(3674,'پرنسا','قنبری','','1394-04-11','',0,'09128087180',0,'0000-00-00',0,'1398-08-22','0000-00-00'),(3675,'بارانا','وصالی','','1395-09-07','',0,'09125466894',0,'0000-00-00',0,'1398-08-22','0000-00-00'),(3676,'لیام','میثمی فرد','','1397-09-27','',0,'09123703135',0,'0000-00-00',0,'1398-08-22','0000-00-00'),(3677,'امیرارسلان','تقی زاده','','1394-01-18','',0,'09122184252',0,'0000-00-00',0,'1398-08-22','0000-00-00'),(3678,'رها','دبیری','','1396-09-17','',0,'09122070738',0,'0000-00-00',0,'1398-08-22','0000-00-00'),(3679,'روشا','دبیری','','1394-07-28','',0,'09122070738',0,'0000-00-00',0,'1398-08-22','0000-00-00'),(3680,'مهرسانا','طاهری','','1394-03-31','',0,'09128434134',0,'0000-00-00',0,'1398-08-22','0000-00-00'),(3681,'دلسا','معصوم زاده','','1396-06-17','',0,'09912384236',0,'0000-00-00',0,'1398-08-22','0000-00-00'),(3682,'سلین','ناصری','','1396-06-10','',0,'09122060616',0,'0000-00-00',0,'1398-08-22','0000-00-00'),(3683,'لیام','امینی','','1397-05-24','',0,'09122060616',0,'0000-00-00',0,'1398-08-22','0000-00-00'),(3685,'اوا','اسلویی','','1397-03-20','',0,'09124204525',0,'0000-00-00',0,'1398-08-22','0000-00-00'),(3686,'ماهیار','رحیمی','','1396-05-10','',0,'091220056625',0,'0000-00-00',0,'1398-08-22','0000-00-00'),(3687,'برسام','سامی','','1396-04-14','',0,'091220747791',0,'0000-00-00',0,'1398-08-22','0000-00-00'),(3688,'سام','حاج علی','','1395-10-03','',0,'09127374052',0,'0000-00-00',0,'1398-08-22','0000-00-00'),(3690,'ارکا','صدر','','1395-10-16','',0,'09122099682',0,'0000-00-00',0,'1398-08-23','0000-00-00'),(3691,'یاسمن ','فراهانی','','1396-02-21','',0,'09125975272',0,'0000-00-00',0,'1398-08-23','0000-00-00'),(3692,'امیرعلی','بدرود','','1393-08-07','',0,'09122934250',0,'0000-00-00',0,'1398-08-23','0000-00-00'),(3693,'هلماناز','عامری','','1397-05-11','',0,'09122136336',0,'0000-00-00',0,'1398-08-23','0000-00-00'),(3694,'مبین','سپاسی','','1397-02-04','',0,'09122383288',0,'0000-00-00',0,'1398-08-23','0000-00-00'),(3695,'جانان','ملک','','1396-09-28','',0,'09124805083',0,'0000-00-00',0,'1398-08-23','0000-00-00'),(3696,'اریا','ملک','','1389-02-27','',0,'09124805083',0,'0000-00-00',0,'1398-08-23','0000-00-00'),(3697,'سوفیا','زندی','','1396-10-30','',0,'09352591694',0,'0000-00-00',0,'1398-08-23','0000-00-00'),(3698,'جانان','غلام پور','','1396-09-23','',0,'09124037960',0,'0000-00-00',0,'1398-08-23','0000-00-00'),(3699,'سروین','ملکی','','1396-10-15','',0,'09122398734',0,'0000-00-00',0,'1398-08-23','0000-00-00'),(3700,'راستین','ملکی','','1388-09-02','',0,'09122398734',0,'0000-00-00',0,'1398-08-23','0000-00-00'),(3701,'دایان','ملک زاد','','1397-12-26','',0,'09125442987',0,'0000-00-00',0,'1398-08-23','0000-00-00'),(3702,'اوا','ژیان فر','','1392-07-19','',0,'09121094464',0,'0000-00-00',0,'1398-08-23','0000-00-00'),(3703,'نیکان','مرتضوی','','1396-04-11','',0,'09126869320',0,'0000-00-00',0,'1398-08-23','0000-00-00'),(3704,'سلین','فریدونی','','1396-03-06','',0,'09122000759',0,'0000-00-00',0,'1398-08-23','0000-00-00'),(3705,'سامیار','پاشاییان','','1396-09-27','',0,'09123088319',0,'0000-00-00',0,'1398-08-23','0000-00-00'),(3706,'یاس','صفت یار','','1396-04-01','',0,'09121461824',0,'0000-00-00',0,'1398-08-23','0000-00-00'),(3707,'مهرسام','حسینی','','1396-05-09','',0,'09213024847',0,'0000-00-00',0,'1398-08-23','0000-00-00'),(3708,'کیان','کریمی نژاد','','1395-08-26','',0,'09125986705',0,'0000-00-00',0,'1398-08-23','0000-00-00'),(3709,'رادین','رمضانی','','1396-04-26','',0,'09124408268',0,'0000-00-00',0,'1398-08-23','0000-00-00'),(3710,'سمیه ','قابل زاده','','0000-00-00','',0,'',0,'0000-00-00',0,'1398-08-23','0000-00-00'),(3711,'یسنا','موسوی','','1392-08-21','',0,'09124303320',0,'0000-00-00',0,'1398-08-23','0000-00-00'),(3712,'اوا','دهقان','','1392-01-20','',0,'09126716332',0,'0000-00-00',0,'1398-08-23','0000-00-00'),(3713,'ضحا','قنبری','','1392-08-28','',0,'09125227365',0,'0000-00-00',0,'1398-08-23','0000-00-00'),(3714,'سامیار','عراقی','','1394-01-19','',0,'09128400905',0,'0000-00-00',0,'1398-08-23','0000-00-00'),(3715,'والاحسین','اردشیر','','1395-02-21','',0,'09111210256',0,'0000-00-00',0,'1398-08-23','0000-00-00'),(3716,'رایان','دانش وری','','1394-02-03','',0,'09124807423',0,'0000-00-00',0,'1398-08-23','0000-00-00'),(3717,'رهام','دانش وری','','1396-11-20','',0,'09124807423',0,'0000-00-00',0,'1398-08-23','0000-00-00'),(3718,'امین','حاجی خانی','','1390-12-27','',0,'09124775807',0,'0000-00-00',0,'1398-08-23','0000-00-00'),(3719,'طنین','حاجی خانی','','1394-12-24','',0,'09124776807',0,'0000-00-00',0,'1398-08-23','0000-00-00'),(3720,'علیرضا','حاج اسماعیلیان','','1390-12-08','',0,'09123402947',0,'0000-00-00',0,'1398-08-23','0000-00-00'),(3721,'دانیال','رضایی','','1395-04-04','',0,'09125360633',0,'0000-00-00',0,'1398-08-23','0000-00-00'),(3722,'نامدار','زهدی','','1395-08-23','',0,'09128127843',0,'0000-00-00',0,'1398-08-23','0000-00-00'),(3724,'سلین','گرامیان','','1393-04-28','',0,'09121132885',0,'0000-00-00',0,'1398-08-23','0000-00-00'),(3725,'حلما','رادمنش','','1395-08-03','',0,'09121435896',0,'0000-00-00',0,'1398-08-23','0000-00-00'),(3726,'نیکی','عباسی','','1396-12-15','',0,'09124185169',0,'0000-00-00',0,'1398-08-23','0000-00-00'),(3727,'دریا','سپهربند','','1391-07-30','',0,'09121044104',0,'0000-00-00',0,'1398-08-23','0000-00-00'),(3728,'امیر علی','هادیان','','1395-11-20','',0,'09123854930',0,'0000-00-00',0,'1398-08-23','0000-00-00'),(3729,'حامی','هادیان','','1393-11-23','',0,'09123854930',0,'0000-00-00',0,'1398-08-23','0000-00-00'),(3730,'ارین','معمارپور','','0000-00-00','',0,'09125331887',0,'0000-00-00',0,'1398-08-23','0000-00-00'),(3731,'سام','نحوی','','1396-04-19','',0,'09123953236',0,'0000-00-00',0,'1398-08-23','0000-00-00'),(3732,'اراد ','کاظمی','','1997-01-12','',0,'0123767207',0,'0000-00-00',0,'1398-08-23','0000-00-00'),(3733,'روشا','مظاهری','','1397-01-11','',0,'09360729464',0,'0000-00-00',0,'1398-08-23','0000-00-00'),(3734,'اریا','باقرپور','','1396-12-17','',0,'09129171871',0,'0000-00-00',0,'1398-08-23','0000-00-00'),(3735,'نوا','مهربانی','','0000-00-00','',0,'',0,'0000-00-00',0,'1398-08-23','0000-00-00'),(3736,'سلین','عسگری','','1396-08-23','',0,'09199118414',0,'0000-00-00',0,'1398-08-23','0000-00-00'),(3737,'لیانا','دوایی','','1395-11-17','',0,'09122013934',0,'0000-00-00',0,'1398-08-23','0000-00-00'),(3738,'دارا','رمضان','','1397-01-22','',0,'09126986568',0,'0000-00-00',0,'1398-08-24','0000-00-00'),(3739,'وانیا','میرموسوی','','1393-12-26','',0,'09113112180',0,'0000-00-00',0,'1398-08-24','0000-00-00'),(3740,'مهرسا','ا','','1394-08-09','',0,'09332274952',0,'0000-00-00',0,'1398-08-24','0000-00-00'),(3741,'مهرسا','پور پاکدل','','1394-08-09','',0,'09332274952',0,'0000-00-00',0,'1398-08-24','0000-00-00'),(3742,'دلسا','گوهردهی','','1397-01-04','',0,'09120121442',0,'0000-00-00',0,'1398-08-24','0000-00-00'),(3743,'پرشان','علی مازندرانی','','1393-02-02','',0,'09122152572',0,'0000-00-00',0,'1398-08-24','0000-00-00'),(3744,'پاشا','علی مازندرانی','','1395-03-20','',0,'09122152572',0,'0000-00-00',0,'1398-08-24','0000-00-00'),(3745,'رونیکا','غزنوی','','1392-11-06','',0,'09123700964',0,'0000-00-00',0,'1398-08-24','0000-00-00'),(3746,'رنا','غزنوی','','1397-06-20','',0,'09123700964',0,'0000-00-00',0,'1398-08-24','0000-00-00'),(3747,'رایان','رضایی پرتو','','1397-01-09','',0,'9121971923',0,'0000-00-00',0,'1398-08-24','0000-00-00'),(3748,'پرنیا','رضایی پرتو','','1395-01-09','',0,'09121971923',0,'0000-00-00',0,'1398-08-24','0000-00-00'),(3749,'کوروش','سجادی','','1396-05-29','',0,'09122681690',0,'0000-00-00',0,'1398-08-24','0000-00-00'),(3750,'اهورا','کرابی','','1396-06-23','',0,'09125735241',0,'0000-00-00',0,'1398-08-24','0000-00-00'),(3751,'ارغوان','حیدری','','1395-10-13','',0,'09353847347',0,'0000-00-00',0,'1398-08-24','0000-00-00'),(3752,'محمد علی','شمس','','1395-05-25','',0,'09123226507',0,'0000-00-00',0,'1398-08-24','0000-00-00'),(3753,'محمد علا','شمس','','1395-05-24','',0,'09123226507',0,'0000-00-00',0,'1398-08-24','0000-00-00'),(3754,'رضا','پیوندی','','1393-04-16','',0,'09121397361',0,'0000-00-00',0,'1398-08-24','0000-00-00'),(3755,'نهال','خادمی','','1394-11-06','',0,'09123380790',0,'0000-00-00',0,'1398-08-24','0000-00-00'),(3756,'کیا','کاشانی','','1395-05-10','',0,'09123384782',0,'0000-00-00',0,'1398-08-24','0000-00-00'),(3757,'ارشا','شهباز','','1395-09-25','',0,'09127224218',0,'0000-00-00',0,'1398-08-24','0000-00-00'),(3758,'شیرو','شهباز','','1397-02-27','',0,'09127224218',0,'0000-00-00',0,'1398-08-24','0000-00-00'),(3759,'عماد','سادات منصوری','','1393-02-02','',0,'09125158147',0,'0000-00-00',0,'1398-08-24','0000-00-00'),(3760,'هلیا','قاسمی','','1392-04-02','',0,'09121350785',0,'0000-00-00',0,'1398-08-24','0000-00-00'),(3761,'مانلی ','رستم زاده','','1396-07-22','',0,'09125234510',0,'0000-00-00',0,'1398-08-24','0000-00-00'),(3762,'فاریا','رستم زاده','','1396-07-22','',0,'09125234510',0,'0000-00-00',0,'1398-08-24','0000-00-00'),(3763,'شایلین','رفیعی','','1396-07-22','',0,'09197204056',0,'0000-00-00',0,'1398-08-24','0000-00-00'),(3764,'هلنا','ثروتی','','1395-10-01','',0,'09123778641',0,'0000-00-00',0,'1398-08-24','0000-00-00'),(3765,'کلارا','هالوف','','1394-10-05','',0,'09129591374',0,'0000-00-00',0,'1398-08-24','0000-00-00'),(3766,'نفس','گوهردهی','','1396-06-28','',0,'09125095429',0,'0000-00-00',0,'1398-08-24','0000-00-00'),(3767,'خورشید','اسلامی','','1387-04-12','',0,'09121593561',0,'0000-00-00',0,'1398-08-24','0000-00-00'),(3768,'امیرسام','حسینی','','1394-10-13','',0,'09123869795',0,'0000-00-00',0,'1398-08-24','0000-00-00'),(3769,'نویان ','قاسمی','','1396-07-21','',0,'09123131088',0,'0000-00-00',0,'1398-08-24','0000-00-00'),(3770,'ویهان','قاسمی','','1396-07-21','',0,'09123131088',0,'0000-00-00',0,'1398-08-24','0000-00-00'),(3771,'نفس','فراهانی','','1392-10-04','',0,'09122217622',0,'0000-00-00',0,'1398-08-24','0000-00-00'),(3772,'کامیار','مشار','','1395-01-27','',0,'09126886179',0,'0000-00-00',0,'1398-08-24','0000-00-00'),(3773,'نهال','ملک خاکی','','1397-07-12','',0,'09129155736',0,'0000-00-00',0,'1398-08-24','0000-00-00'),(3774,'هانا','حاجی عباسی','','0000-00-00','',0,'09122993164',0,'0000-00-00',0,'1398-08-24','0000-00-00'),(3775,'کیان','رفیقی','','1390-04-16','',0,'09122993164',0,'0000-00-00',0,'1398-08-24','0000-00-00'),(3776,'اوا ','میری','','1390-10-14','',0,'09121170044',0,'0000-00-00',0,'1398-08-24','0000-00-00'),(3777,'الینا','محمودی','','1393-05-25','',0,'09121170246',0,'0000-00-00',0,'1398-08-24','0000-00-00'),(3778,'نامی','زهتاب چیان','','1394-05-05','',0,'09121835415',0,'0000-00-00',0,'1398-08-24','0000-00-00'),(3779,'نیلا','کرمی','','1397-09-30','',0,'09123467635',0,'0000-00-00',0,'1398-08-24','0000-00-00'),(3780,'شانا','فردوسی','','1397-09-06','',0,'09122279859',0,'0000-00-00',0,'1398-08-24','0000-00-00'),(3781,'رز','طباطبایی','','1394-06-11','',0,'09123857931',0,'0000-00-00',0,'1398-08-24','0000-00-00'),(3782,'درین','علوی زاده','','1392-06-16','',0,'09123165201',0,'0000-00-00',0,'1398-08-24','0000-00-00'),(3783,'شانا','حدیقی','','1392-03-04','',0,'09123074138',0,'0000-00-00',0,'1398-08-24','0000-00-00'),(3784,'شان','حدیقی','','1394-12-25','',0,'09123074138',0,'0000-00-00',0,'1398-08-24','0000-00-00'),(3785,'شاهان','کوچکیان','','1396-12-15','',0,'09122129017',0,'0000-00-00',0,'1398-08-24','0000-00-00'),(3786,'لیانا','جعفرپناه','','1397-02-28','',0,'09122199929',0,'0000-00-00',0,'1398-08-24','0000-00-00'),(3787,'فاطیما','توکلی','','1397-06-04','',0,'09124395672',0,'0000-00-00',0,'1398-08-24','0000-00-00'),(3788,'تیام','خسروان','','1396-10-23','',0,'09121037237',0,'0000-00-00',0,'1398-08-24','0000-00-00'),(3789,'محمدطاها','نوبر','','1396-07-05','',0,'09121066261',0,'0000-00-00',0,'1398-08-24','0000-00-00'),(3790,'ایلیا','هروی','','1396-08-10','',0,'09126709480',0,'0000-00-00',0,'1398-08-24','0000-00-00'),(3791,'نامی ','چراغی','','1395-11-27','',0,'09121459071',0,'0000-00-00',0,'1398-08-24','0000-00-00'),(3792,'اریا','رستم خانی','','1396-02-27','',0,'09122190167',0,'0000-00-00',0,'1398-08-24','0000-00-00'),(3793,'ارسام','رستم خانی','','1396-02-27','',0,'09122190167',0,'0000-00-00',0,'1398-08-24','0000-00-00'),(3796,'ارشان','عربیان','','1395-11-12','',0,'09123495689',0,'0000-00-00',0,'1398-08-26','0000-00-00'),(3797,'صدرا','حبیبی نژاد','','1396-07-26','',0,'09359464664',0,'0000-00-00',0,'1398-08-26','0000-00-00'),(3798,'تیارا','خلیفه','','1395-10-09','',0,'09128898534',0,'0000-00-00',0,'1398-08-26','0000-00-00'),(3799,'ژوان','خلیفه','','1392-01-12','',0,'09128898534',0,'0000-00-00',0,'1398-08-26','0000-00-00'),(3800,'سلاله','واحدی','','1392-01-03','',0,'09128892389',0,'0000-00-00',0,'1398-08-26','0000-00-00'),(3801,'رضا','واحدی','','1396-10-03','',0,'09128892389',0,'0000-00-00',0,'1398-08-26','0000-00-00'),(3802,'سایمن','فرشچی','','1397-04-26','',0,'09128873732',0,'0000-00-00',0,'1398-08-26','0000-00-00'),(3804,'سهراب','گرجی','','1394-03-26','',0,'09123261035',0,'0000-00-00',0,'1398-08-27','0000-00-00'),(3805,'نامدار','تیموریان','','1392-11-02','',0,'09128841488',0,'0000-00-00',0,'1398-08-27','0000-00-00'),(3807,'بهار','ضیایی','','1396-03-10','',0,'09013131646',1659,'1398-11-24',35,'1398-08-27','0000-00-00'),(3808,'مهدیار','زری باف','','1397-11-11','',0,'09128066856',0,'0000-00-00',0,'1398-08-27','0000-00-00'),(3809,'لیانا','طباطبایی','','1390-10-10','',0,'09122193060',0,'0000-00-00',0,'1398-08-27','0000-00-00'),(3810,'بارانا','طباطبایی','','1396-09-18','',0,'09122193060',0,'0000-00-00',0,'1398-08-27','0000-00-00'),(3811,'زهرا','نعمت زاده','','1395-07-11','',0,'09125047159',0,'0000-00-00',0,'1398-08-27','0000-00-00'),(3812,'حورا','رویایی','','1394-11-10','',0,'09124391726',0,'0000-00-00',0,'1398-08-27','0000-00-00'),(3813,'طه','رویایی','','1394-11-10','',0,'09124391726',0,'0000-00-00',0,'1398-08-27','0000-00-00'),(3815,'دانیال','نظری','','1394-07-11','',0,'09122450130',0,'0000-00-00',0,'1398-08-28','0000-00-00'),(3816,'پارسا','ملکی','','1396-12-25','',0,'09128996674',0,'0000-00-00',0,'1398-08-28','0000-00-00'),(3817,'سامیار','ناظر','','1394-04-04','',0,'09123196398',0,'0000-00-00',0,'1398-08-28','0000-00-00'),(3818,'ستیا','شجاعی','','1393-07-17','',0,'09122338660',0,'0000-00-00',0,'1398-08-28','0000-00-00'),(3819,'اوا','موسوی','','0000-00-00','',0,'09122173117',0,'0000-00-00',0,'1398-08-28','0000-00-00'),(3820,'دلوین','جعفری','','1397-05-06','',0,'09128434493',0,'0000-00-00',0,'1398-08-28','0000-00-00'),(3822,'نورا','حداد','','1394-07-21','',0,'09125552020',0,'0000-00-00',0,'1398-08-28','0000-00-00'),(3823,'نهال','حداد','','1396-06-29','',0,'09125552020',0,'0000-00-00',0,'1398-08-28','0000-00-00'),(3824,'محمد','حسینی','','1395-05-06','',0,'09124000972',0,'0000-00-00',0,'1398-08-28','0000-00-00'),(3825,'سروینا','خانبابایی','','1395-08-05','',0,'09124000948',0,'0000-00-00',0,'1398-08-28','0000-00-00'),(3826,'سلین','حسن زاده','','1396-06-06','',0,'09121198095',0,'0000-00-00',0,'1398-08-28','0000-00-00'),(3827,'هیمن','خالدی نیا','','1397-05-03','',0,'09123909884',0,'0000-00-00',0,'1398-08-29','0000-00-00'),(3828,'سام','خوردید','','1396-02-16','',0,'09123099127',0,'0000-00-00',0,'1398-08-29','0000-00-00'),(3829,'دلسا','زارعی','','1396-11-30','',0,'09121118189',0,'0000-00-00',0,'1398-08-29','0000-00-00'),(3830,'گیو','مفید','','1395-11-15','',0,'09120449833',0,'0000-00-00',0,'1398-08-29','0000-00-00'),(3831,'لیانا','مظفریان','','1395-11-19','',0,'09121834287',0,'0000-00-00',0,'1398-08-29','0000-00-00'),(3832,'مهرسام','موسوی','','1394-04-07','',0,'09123193884',0,'0000-00-00',0,'1398-08-29','0000-00-00'),(3833,'ملیسا','عظیمی','','1395-10-28','',0,'09141062165',0,'0000-00-00',0,'1398-08-29','0000-00-00'),(3834,'گلسا','بزاز','','0000-00-00','',0,'09122497270',0,'0000-00-00',0,'1398-08-29','0000-00-00'),(3835,'دیبا','علی بیک','','1395-12-15','',0,'09122955390',0,'0000-00-00',0,'1398-08-29','0000-00-00'),(3836,'رایان','کریمی','','1397-02-22','',0,'09123235634',0,'0000-00-00',0,'1398-08-29','0000-00-00'),(3837,'جانیار','پورشریف','','1394-08-10','',0,'09123394525',0,'0000-00-00',0,'1398-08-29','0000-00-00'),(3838,'الما','سرودی','','1393-07-28','',0,'09123380802',0,'0000-00-00',0,'1398-08-29','0000-00-00'),(3839,'الوین','سرودی','','1396-03-01','',0,'09123380802',0,'0000-00-00',0,'1398-08-29','0000-00-00'),(3840,'ارتا','عاطفی','','1392-09-28','',0,'09121069933',0,'0000-00-00',0,'1398-08-29','0000-00-00'),(3841,'شروین','وحیدی منش','','1392-11-17','',0,'09123888010',0,'0000-00-00',0,'1398-08-29','0000-00-00'),(3842,'لیلیان','عظیمی','','1392-09-28','',0,'09123726239',0,'0000-00-00',0,'1398-08-29','0000-00-00'),(3843,'دانا','گلشن','','1395-01-04','',0,'09121461096',0,'0000-00-00',0,'1398-08-29','0000-00-00'),(3844,'اریو','رضوی','','1397-06-06','',0,'09121832152',0,'0000-00-00',0,'1398-08-29','0000-00-00'),(3845,'دستان','موسی خوانی','','1395-09-12','',0,'09124964290',0,'0000-00-00',0,'1398-08-29','0000-00-00'),(3846,'دانژه','قاسمی','','1397-07-07','',0,'09121946154',0,'0000-00-00',0,'1398-08-29','0000-00-00'),(3847,'رز','سمیمی','','1397-03-04','',0,'09012685822',0,'0000-00-00',0,'1398-08-29','0000-00-00'),(3848,'باران ','قاسمی','','1396-11-15','',0,'09122506986',0,'0000-00-00',0,'1398-08-29','0000-00-00'),(3849,'بهار','حجارزاده','','1393-06-18','',0,'09122066795',0,'0000-00-00',0,'1398-08-29','0000-00-00'),(3851,'لیان','ذوالفقاری','','1395-05-22','',0,'09123256428',0,'0000-00-00',0,'1398-08-30','0000-00-00'),(3852,'لارا','اینجلر','','1393-12-11','',0,'09143140541',0,'0000-00-00',0,'1398-08-30','0000-00-00'),(3853,'رایان','مرتضایی','','0000-00-00','',0,'',0,'0000-00-00',0,'1398-08-30','0000-00-00'),(3854,'ادرین','الوندی','','0000-00-00','',0,'09122127101',0,'0000-00-00',0,'1398-08-30','0000-00-00'),(3855,'نیروانا','ملک','','1395-11-26','',0,'09123931775',0,'0000-00-00',0,'1398-08-30','0000-00-00'),(3856,'برسام','خواجه','','0000-00-00','',0,'09121463411',0,'0000-00-00',0,'1398-08-30','0000-00-00'),(3857,'امیرارسلان','نقوی','','1395-12-03','',0,'09123851685',0,'0000-00-00',0,'1398-08-30','0000-00-00'),(3858,'رایبد','صراف زاده','','1396-12-14','',0,'09123056657',0,'0000-00-00',0,'1398-08-30','0000-00-00'),(3859,'محمدکسری','ملک زاده','','1394-10-24','',0,'09128459180',0,'0000-00-00',0,'1398-08-30','0000-00-00'),(3860,'الینا','بحرینی','','1393-09-12','',0,'09121396095',0,'0000-00-00',0,'1398-08-30','0000-00-00'),(3861,'بارانا','توکلی','','1397-01-01','',0,'09121387794',0,'0000-00-00',0,'1398-08-30','0000-00-00'),(3862,'حامی','زاده نوری','','1394-10-01','',0,'09125088737',0,'0000-00-00',0,'1398-08-30','0000-00-00'),(3863,'باران','کریمی','','1392-01-15','',0,'09123755116',0,'0000-00-00',0,'1398-08-30','0000-00-00'),(3864,'نیکی','کریمی','','1393-06-28','',0,'09123755116',0,'0000-00-00',0,'1398-08-30','0000-00-00'),(3865,'فاطمه سادات','میرمحمدی','','1395-06-07','',0,'09123185771',0,'0000-00-00',0,'1398-08-30','0000-00-00'),(3866,'ادرین','کشاورزی','','1395-10-12','',0,'09123986640',0,'0000-00-00',0,'1398-08-30','0000-00-00'),(3868,'جانیار','تهرانی','','1395-01-25','',0,'09122039405',0,'0000-00-00',0,'1398-08-30','0000-00-00'),(3869,'نیلا','راستگوپسند','','1394-07-16','',0,'09122876645',0,'0000-00-00',0,'1398-08-30','0000-00-00'),(3870,'ترنم','محسنیان','','1394-07-27','',0,'09122506745',0,'0000-00-00',0,'1398-08-30','0000-00-00'),(3871,'امیرعلی','حافظی','','1392-03-26','',0,'09127328424',0,'0000-00-00',0,'1398-08-30','0000-00-00'),(3872,'ارمین','حافظی','','1397-03-06','',0,'09127328424',0,'0000-00-00',0,'1398-08-30','0000-00-00'),(3873,'نلین','پهلوان پور','','1393-06-17','',0,'09123705929',0,'0000-00-00',0,'1398-08-30','0000-00-00'),(3874,'مهرانا','رییسیان','','1397-02-12','',0,'09121229261',0,'0000-00-00',0,'1398-08-30','0000-00-00'),(3875,'امیرعلی','احدنژاد','','1395-06-20','',0,'09121776414',0,'0000-00-00',0,'1398-08-30','0000-00-00'),(3876,'ادرین','رستمیان','','1392-11-20','',0,'09125397792',0,'0000-00-00',0,'1398-08-30','0000-00-00'),(3877,'دیان','مهدوی','','1394-09-19','',0,'09123447851',0,'0000-00-00',0,'1398-08-30','0000-00-00'),(3878,'لنا','مهدوی','','1394-09-19','',0,'09123447851',0,'0000-00-00',0,'1398-08-30','0000-00-00'),(3879,'ریما','مهدوی','','1394-09-19','',0,'09123447851',0,'0000-00-00',0,'1398-08-30','0000-00-00'),(3880,'دنیز','عظیمی','','1398-06-07','',0,'09121974612',0,'1396-06-07',0,'1398-08-30','0000-00-00'),(3881,'هانا','کارگری','','1396-08-11','',0,'09126436469',0,'0000-00-00',0,'1398-08-30','0000-00-00'),(3882,'راستین','منجم','','1396-12-24','',0,'09121794088',0,'0000-00-00',0,'1398-08-30','0000-00-00'),(3883,'شاهان','تیموری','','1397-03-09','',0,'09123451924',0,'0000-00-00',0,'1398-08-30','0000-00-00'),(3884,'متین','موسوی','','1395-10-19','',0,'09120194995',0,'0000-00-00',0,'1398-08-30','0000-00-00'),(3885,'مبین','موسوی','','1395-10-19','',0,'09120194995',0,'0000-00-00',0,'1398-08-30','0000-00-00'),(3886,'نویان','یزدی','','1397-08-22','',0,'09133156080',0,'0000-00-00',0,'1398-08-30','0000-00-00'),(3887,'دلیار','واحدی','','1393-09-30','',0,'09121727891',0,'0000-00-00',0,'1398-08-30','0000-00-00'),(3888,'ماهان','عشقالهی','','1395-12-06','',0,'09123841363',0,'0000-00-00',0,'1398-08-30','0000-00-00'),(3889,'مهرانا','طریقت','','1394-11-21','',0,'09120898304',0,'0000-00-00',0,'1398-08-30','0000-00-00'),(3890,'مهراب','طریقت','','1392-06-20','',0,'09120898304',0,'0000-00-00',0,'1398-08-30','0000-00-00'),(3891,'امید','موسوی','','1396-10-14','',0,'09124892779',0,'0000-00-00',0,'1398-08-30','0000-00-00'),(3892,'امیرعلی ','هادیان','','1395-11-20','',0,'09121195316',0,'0000-00-00',0,'1398-08-30','0000-00-00'),(3894,'گلاره','میرسلیمی','','1395-02-09','',0,'09363345285',0,'0000-00-00',0,'1398-09-01','0000-00-00'),(3895,'بنیتا','نوذری','','1394-09-17','',0,'09127998071',0,'0000-00-00',0,'1398-09-01','0000-00-00'),(3896,'باراد','نوذری','','1396-08-29','',0,'09127998071',0,'0000-00-00',0,'1398-09-01','0000-00-00'),(3897,'ثمین','محققی','','1394-08-21','',0,'09125389969',0,'0000-00-00',0,'1398-09-01','0000-00-00'),(3898,'انالی','رستمی','','1395-01-17','',0,'09123717083',0,'0000-00-00',0,'1398-09-01','0000-00-00'),(3899,'لیا','جمشیدی','','1397-07-12','',0,'09125640224',0,'0000-00-00',0,'1398-09-01','0000-00-00'),(3900,'پویان','بوربور','','1397-05-17','',0,'09123712164',0,'0000-00-00',0,'1398-09-01','0000-00-00'),(3901,'راین','دادگر','','1395-02-02','',0,'09123023169',0,'0000-00-00',0,'1398-09-01','0000-00-00'),(3902,'اوا','افشاری','','0000-00-00','',0,'09122031226',0,'0000-00-00',0,'1398-09-01','0000-00-00'),(3903,'نیاز','نیک نژاد','','0000-00-00','',0,'09022921393',0,'0000-00-00',0,'1398-09-01','0000-00-00'),(3904,'لیانا','سعیدی','','1390-12-01','',0,'09126765746',0,'0000-00-00',0,'1398-09-01','0000-00-00'),(3905,'ارسین','شیری','','1395-09-02','',0,'09123458122',0,'0000-00-00',0,'1398-09-01','0000-00-00'),(3906,'رز','سعیدی','','1397-06-22','',0,'09126765746',0,'0000-00-00',0,'1398-09-01','0000-00-00'),(3907,'سامیار','زارعی','','1392-08-06','',0,'09121118189',0,'0000-00-00',0,'1398-09-01','0000-00-00'),(3908,'دلیار','زارعی','','1388-12-24','',0,'09121118189',0,'0000-00-00',0,'1398-09-01','0000-00-00'),(3909,'لارا','اولادزاده','','1396-03-19','',0,'09127306250',0,'0000-00-00',0,'1398-09-01','0000-00-00'),(3910,'ادریان','نیلچی','','1397-08-25','',0,'09126017123',0,'0000-00-00',0,'1398-09-01','0000-00-00'),(3911,'جانان','نکوفر','','1392-12-15','',0,'09121871568',0,'0000-00-00',0,'1398-09-01','0000-00-00'),(3912,'هانا','حصاری','','1392-11-30','',0,'09121830518',0,'0000-00-00',0,'1398-09-01','0000-00-00'),(3913,'ارتیمان','موسوی','','1394-05-17','',0,'09123261196',0,'0000-00-00',0,'1398-09-01','0000-00-00'),(3914,'سلین','سلیمی','','1396-01-22','',0,'09124121454',0,'0000-00-00',0,'1398-09-01','0000-00-00'),(3915,'روشان','زمانیان','','0000-00-00','',0,'09123340672',0,'0000-00-00',0,'1398-09-01','0000-00-00'),(3916,'دیون','رمضانی','','0000-00-00','',0,'09127047992',0,'0000-00-00',0,'1398-09-01','0000-00-00'),(3917,'ارسلان','اسماعیل زاده','','1394-01-01','',0,'09354394550',0,'0000-00-00',0,'1398-09-01','0000-00-00'),(3918,'اروین','اسماعیل زاده','','1396-11-05','',0,'09354394550',0,'0000-00-00',0,'1398-09-01','0000-00-00'),(3919,'مایا','توسلی','','1390-12-07','',0,'09124150839',0,'0000-00-00',0,'1398-09-01','0000-00-00'),(3920,'برنا','توسلی','','1396-04-22','',0,'09124150839',0,'0000-00-00',0,'1398-09-01','0000-00-00'),(3921,'مهدا','برومند','','1396-09-05','',0,'09126472737',0,'0000-00-00',0,'1398-09-01','0000-00-00'),(3922,'دایانا','رفیعی','','1393-10-09','',0,'09122650502',0,'0000-00-00',0,'1398-09-01','0000-00-00'),(3923,'طاها','نوبر','','1396-07-05','',0,'09193676238',0,'0000-00-00',0,'1398-09-01','0000-00-00'),(3924,'ارشا','قراویسکی','','1390-06-14','',0,'09121222657',0,'0000-00-00',0,'1398-09-01','0000-00-00'),(3925,'دیار','عسکر','','1396-06-05','',0,'09123381775',0,'0000-00-00',0,'1398-09-01','0000-00-00'),(3926,'ادرین','نوری','','1394-01-16','',0,'09122967561',0,'0000-00-00',0,'1398-09-01','0000-00-00'),(3927,'دایانا','نوری','','1397-07-27','',0,'09122967561',0,'0000-00-00',0,'1398-09-01','0000-00-00'),(3928,'یاس','راستگو','','1396-07-17','',0,'09122111402',0,'0000-00-00',0,'1398-09-01','0000-00-00'),(3929,'کلوئه','کروستا','','1397-03-31','',0,'09123051319',0,'0000-00-00',0,'1398-09-01','0000-00-00'),(3930,'محنا','کلاف چی','','1397-03-23','',0,'09125084392',0,'0000-00-00',0,'1398-09-01','0000-00-00'),(3931,'سام','احمدی','','1394-07-23','',0,'09123359838',0,'0000-00-00',0,'1398-09-01','0000-00-00'),(3933,'لیلی','خلیلی بیگی','','1395-04-28','',0,'09122779257',0,'0000-00-00',0,'1398-09-02','0000-00-00'),(3934,'نیکو','فراهانی','','1395-08-22','',0,'09121264482',0,'0000-00-00',0,'1398-09-02','0000-00-00'),(3935,'هانا','ذوالرییس','','1396-02-26','',0,'09121073396',0,'0000-00-00',0,'1398-09-02','0000-00-00'),(3936,'پگاه','اذرنوش','','1397-11-04','',0,'09213047348',0,'0000-00-00',0,'1398-09-02','0000-00-00'),(3937,'حسام ','ال علی','','1397-10-02','',0,'09124764010',0,'0000-00-00',0,'1398-09-02','0000-00-00'),(3938,'رایان','باقری','','0000-00-00','',0,'09121232261',0,'0000-00-00',0,'1398-09-02','0000-00-00'),(3939,'امیروالا','ذوالفقاری','','1394-05-26','',0,'09122065515',0,'0000-00-00',0,'1398-09-02','0000-00-00'),(3940,'پانیسا','رضوی','','1394-04-23','',0,'09123153481',0,'0000-00-00',0,'1398-09-02','0000-00-00'),(3941,'بردیا','قاسمی','','1995-07-13','',0,'09124092855',0,'0000-00-00',0,'1398-09-02','0000-00-00'),(3942,'سوفیا','جاودانی','','1392-10-17','',0,'09122580218',0,'0000-00-00',0,'1398-09-02','0000-00-00'),(3943,'والا','علمی','','1393-08-13','',0,'09121885199',0,'0000-00-00',0,'1398-09-02','0000-00-00'),(3944,'ادرین','فرزاد','','1397-03-25','',0,'09127199253',0,'0000-00-00',0,'1398-09-02','0000-00-00'),(3945,'لیام','خانعلی','','1397-06-01','',0,'09124889587',0,'0000-00-00',0,'1398-09-02','0000-00-00'),(3946,'مانلی','کفایی','','1393-04-01','',0,'09122184231',0,'0000-00-00',0,'1398-09-02','0000-00-00'),(3947,'شایلین','فاضلی','','1395-01-19','',0,'09123705929',0,'0000-00-00',0,'1398-09-02','0000-00-00'),(3949,'کیاوش','ملول','','1396-12-02','',0,'09122018990',0,'0000-00-00',0,'1398-09-02','0000-00-00'),(3952,'نازنین زهرا','مغاری','','1395-12-07','',0,'09123969982',0,'0000-00-00',0,'1398-09-03','0000-00-00'),(3953,'ادم','الجابری','','0000-00-00','',0,'09126796361',0,'0000-00-00',0,'1398-09-03','0000-00-00'),(3955,'ساغر','سرلک','','1391-11-12','',0,'09128363912',0,'0000-00-00',0,'1398-09-03','0000-00-00'),(3956,'سوگند','سرلک','','1397-06-01','',0,'09128363912',0,'0000-00-00',0,'1398-09-03','0000-00-00'),(3957,'کامیار','حدیدی','','1392-12-19','',0,'0912352196',0,'0000-00-00',0,'1398-09-03','0000-00-00'),(3958,'یوسف','خطیبی','','1392-09-28','',0,'09125388406',0,'0000-00-00',0,'1398-09-03','0000-00-00'),(3959,'حامی','شیرزادیان','','1393-06-29','',0,'09128705002',0,'0000-00-00',0,'1398-09-03','0000-00-00'),(3960,'سام ','دست گیر عالی','','1996-12-23','',0,'09122801463',0,'0000-00-00',0,'1398-09-03','0000-00-00'),(3961,'بنیتا','طاهری','','1996-02-11','',0,'09128008319',0,'0000-00-00',0,'1398-09-03','0000-00-00'),(3962,'دادران','ابراهیمی','','1998-11-20','',0,'09354478888',0,'0000-00-00',0,'1398-09-03','0000-00-00'),(3963,'داریان','ابراهیمی','','1996-11-20','',0,'09354478888',0,'0000-00-00',0,'1398-09-03','0000-00-00'),(3964,'','','','0000-00-00','',0,'',0,'0000-00-00',0,'1398-09-03','0000-00-00'),(3965,'ارشام','امیری','','0000-00-00','',0,'09121326262',0,'0000-00-00',0,'1398-09-03','0000-00-00'),(3966,'مایا','امیری وحید','','1396-04-01','',0,'09121388922',0,'0000-00-00',0,'1398-09-03','0000-00-00'),(3967,'ادرین','امانی','','1393-01-08','',0,'09123117443',0,'0000-00-00',0,'1398-09-03','0000-00-00'),(3968,'ماهگل','صمدی','','1396-02-10','',0,'09133111956',0,'0000-00-00',0,'1398-09-03','0000-00-00'),(3969,'مهرسام','مرادی','','1396-09-03','',0,'09380210360',0,'0000-00-00',0,'1398-09-03','0000-00-00'),(3970,'جانان','یزدی','','1395-05-11','',0,'09124574407',0,'0000-00-00',0,'1398-09-03','0000-00-00'),(3971,'یاس','رحیمی','','1395-04-20','',0,'09127202359',0,'0000-00-00',0,'1398-09-03','0000-00-00'),(3973,'جانان','قاسمی','','1395-12-26','',0,'09123618404',0,'0000-00-00',0,'1398-09-04','0000-00-00'),(3974,'حامی','هدایتیان','','1397-05-29','',0,'09126171143',0,'0000-00-00',0,'1398-09-04','0000-00-00'),(3975,'یاسین','هدایتیان','','1392-10-07','',0,'09126171143',0,'0000-00-00',0,'1398-09-04','0000-00-00'),(3976,'ارسس','اذری فر','','1396-05-10','',0,'09121027815',0,'0000-00-00',0,'1398-09-04','0000-00-00'),(3977,'کمند','کامیار','','0000-00-00','',0,'09121788148',0,'0000-00-00',0,'1398-09-04','0000-00-00'),(3978,'نهال','کامیار','','1392-12-17','',0,'09121788148',0,'0000-00-00',0,'1398-09-04','0000-00-00'),(3979,'اوین','راستگو','','1392-11-01','',0,'09122034591',0,'0000-00-00',0,'1398-09-04','0000-00-00'),(3980,'اراز','راستگو','','1396-06-25','',0,'09122034591',0,'0000-00-00',0,'1398-09-04','0000-00-00'),(3981,'علی','کسمایی','','1392-12-18','',0,'09126300834',0,'0000-00-00',0,'1398-09-04','0000-00-00'),(3982,'اپامه','محمدهاشم','','1394-01-25','',0,'09122053242',0,'0000-00-00',0,'1398-09-04','0000-00-00'),(3984,'رها','علیبیگی','','1393-10-11','',0,'09128195940',0,'0000-00-00',0,'1398-09-04','0000-00-00'),(3985,'نونا','کریمی','','1393-11-06','',0,'09121019407',0,'0000-00-00',0,'1398-09-04','0000-00-00'),(3986,'ارتین','حصیرچیان','','1393-08-22','',0,'09123442479',0,'0000-00-00',0,'1398-09-04','0000-00-00'),(3987,'دایانا','صدر','','1394-09-24','',0,'09123851263',0,'0000-00-00',0,'1398-09-04','0000-00-00'),(3988,'لنا','نوریان','','1393-05-12','',0,'09128367843',0,'0000-00-00',0,'1398-09-04','0000-00-00'),(3989,'سوفی','ریس زاده','','1397-02-10','',0,'09124260924',0,'0000-00-00',0,'1398-09-04','0000-00-00'),(3990,'الین','مشیری','','1397-05-22','',0,'09125487951',0,'0000-00-00',0,'1398-09-04','0000-00-00'),(3991,'لیانا','بابایی پور','','0000-00-00','',0,'09190919211',0,'0000-00-00',0,'1398-09-04','0000-00-00'),(3992,'جانان','احمدی صادقیه','','1393-11-14','',0,'09121767512',0,'0000-00-00',0,'1398-09-04','0000-00-00'),(3993,'ارشان','طهماسبی','','1394-11-18','',0,'09124061251',0,'0000-00-00',0,'1398-09-04','0000-00-00'),(3994,'ارون','باقری','','1395-11-07','',0,'09352103801',0,'0000-00-00',0,'1398-09-04','0000-00-00'),(3995,'پارسا','اسماعیلی','','1398-01-05','',0,'09121455071',0,'0000-00-00',0,'1398-09-04','0000-00-00'),(3996,'دنیا','خاکنیا','','1394-03-18','',0,'09124033184',0,'0000-00-00',0,'1398-09-04','0000-00-00'),(3997,'مسیحا','نظری','','1397-09-04','',0,'09123982646',0,'0000-00-00',0,'1398-09-04','0000-00-00'),(3998,'پریا','گرامی','','1395-08-12','',0,'09122390599',0,'0000-00-00',0,'1398-09-04','0000-00-00'),(3999,'برنا','روستا','','1394-06-15','',0,'09121225581',0,'0000-00-00',0,'1398-09-04','0000-00-00'),(4000,'برسام','روستا','','1392-02-16','',0,'09121225581',0,'0000-00-00',0,'1398-09-04','0000-00-00'),(4001,'امیرارسام','احمدی','','1394-12-01','',0,'09121154005',0,'0000-00-00',0,'1398-09-04','0000-00-00'),(4002,'بنیتا','ولادی','','1394-07-28','',0,'09125256857',0,'0000-00-00',0,'1398-09-04','0000-00-00'),(4003,'نیاز','عزیزی','','1396-02-14','',0,'09120919139',0,'0000-00-00',0,'1398-09-04','0000-00-00'),(4004,'بارمان','ولادی','','1396-04-01','',0,'09125256857',0,'0000-00-00',0,'1398-09-04','0000-00-00'),(4005,'لیا رز','مهدوی','','1397-04-05','',0,'09121222373',0,'0000-00-00',0,'1398-09-04','0000-00-00'),(4006,'زهرا','نوذری','','1395-11-26','',0,'09126262859',0,'0000-00-00',0,'1398-09-04','0000-00-00'),(4007,'ارین','عباسی','','1394-10-04','',0,'09121966692',0,'0000-00-00',0,'1398-09-04','0000-00-00'),(4008,'رایان','قنادی','','1998-07-17','',0,'09124549618',0,'0000-00-00',0,'1398-09-04','0000-00-00'),(4009,'عابس','محمدزاده','','1396-10-18','',0,'09123772683',0,'0000-00-00',0,'1398-09-04','0000-00-00'),(4010,'علی','پورعطا','','1392-02-26','',0,'09124767968',0,'0000-00-00',0,'1398-09-04','0000-00-00'),(4011,'نیاز','میری','','1396-07-01','',0,'0912399490',0,'0000-00-00',0,'1398-09-04','0000-00-00'),(4012,'لنا','حائری','','1395-12-25','',0,'09121954854',0,'0000-00-00',0,'1398-09-04','0000-00-00'),(4013,'روشا','رضاپور','','1395-01-17','',0,'09125388229',0,'0000-00-00',0,'1398-09-04','0000-00-00'),(4014,'رادوین','مهدویان','','1396-09-10','',0,'09122881219',0,'0000-00-00',0,'1398-09-04','0000-00-00'),(4015,'پارمیدا','رحیمی','','1386-10-30','',0,'09120439546',0,'0000-00-00',0,'1398-09-04','0000-00-00'),(4016,'اراز','کاجی','','1397-03-11','',0,'09124791167',0,'0000-00-00',0,'1398-09-05','0000-00-00'),(4017,'امیرحسین','خردمندان','','1396-09-21','',0,'09388934438',0,'0000-00-00',0,'1398-09-05','0000-00-00'),(4018,'می گل','سلطانی','','1396-12-23','',0,'09121340791',0,'0000-00-00',0,'1398-09-05','0000-00-00'),(4019,'تئو','رمضان','','0000-00-00','',0,'09127047992',0,'0000-00-00',0,'1398-09-05','0000-00-00'),(4020,'نامی','خلیلی','','1395-10-04','',0,'09122210364',0,'0000-00-00',0,'1398-09-05','0000-00-00'),(4021,'ارسین ','مرعشی','','1395-09-18','',0,'09122781171',0,'0000-00-00',0,'1398-09-05','0000-00-00'),(4022,'تیا','یوسف','','0000-00-00','',0,'09127035237',0,'0000-00-00',0,'1398-09-05','0000-00-00'),(4023,'پرتو','علیزاده','','1395-06-11','',0,'09112303603',0,'0000-00-00',0,'1398-09-05','0000-00-00'),(4025,'هیراد','رضایی','','0000-00-00','',0,'',0,'0000-00-00',0,'1398-09-05','0000-00-00'),(4026,'نارگل','علیزاده','','1394-12-12','',0,'09123860929',0,'0000-00-00',0,'1398-09-05','0000-00-00'),(4027,'ایسل','محمدیان','','1394-05-31','',0,'09194758292',0,'0000-00-00',0,'1398-09-05','0000-00-00'),(4028,'درسا','اسحاقی','','1395-07-22','',0,'09125579327',0,'0000-00-00',0,'1398-09-05','0000-00-00'),(4029,'نیروانا','پورسعیدی','','1395-10-17','',0,'09125374863',0,'0000-00-00',0,'1398-09-05','0000-00-00'),(4030,'اروین','دلیری','','1394-10-15','',0,'09127303050',0,'0000-00-00',0,'1398-09-05','0000-00-00'),(4031,'دانیال','خداداد','','1394-03-28','',0,'09121124551',0,'0000-00-00',0,'1398-09-05','0000-00-00'),(4032,'نورین','شهرابی','','1394-11-04','',0,'09123099331',0,'0000-00-00',0,'1398-09-05','0000-00-00'),(4033,'بنیتا','اشرفی','','1393-03-26','',0,'09197932603',0,'0000-00-00',0,'1398-09-05','0000-00-00'),(4034,'نیکا','شعبانی','','1395-11-19','',0,'09127990419',0,'0000-00-00',0,'1398-09-05','0000-00-00'),(4035,'مایا','محسنی','','1396-03-07','',0,'09122956300',0,'0000-00-00',0,'1398-09-05','0000-00-00'),(4036,'لیلی ','محمدی','','1397-02-24','',0,'09121941429',0,'0000-00-00',0,'1398-09-05','0000-00-00'),(4037,'انزو','کامرانی','','1396-02-18','',0,'09128340480',0,'0000-00-00',0,'1398-09-05','0000-00-00'),(4038,'ترنم','مهابادی','','1396-12-24','',0,'09125949684',0,'0000-00-00',0,'1398-09-05','0000-00-00'),(4039,'لیلی','خلیل بیگی','','0000-00-00','',0,'09121104503',0,'0000-00-00',0,'1398-09-05','0000-00-00'),(4040,'السا','میرعلی زاده','','1394-02-22','',0,'09121385271',0,'0000-00-00',0,'1398-09-05','0000-00-00'),(4041,'پارسا','ایقانی','','0000-00-00','',0,'09122349268',0,'0000-00-00',0,'1398-09-05','0000-00-00'),(4042,'هستی','کاظمی','','1396-02-29','',0,'09121275970',0,'0000-00-00',0,'1398-09-05','0000-00-00'),(4043,'امیرعلی','باباش زاده','','1392-05-10','',0,'09121968807',0,'0000-00-00',0,'1398-09-05','0000-00-00'),(4044,'جانان','گلستان','','1393-11-14','',0,'09122110214',0,'0000-00-00',0,'1398-09-05','0000-00-00'),(4045,'سلین','همتی','','1396-10-30','',0,'09128910532',0,'0000-00-00',0,'1398-09-05','0000-00-00'),(4046,'ماهور','نظری','','1395-10-26','',0,'09198402066',0,'0000-00-00',0,'1398-09-05','0000-00-00'),(4047,'ماهد','مقدم','','1397-07-03','',0,'09124227598',0,'0000-00-00',0,'1398-09-05','0000-00-00'),(4048,'باراد','فریدنی','','1396-01-01','',0,'09120218117',0,'0000-00-00',0,'1398-09-05','0000-00-00'),(4049,'عماد','امجدی','','1391-10-25','',0,'09123119097',0,'0000-00-00',0,'1398-09-05','0000-00-00'),(4050,'حسین','امجدی','','0000-00-00','',0,'',0,'0000-00-00',0,'1398-09-05','0000-00-00'),(4051,'نامی','امجدی','','1396-11-03','',0,'09123119097',0,'0000-00-00',0,'1398-09-05','0000-00-00'),(4052,'ارون','هورتاش','','1396-06-02','',0,'09191236658',0,'0000-00-00',0,'1398-09-06','0000-00-00'),(4054,'ایلیا','رجبی','','1395-08-12','',0,'09126994943',0,'0000-00-00',0,'1398-09-06','0000-00-00'),(4055,'سام','خردید','','1998-02-16','',0,'09123099127',0,'0000-00-00',0,'1398-09-06','0000-00-00'),(4056,'پرشان','شمس','','1393-01-01','',0,'09123300324',0,'0000-00-00',0,'1398-09-06','0000-00-00'),(4058,'تارا','کمپانی','','1395-12-13','',0,'09121996433',0,'0000-00-00',0,'1398-09-06','0000-00-00'),(4059,'نامدار','کمپانی','','1394-07-07','',0,'09121996433',0,'0000-00-00',0,'1398-09-06','0000-00-00'),(4060,'تکین','حقیقت منش','','0000-00-00','',0,'09123093900',0,'0000-00-00',0,'1398-09-06','0000-00-00'),(4061,'مانلی','سلیمی','','1395-11-25','',0,'09122791347',0,'0000-00-00',0,'1398-09-06','0000-00-00'),(4063,'هانا','اسفندیارنژاد','','1397-06-18','',0,'09122216891',0,'0000-00-00',0,'1398-09-06','0000-00-00'),(4064,'مهراوا','سادات الحسینی','','1394-04-13','',0,'09352533376',0,'0000-00-00',0,'1398-09-07','0000-00-00'),(4065,'مهرشید','سادات الحسینی','','1396-12-22','',0,'09352533376',0,'0000-00-00',0,'1398-09-07','0000-00-00'),(4068,'برسام','حکیمی','','1393-10-23','',0,'09122034475',0,'0000-00-00',0,'1398-09-07','0000-00-00'),(4069,'کیان','کاظم','','1395-12-05','',0,'09123226673',0,'0000-00-00',0,'1398-09-07','0000-00-00'),(4070,'لی لی','فرهمند','','1995-03-26','',0,'09121238085',0,'0000-00-00',0,'1398-09-07','0000-00-00'),(4071,'ادربن','ایمانی','','1996-02-20','',0,'09127174080',0,'0000-00-00',0,'1398-09-07','0000-00-00'),(4072,'نیکولو','روکتی','','1995-03-22','',0,'09123225652',0,'0000-00-00',0,'1398-09-07','0000-00-00'),(4073,'باران','عطایی','','1993-07-14','',0,'09125043599',0,'0000-00-00',0,'1398-09-07','0000-00-00'),(4074,'بردیا','عطایی','','1997-07-01','',0,'09125043599',0,'0000-00-00',0,'1398-09-07','0000-00-00'),(4075,'پرنسا','مختاری','','1995-06-07','',0,'09121190577',0,'0000-00-00',0,'1398-09-07','0000-00-00'),(4076,'سلین','قروی','','1397-01-19','',0,'09125514525',0,'0000-00-00',0,'1398-09-07','0000-00-00'),(4078,'طناز','جواهری','','1392-09-06','',0,'09126465563',0,'0000-00-00',0,'1398-09-07','0000-00-00'),(4080,'ارشا','یوسف نژاد','','1397-03-12','',0,'09123368038',0,'0000-00-00',0,'1398-09-07','0000-00-00'),(4081,'باران','فرجی','','1389-07-22','',0,'09122773099',0,'0000-00-00',0,'1398-09-07','0000-00-00'),(4082,'سام','جهانبانی','','1397-04-10','',0,'09124073184',0,'0000-00-00',0,'1398-09-07','0000-00-00'),(4083,'نامی','نعمتی','','1397-04-18','',0,'09121044265',0,'0000-00-00',0,'1398-09-07','0000-00-00'),(4084,'اراد','معمارزاده','','1994-05-06','',0,'09123348212',0,'0000-00-00',0,'1398-09-08','0000-00-00'),(4085,'کارن','میرسجادی','','1396-12-17','',0,'09120746411',0,'0000-00-00',0,'1398-09-08','0000-00-00'),(4086,'سایه','فصیحی','','0000-00-00','',0,'09122073588',0,'0000-00-00',0,'1398-09-08','0000-00-00'),(4087,'میلان','حجازی','','1394-07-18','',0,'09194700560',0,'0000-00-00',0,'1398-09-08','0000-00-00'),(4088,'لیانا','عصار','','1394-12-25','',0,'09121093012',0,'0000-00-00',0,'1398-09-08','0000-00-00'),(4089,'پانیسا','مهرافرین','','1391-04-07','',0,'09122525145',0,'0000-00-00',0,'1398-09-08','0000-00-00'),(4090,'سالار','مولایی','','1396-02-11','',0,'09122345561',0,'0000-00-00',0,'1398-09-08','0000-00-00'),(4091,'ساحل','مولایی','','1396-02-11','',0,'09122345561',0,'0000-00-00',0,'1398-09-08','0000-00-00'),(4092,'کارن','روینده','','1396-01-07','',0,'09012303210',0,'0000-00-00',0,'1398-09-08','0000-00-00'),(4093,'بردیا','توحیدی','','1998-07-07','',0,'09122189280',0,'0000-00-00',0,'1398-09-08','0000-00-00'),(4094,'ایزابلا','حسینی','','1395-08-08','',0,'09133068004',0,'0000-00-00',0,'1398-09-08','0000-00-00'),(4095,'ایزابلا','حسینی','','1395-08-08','',0,'09133068004',0,'0000-00-00',0,'1398-09-08','0000-00-00'),(4096,'رافایل','حسینی','','1397-04-12','',0,'09133068004',0,'0000-00-00',0,'1398-09-08','0000-00-00'),(4097,'نیکی','صارمی','','1387-05-15','',0,'09121113864',0,'0000-00-00',0,'1398-09-08','0000-00-00'),(4098,'سوفی','صارمی','','1389-11-02','',0,'09121113864',0,'0000-00-00',0,'1398-09-08','0000-00-00'),(4099,'سام ','صارمی','','1393-10-11','',0,'09121113864',0,'0000-00-00',0,'1398-09-08','0000-00-00'),(4100,'ارتین','صدری','','1396-01-19','',0,'09121168806',0,'0000-00-00',0,'1398-09-08','0000-00-00'),(4103,'سونیا','شاه سوارانی','','1393-05-02','',0,'09121793612',0,'0000-00-00',0,'1398-09-08','0000-00-00'),(4104,'جیوان','نوشادیان','','1394-01-09','',0,'09126181742',0,'0000-00-00',0,'1398-09-08','0000-00-00'),(4105,'هانا','اقامیری','','1396-11-14','',0,'09122006510',0,'0000-00-00',0,'1398-09-08','0000-00-00'),(4106,'محمدعلی','غضنفری','','1393-10-20','',0,'09122129253',0,'0000-00-00',0,'1398-09-08','0000-00-00'),(4107,'دینا','اسماعیلی','','1391-10-27','',0,'09121486030',0,'0000-00-00',0,'1398-09-08','0000-00-00'),(4108,'شایلین','بازاچی','','1998-07-27','',0,'09127340679',0,'0000-00-00',0,'1398-09-08','0000-00-00'),(4109,'مانیا','شریفی','','1394-03-29','',0,'09122908311',0,'0000-00-00',0,'1398-09-08','0000-00-00'),(4110,'ارسان','محمدی','','1396-03-09','',0,'09123142998',0,'0000-00-00',0,'1398-09-08','0000-00-00'),(4111,'محمدسام','اسحاقی نژاد','','1397-07-05','',0,'09126000812',0,'0000-00-00',0,'1398-09-08','0000-00-00'),(4112,'لیانا','فارابی','','1396-03-20','',0,'09124254397',0,'0000-00-00',0,'1398-09-08','0000-00-00'),(4113,'رونیکا','کشاورز','','1395-01-16','',0,'09123049134',0,'0000-00-00',0,'1398-09-08','0000-00-00'),(4114,'امیرحسین','امیری زاده','','1397-04-28','',0,'09124088805',0,'0000-00-00',0,'1398-09-08','0000-00-00'),(4115,'هیرا','معظی','','1395-08-17','',0,'09123435773',0,'0000-00-00',0,'1398-09-08','0000-00-00'),(4116,'دوها','شین','','1393-02-08','',0,'09130888499',0,'0000-00-00',0,'1398-09-08','0000-00-00'),(4117,'لوا','شین','','1395-07-08','',0,'09120888499',0,'0000-00-00',0,'1398-09-08','0000-00-00'),(4118,'باراد','طیبی','','1395-03-05','',0,'09128485030',0,'0000-00-00',0,'1398-09-08','0000-00-00'),(4120,'لیانا','حسنیان','','1396-07-24','',0,'09121209452',0,'0000-00-00',0,'1398-09-09','0000-00-00'),(4124,'دل ارا','رستگارپناه','','1396-12-10','',0,'09121256895',0,'0000-00-00',0,'1398-09-09','0000-00-00'),(4126,'یکتا','عامری','','1390-12-29','',0,'09121544593',0,'0000-00-00',0,'1398-09-09','0000-00-00'),(4127,'ونوس','ابوالفتحیان','','1393-08-15','',0,'09121436679',0,'0000-00-00',0,'1398-09-09','0000-00-00'),(4128,'اراز','مصطفی زاده','','1396-10-01','',0,'09125144133',0,'0000-00-00',0,'1398-09-09','0000-00-00'),(4129,'نورا','کرباسچی','','1393-05-25','',0,'09123993101',0,'0000-00-00',0,'1398-09-09','0000-00-00'),(4130,'بردیا','صلح جو','','1393-08-20','',0,'09122079237',0,'0000-00-00',0,'1398-09-09','0000-00-00'),(4131,'رایین','جمال زاده','','1395-02-16','',0,'09128001077',0,'0000-00-00',0,'1398-09-10','0000-00-00'),(4132,'مهرسام','اعلایی','','1395-05-03','',0,'09122203286',0,'0000-00-00',0,'1398-09-10','0000-00-00'),(4133,'دیانا','فیروزیان','','1395-05-05','',0,'09124048664',0,'0000-00-00',0,'1398-09-10','0000-00-00'),(4134,'ارین','برزگر','','1393-03-06','',0,'09122770796',0,'0000-00-00',0,'1398-09-10','0000-00-00'),(4135,'ارین','کلانتری','','1392-10-24','',0,'09121965748',0,'0000-00-00',0,'1398-09-10','0000-00-00'),(4136,'امیر حسین','کلانتر','','1998-08-06','',0,'09123862154',0,'0000-00-00',0,'1398-09-10','0000-00-00'),(4137,'روشا','امیری','','0000-00-00','',0,'09121784147',0,'0000-00-00',0,'1398-09-10','0000-00-00'),(4138,'ارشا','رهبری','','1994-12-01','',0,'09127711117',0,'0000-00-00',0,'1398-09-10','0000-00-00'),(4139,'ماتیار','پور قاسمی','','1997-01-20','',0,'09189113115',0,'0000-00-00',0,'1398-09-10','0000-00-00'),(4140,'باربد','خسروانی','','1394-04-12','',0,'09124105703',0,'0000-00-00',0,'1398-09-10','0000-00-00'),(4141,'اهورا','ابراهیمیان','','1393-09-18','',0,'09123718123',0,'0000-00-00',0,'1398-09-10','0000-00-00'),(4142,'اوستا','ابراهیمیان','','1395-08-01','',0,'09123718123',0,'0000-00-00',0,'1398-09-10','0000-00-00'),(4143,'سوفیا','شیخ الاسلامی','','1394-01-01','',0,'09122148324',0,'0000-00-00',0,'1398-09-10','0000-00-00'),(4144,'ارشام','پورامجد','','1395-01-31','',0,'09126400859',0,'0000-00-00',0,'1398-09-10','0000-00-00'),(4145,'اریو','هاشمی','','1396-01-01','',0,'09124074771',0,'0000-00-00',0,'1398-09-10','0000-00-00'),(4146,'فراز','عاصمی','','1397-09-19','',0,'09122238605',0,'0000-00-00',0,'1398-09-10','0000-00-00'),(4147,'نیلا','زرفام','','1397-12-20','',0,'09121366545',0,'0000-00-00',0,'1398-09-10','0000-00-00'),(4148,'نورا','فخرفاطمی','','1394-07-18','',0,'09122114502',0,'0000-00-00',0,'1398-09-10','0000-00-00'),(4149,'الوین','اذری','','1396-09-29','',0,'09121251843',0,'0000-00-00',0,'1398-09-10','0000-00-00'),(4150,'تارا','امداد','','1393-04-01','',0,'09125807814',0,'0000-00-00',0,'1398-09-10','0000-00-00'),(4151,'ویانا','رئوف','','1393-07-07','',0,'09123437597',0,'0000-00-00',0,'1398-09-10','0000-00-00'),(4152,'شاهان','نراقی','','1393-05-22','',0,'09124266588',0,'0000-00-00',0,'1398-09-10','0000-00-00'),(4153,'نورا','فاتح','','1396-03-12','',0,'09124471959',0,'0000-00-00',0,'1398-09-10','0000-00-00'),(4154,'مانلی','رحمت الهی','','1397-02-06','',0,'09123306054',0,'0000-00-00',0,'1398-09-10','0000-00-00'),(4161,'نارین','گلپور','','1394-11-03','',0,'09123144518',0,'0000-00-00',0,'1398-09-11','0000-00-00'),(4162,'نهال','بلالی','','1396-10-19','',0,'09128935965',0,'0000-00-00',0,'1398-09-11','0000-00-00'),(4164,'سام','فرج زاده','','1396-06-07','',0,'09121104346',0,'0000-00-00',0,'1398-09-11','0000-00-00'),(4165,'مهرسام','لطفی','','1396-06-11','',0,'09112454822',0,'0000-00-00',0,'1398-09-11','0000-00-00'),(4166,'لی لی','خلیل بیگی','','0000-00-00','',0,'09122779257',0,'0000-00-00',0,'1398-09-12','0000-00-00'),(4167,'نیروانا','اربابی','','1996-04-25','',0,'09113341205',0,'0000-00-00',0,'1398-09-12','0000-00-00'),(4168,'نفس','جان نثار','','1996-08-01','',0,'09125264587',0,'0000-00-00',0,'1398-09-12','0000-00-00'),(4170,'کیان','خاکویی','','1393-11-13','',0,'09122056848',0,'0000-00-00',0,'1398-09-12','0000-00-00'),(4172,'ریحانه','میرصادقی','','1396-07-12','',0,'09123008398',0,'0000-00-00',0,'1398-09-12','0000-00-00'),(4173,'انیتا','مرادزاده','','1393-05-20','',0,'09121029687',0,'0000-00-00',0,'1398-09-12','0000-00-00'),(4175,'اما ','گایگر','','1396-10-09','',0,'09107452159',0,'0000-00-00',0,'1398-09-13','0000-00-00'),(4176,'امین','الله داد','','1394-09-13','',0,'09123802209',0,'0000-00-00',0,'1398-09-13','0000-00-00'),(4177,'اریاناز','جلالیان','','1397-01-23','',0,'09134508441',0,'0000-00-00',0,'1398-09-13','0000-00-00'),(4178,'اریان','احمدیان','','1394-10-15','',0,'09361257766',0,'0000-00-00',0,'1398-09-13','0000-00-00'),(4179,'اریان','احمدیان','','1394-10-15','',0,'09361257766',0,'0000-00-00',0,'1398-09-13','0000-00-00'),(4180,'رز','خلیلی','','1396-09-13','',0,'09122452104',0,'0000-00-00',0,'1398-09-13','0000-00-00'),(4185,'علیرضا','اصفهانی نژاد','','1394-12-13','',0,'09121191099',0,'0000-00-00',0,'1398-09-13','0000-00-00'),(4187,'والا','افشار','','1994-03-18','',0,'09122109462',0,'0000-00-00',0,'1398-09-13','0000-00-00'),(4188,'هانا','قمری','','1996-04-17','',0,'09121262772',0,'0000-00-00',0,'1398-09-13','0000-00-00'),(4189,'درین','میری','','1988-01-03','',0,'09122026581',0,'0000-00-00',0,'1398-09-14','0000-00-00'),(4190,'درین','غزنوی','','0000-00-00','',0,'',0,'0000-00-00',0,'1398-09-14','0000-00-00'),(4191,'دیبا','پرنیانپور','','1990-08-18','',0,'09123088675',0,'0000-00-00',0,'1398-09-14','0000-00-00'),(4192,'نیکا','شیبانی','','0000-00-00','',0,'',0,'0000-00-00',0,'1398-09-14','0000-00-00'),(4194,'دینا','مشاریی','','0000-00-00','',0,'091219055846',0,'0000-00-00',0,'1398-09-14','0000-00-00'),(4195,'دیبا','مشاریی','','0000-00-00','',0,'091219055846',0,'0000-00-00',0,'1398-09-14','0000-00-00'),(4196,'امیرعلی','عابدی','','1992-04-07','',0,'091218906992',0,'0000-00-00',0,'1398-09-14','0000-00-00'),(4197,'مانا','قیاسی','','0000-00-00','',0,'09121325926',0,'0000-00-00',0,'1398-09-14','0000-00-00'),(4198,'رما','رزاقی','','1995-12-22','',0,'09126304032',0,'0000-00-00',0,'1398-09-14','0000-00-00'),(4201,'روشا','مظفری','','0000-00-00','',0,'09123341135',0,'0000-00-00',0,'1398-09-14','0000-00-00'),(4202,'دلسا','محمدخوانی','','1998-09-20','',0,'09122987658',0,'0000-00-00',0,'1398-09-14','0000-00-00'),(4205,'نامدار','پرنیانپور','','0000-00-00','',0,'',0,'0000-00-00',0,'1398-09-14','0000-00-00'),(4206,'سپندار','پرنیانپور','','0000-00-00','',0,'',0,'0000-00-00',0,'1398-09-14','0000-00-00'),(4207,'الینا','زرکش','','0000-00-00','',0,'09121976442',0,'0000-00-00',0,'1398-09-14','0000-00-00'),(4209,'سارا','محمدخوانی','','1995-09-14','',0,'09123941922',0,'0000-00-00',0,'1398-09-14','0000-00-00'),(4210,'اروشا','باقریان','','1993-10-15','',0,'09121060785',0,'0000-00-00',0,'1398-09-14','0000-00-00'),(4211,'محمداحسان','اخوان','','1994-06-01','',0,'09124058966',0,'0000-00-00',0,'1398-09-14','0000-00-00'),(4212,'لیام','برقه ای','','1997-03-24','',0,'09126165957',0,'0000-00-00',0,'1398-09-14','0000-00-00'),(4213,'ایلیا','رجب ','','1995-08-12','',0,'09126994943',0,'0000-00-00',0,'1398-09-14','0000-00-00'),(4214,'نامدار','فلاح','','1995-10-16','',0,'09121158728',0,'0000-00-00',0,'1398-09-14','0000-00-00'),(4216,'سایا','فلاح','','1390-03-23','',0,'09121158728',0,'0000-00-00',0,'1398-09-14','0000-00-00'),(4217,'دیبا','فلاح','','1392-05-02','',0,'09121158728',0,'0000-00-00',0,'1398-09-14','0000-00-00'),(4218,'محمدراستین','صبوری','','1395-11-20','',0,'09121958296',0,'0000-00-00',0,'1398-09-14','0000-00-00'),(4219,'کارن','تاجیک','','1393-11-12','',0,'09123043581',0,'0000-00-00',0,'1398-09-14','0000-00-00'),(4220,'سوفیا','حبیبیان','','1392-12-14','',0,'09122272902',0,'0000-00-00',0,'1398-09-14','0000-00-00'),(4221,'نیلارز','مهری','','1395-07-01','',0,'09122778556',0,'0000-00-00',0,'1398-09-14','0000-00-00'),(4222,'سبحان','روشنی','','1394-07-25','',0,'09128266317',0,'0000-00-00',0,'1398-09-14','0000-00-00'),(4223,'صدرا','روشنی','','1395-07-25','',0,'09128266317',0,'0000-00-00',0,'1398-09-14','0000-00-00'),(4224,'حنا','معظمی','','1395-09-07','',0,'09123140107',0,'0000-00-00',0,'1398-09-14','0000-00-00'),(4225,'ارمیتی','محمدی','','1395-10-12','',0,'09123223307',0,'0000-00-00',0,'1398-09-14','0000-00-00'),(4226,'امیرسام','پارسان','','1397-07-25','',0,'09121333461',0,'0000-00-00',0,'1398-09-14','0000-00-00'),(4227,'نرگس','مراوندی','','1395-03-03','',0,'09194015180',0,'0000-00-00',0,'1398-09-15','0000-00-00'),(4228,'لیانا','توانایی','','1397-06-03','',0,'09133704096',0,'0000-00-00',0,'1398-09-15','0000-00-00'),(4229,'کیانا','کیوان پور','','1393-02-28','',0,'09132130932',0,'0000-00-00',0,'1398-09-15','0000-00-00'),(4230,'سوفی','تقی زاده','','1397-06-02','',0,'09123864175',0,'0000-00-00',0,'1398-09-15','0000-00-00'),(4231,'نویان','یزدی','','1395-09-06','',0,'09121328764',0,'0000-00-00',0,'1398-09-15','0000-00-00'),(4232,'طناز','متشرعی','','1389-08-12','',0,'09203174167',0,'0000-00-00',0,'1398-09-15','0000-00-00'),(4233,'رایان','رحیم پور','','1393-03-20','',0,'09126013763',0,'0000-00-00',0,'1398-09-15','0000-00-00'),(4234,'النا','رحیم پور','','1396-05-04','',0,'09126013763',0,'0000-00-00',0,'1398-09-15','0000-00-00'),(4235,'عرشیا','منتظری','','1397-04-24','',0,'09362971981',0,'0000-00-00',0,'1398-09-15','0000-00-00'),(4236,'باران','قریشی','','1393-09-27','',0,'09123022832',0,'0000-00-00',0,'1398-09-15','0000-00-00'),(4237,'سام','نخعی','','1393-10-21','',0,'09123586628',0,'0000-00-00',0,'1398-09-15','0000-00-00'),(4238,'پاشا','نخعی','','1393-10-21','',0,'09123586628',0,'0000-00-00',0,'1398-09-15','0000-00-00'),(4239,'مایا','فراهانی','','1395-12-18','',0,'09123335550',0,'0000-00-00',0,'1398-09-15','0000-00-00'),(4240,'حانیه','بخشعلی زاده','','1396-01-06','',0,'09122858455',0,'0000-00-00',0,'1398-09-15','0000-00-00'),(4241,'امیرمحمد','دهقانی','','1395-09-27','',0,'09123816938',0,'0000-00-00',0,'1398-09-15','0000-00-00'),(4242,'امیرعلی','دهقانی','','1397-01-07','',0,'09123816938',0,'0000-00-00',0,'1398-09-15','0000-00-00'),(4243,'داریا','انصاری','','1397-03-04','',0,'09123306826',0,'0000-00-00',0,'1398-09-15','0000-00-00'),(4244,'رادین','امینی','','1397-04-28','',0,'09195004073',0,'0000-00-00',0,'1398-09-15','0000-00-00'),(4245,'نفس','دهقانی','','1397-03-04','',0,'09124359236',0,'0000-00-00',0,'1398-09-15','0000-00-00'),(4246,'سامین','کنی','','0000-00-00','',0,'09122715200',0,'0000-00-00',0,'1398-09-15','0000-00-00'),(4247,'نفس','مقدم','','1397-06-13','',0,'09126345358',0,'0000-00-00',0,'1398-09-15','0000-00-00'),(4248,'درین','درویشی','','1393-09-26','',0,'09122980907',0,'0000-00-00',0,'1398-09-15','0000-00-00'),(4249,'درناز','درویشی','','1394-09-08','',0,'09122980907',0,'0000-00-00',0,'1398-09-15','0000-00-00'),(4253,'مانلی','فتحی','','1393-07-24','',0,'09121267126',0,'0000-00-00',0,'1398-09-16','0000-00-00'),(4254,'صدرا','معتمدیان','','1397-12-08','',0,'09127363394',0,'0000-00-00',0,'1398-09-16','0000-00-00'),(4255,'انیکا','برکسه','','1395-01-30','',0,'09058355132',0,'0000-00-00',0,'1398-09-17','0000-00-00'),(4256,'ایدن','برکاسه','','1393-01-01','',0,'09058355132',0,'0000-00-00',0,'1398-09-17','0000-00-00'),(4258,'دستان','پیرایش','','1396-08-04','',0,'09126453234',0,'0000-00-00',0,'1398-09-17','0000-00-00'),(4259,'سپنتا','فراهانی','','1396-01-23','',0,'09126470051',0,'0000-00-00',0,'1398-09-17','0000-00-00'),(4260,'پرهام','غفوریان','','1393-11-18','',0,'09199696190',0,'0000-00-00',0,'1398-09-17','0000-00-00'),(4261,'نامی','حکیمی','','1394-09-27','',0,'09131524839',0,'0000-00-00',0,'1398-09-17','0000-00-00'),(4265,'نرگس','حاجی محمد','','1997-07-21','',0,'097791688',0,'0000-00-00',0,'1398-09-17','0000-00-00'),(4266,'علیرضا','تاج زاده','','1396-11-20','',0,'09128726485',0,'0000-00-00',0,'1398-09-17','0000-00-00'),(4267,'هرمان','شاه گلی','','1397-08-14','',0,'09122404634',0,'0000-00-00',0,'1398-09-17','0000-00-00'),(4268,'کارن','سیدی','','1395-11-11','',0,'09127097042',0,'0000-00-00',0,'1398-09-17','0000-00-00'),(4269,'رایان','سیدی','','1395-11-11','',0,'09127097042',0,'0000-00-00',0,'1398-09-17','0000-00-00'),(4270,'الا','اله وردی','','1393-10-10','',0,'09121226324',0,'0000-00-00',0,'1398-09-17','0000-00-00'),(4271,'جانان نیلی','یزدان پناه','','1393-07-08','',0,'09121279332',0,'0000-00-00',0,'1398-09-17','0000-00-00'),(4272,'مهدیار','بختیاری','','1397-08-29','',0,'09128130638',0,'0000-00-00',0,'1398-09-17','0000-00-00'),(4273,'ارشیدا','ضیایی','','1397-02-02','',0,'09122114583',0,'0000-00-00',0,'1398-09-17','0000-00-00'),(4274,'تندیس','نظری','','0000-00-00','',0,'09128226282',0,'0000-00-00',0,'1398-09-18','0000-00-00'),(4275,'فاطمه','معزالدینی','','0000-00-00','',0,'09128045739',0,'0000-00-00',0,'1398-09-18','0000-00-00'),(4276,'دانیال','روحانی فرد','','1392-06-13','',0,'09122171274',0,'0000-00-00',0,'1398-09-18','0000-00-00'),(4277,'دیانا','روحانی فرد','','1392-06-13','',0,'09122171274',0,'0000-00-00',0,'1398-09-18','0000-00-00'),(4280,'نورا','سروش','','1397-01-21','',0,'09190085985',0,'0000-00-00',0,'1398-09-18','0000-00-00'),(4281,'لیلین','موسوی','','1397-07-24','',0,'09122180770',0,'0000-00-00',0,'1398-09-18','0000-00-00'),(4282,'دانیال','عسگری','','1395-10-26','',0,'09126223727',0,'0000-00-00',0,'1398-09-18','0000-00-00'),(4283,'دیبا','رجبی','','1395-05-09','',0,'09122128979',0,'0000-00-00',0,'1398-09-18','0000-00-00'),(4285,'اویسا','نوری','','1395-04-24','',0,'09126458667',0,'0000-00-00',0,'1398-09-18','0000-00-00'),(4286,'سام','حسینی','','1395-09-18','',0,'09126168869',0,'0000-00-00',0,'1398-09-18','0000-00-00'),(4287,'دنیز','تقی لو','','1394-06-28','',0,'09123394626',0,'0000-00-00',0,'1398-09-18','0000-00-00'),(4290,'دیاکو','ابریشمی','','1394-01-10','',0,'09123386126',0,'0000-00-00',0,'1398-09-18','0000-00-00'),(4291,'دیاکو','ابریشمی','','1394-01-10','',0,'09123386126',0,'0000-00-00',0,'1398-09-18','0000-00-00'),(4292,'نفیسه-رهام','','','0000-00-00','',0,'09125409007',0,'0000-00-00',0,'1398-09-19','0000-00-00'),(4293,'منا-آرشیدا','','','0000-00-00','',0,'09123954505',0,'0000-00-00',0,'1398-09-19','0000-00-00'),(4294,'هوروش-پاشا','','','0000-00-00','',0,'09123458054',0,'0000-00-00',0,'1398-09-19','0000-00-00'),(4295,'مهناز-سام','','','0000-00-00','',0,'09122948804',0,'0000-00-00',0,'1398-09-19','0000-00-00'),(4296,'سمیرا-آروشا','','','0000-00-00','',0,'09126062824',0,'0000-00-00',0,'1398-09-19','0000-00-00'),(4297,'فرشته-روشا','','','0000-00-00','',0,'09124952915',0,'0000-00-00',0,'1398-09-19','0000-00-00'),(4298,'مریم-ترنم','','','0000-00-00','',0,'09128012994',0,'0000-00-00',0,'1398-09-19','0000-00-00'),(4299,'نیلوفر-شایلی','','','0000-00-00','',0,'09128209953',0,'0000-00-00',0,'1398-09-19','0000-00-00'),(4300,'مینا-شایا','','','0000-00-00','',0,'09126487472',0,'0000-00-00',0,'1398-09-19','0000-00-00'),(4301,'عاطفه-سانیار','','','0000-00-00','',0,'09125793575',0,'0000-00-00',0,'1398-09-19','0000-00-00'),(4302,'هورا-هیلدا','','','0000-00-00','',0,'09123060215',0,'0000-00-00',0,'1398-09-19','0000-00-00'),(4303,'شیرین-علیرضا','','','0000-00-00','',0,'09122972762',0,'0000-00-00',0,'1398-09-19','0000-00-00'),(4304,'گلرنگ-آدریانا','','','0000-00-00','',0,'09123858329',0,'0000-00-00',0,'1398-09-19','0000-00-00'),(4305,'مهرانه-انوشا','','','0000-00-00','',0,'09123190368',0,'0000-00-00',0,'1398-09-19','0000-00-00'),(4306,'ندا-آراد','','','0000-00-00','',0,'09124942238',0,'0000-00-00',0,'1398-09-19','0000-00-00'),(4307,'نازنین-امیرعلی','','','0000-00-00','',0,'09122364682',0,'0000-00-00',0,'1398-09-19','0000-00-00'),(4309,'آرزو-آیسا','','','0000-00-00','',0,'09335163856',0,'0000-00-00',0,'1398-09-19','0000-00-00'),(4310,'شکوفه-پارسیا','','','0000-00-00','',0,'09122854932',0,'0000-00-00',0,'1398-09-19','0000-00-00'),(4311,'هانیه-بهار','','','0000-00-00','',0,'09377702526',0,'0000-00-00',0,'1398-09-19','0000-00-00'),(4312,'شورا-صدرا','','','0000-00-00','',0,'09209202306',0,'0000-00-00',0,'1398-09-19','0000-00-00'),(4313,'آیلی','آقایی ','','0000-00-00','',0,'09125268394',0,'0000-00-00',0,'1398-09-19','0000-00-00'),(4314,'آرتا','آقایی','','0000-00-00','',0,'09125268394',0,'0000-00-00',0,'1398-09-19','0000-00-00'),(4315,'','استادعلی','','0000-00-00','',0,'09121469947',0,'0000-00-00',0,'1398-09-19','0000-00-00'),(4316,'','علمایی','','0000-00-00','',0,'09123145390',0,'0000-00-00',0,'1398-09-19','0000-00-00'),(4317,'نازنین','دکمه چی','','0000-00-00','',0,'09122905848',0,'0000-00-00',0,'1398-09-19','0000-00-00'),(4318,'روناز','رشید','','0000-00-00','',0,'09126179016',0,'0000-00-00',0,'1398-09-19','0000-00-00'),(4319,'اراد','بساک','','0000-00-00','',0,'09124909334',0,'0000-00-00',0,'1398-09-19','0000-00-00'),(4320,'','صفایی','','0000-00-00','',0,'09125071787',0,'0000-00-00',0,'1398-09-19','0000-00-00'),(4321,'درسا','شاهمرادی','','0000-00-00','',0,'09125245336',0,'0000-00-00',0,'1398-09-19','0000-00-00'),(4322,'شاهان','شاهسوندی','','1395-06-10','',0,'09122034475',0,'0000-00-00',0,'1398-09-19','0000-00-00'),(4323,'رامتین','عثمانی','','0000-00-00','',0,'09127827882',0,'0000-00-00',0,'1398-09-19','0000-00-00'),(4324,'الشن','نثاری','','0000-00-00','',0,'09122584772',0,'0000-00-00',0,'1398-09-19','0000-00-00'),(4325,'دریتا','سلمان زاده','','0000-00-00','',0,'09124372587',0,'0000-00-00',0,'1398-09-19','0000-00-00'),(4326,'نهال','اقبالی','','0000-00-00','',0,'09183714073',0,'0000-00-00',0,'1398-09-19','0000-00-00'),(4327,'کوروش','ترکمندی','','0000-00-00','',0,'09102361366',0,'0000-00-00',0,'1398-09-19','0000-00-00'),(4328,'سپهر','فرزاد','','0000-00-00','',0,'09391028055',0,'0000-00-00',0,'1398-09-19','0000-00-00'),(4329,'سلنا','قدرتی','','0000-00-00','',0,'09123894733',0,'0000-00-00',0,'1398-09-19','0000-00-00'),(4330,'دیانا','گودرزی','','0000-00-00','',0,'09123340146',0,'0000-00-00',0,'1398-09-19','0000-00-00'),(4331,'آرتاتم','محمدیان','','0000-00-00','',0,'09122408910',0,'0000-00-00',0,'1398-09-19','0000-00-00'),(4332,'مهراس','اسیابان','','0000-00-00','',0,'09195076812',0,'0000-00-00',0,'1398-09-19','0000-00-00'),(4333,'السا','عباسی','','0000-00-00','',0,'09126712110',0,'0000-00-00',0,'1398-09-19','0000-00-00'),(4334,'شایان','','','0000-00-00','',0,'09122601815',0,'0000-00-00',0,'1398-09-19','0000-00-00'),(4335,'الینا','','','0000-00-00','',0,'09213678427',0,'0000-00-00',0,'1398-09-19','0000-00-00'),(4336,'دیبا','','','0000-00-00','',0,'09134615010',0,'0000-00-00',0,'1398-09-19','0000-00-00'),(4337,'نیلا','','','0000-00-00','',0,'09121939340',0,'0000-00-00',0,'1398-09-19','0000-00-00'),(4338,'','','','0000-00-00','',0,'09123832071',0,'0000-00-00',0,'1398-09-19','0000-00-00'),(4339,'بنیتا','','','0000-00-00','',0,'09127133333',0,'0000-00-00',0,'1398-09-19','0000-00-00'),(4341,'نیکا-مریم','','','0000-00-00','',0,'09126006150',0,'0000-00-00',0,'1398-09-19','0000-00-00'),(4342,'اوا','','','0000-00-00','',0,'09121871746',0,'0000-00-00',0,'1398-09-19','0000-00-00'),(4343,'نیکا-مهناز','','','0000-00-00','',0,'09121796981',0,'0000-00-00',0,'1398-09-19','0000-00-00'),(4344,'پارمیس','','','0000-00-00','',0,'09123156983',0,'0000-00-00',0,'1398-09-19','0000-00-00'),(4345,'تیدا','','','0000-00-00','',0,'09102184742',0,'0000-00-00',0,'1398-09-19','0000-00-00'),(4346,'دلسا','','','0000-00-00','',0,'09123793316',0,'0000-00-00',0,'1398-09-19','0000-00-00'),(4347,'مهرسام','','','0000-00-00','',0,'09123586475',0,'0000-00-00',0,'1398-09-19','0000-00-00'),(4348,'روشا','','','0000-00-00','',0,'09128406970',0,'0000-00-00',0,'1398-09-19','0000-00-00'),(4349,'ارسلان','','','0000-00-00','',0,'09126158246',0,'0000-00-00',0,'1398-09-19','0000-00-00'),(4350,'نیکا-ندا','','','0000-00-00','',0,'09125266883',0,'0000-00-00',0,'1398-09-19','0000-00-00'),(4351,'هستی','','','0000-00-00','',0,'09123194097',0,'0000-00-00',0,'1398-09-19','0000-00-00'),(4352,'شیرین-ارتین','','','0000-00-00','',0,'09128247266',0,'0000-00-00',0,'1398-09-19','0000-00-00'),(4353,'نازنین-علی-آرش','','','0000-00-00','',0,'09125246096',0,'0000-00-00',0,'1398-09-19','0000-00-00'),(4354,'نسیم-باران','','','0000-00-00','',0,'09125582432',0,'0000-00-00',0,'1398-09-19','0000-00-00'),(4355,'نشاط و نیلا','','','0000-00-00','',0,'09123504103',0,'0000-00-00',0,'1398-09-19','0000-00-00'),(4356,'ازدهار- مبینا','','','0000-00-00','',0,'09390018700',0,'0000-00-00',0,'1398-09-19','0000-00-00'),(4357,'شراره-لیلین','','','0000-00-00','',0,'09128449456',0,'0000-00-00',0,'1398-09-19','0000-00-00'),(4358,'فریماه-شارمیم','','','0000-00-00','',0,'09121770832',0,'0000-00-00',0,'1398-09-19','0000-00-00'),(4359,'ثمینه-سه نیک','','','0000-00-00','',0,'09123217252',0,'0000-00-00',0,'1398-09-19','0000-00-00'),(4360,'سولماز-رادمان','','','0000-00-00','',0,'09123889812',0,'0000-00-00',0,'1398-09-19','0000-00-00'),(4361,'سمیرا-باران','','','0000-00-00','',0,'09122839133',0,'0000-00-00',0,'1398-09-19','0000-00-00'),(4362,'اعظم-اریو-اریسا','','','0000-00-00','',0,'09128134473',0,'0000-00-00',0,'1398-09-19','0000-00-00'),(4363,'افسون-کامران','','','0000-00-00','',0,'09129262182',0,'0000-00-00',0,'1398-09-19','0000-00-00'),(4364,'نسیم و نامی','','','0000-00-00','',0,'09123626879',0,'0000-00-00',0,'1398-09-19','0000-00-00'),(4365,'فریبا و رزا','','','0000-00-00','',0,'09123656879',0,'0000-00-00',0,'1398-09-19','0000-00-00'),(4366,'آیسان- کیان','','','0000-00-00','',0,'09351865511',0,'0000-00-00',0,'1398-09-19','0000-00-00'),(4367,'مهزاد-امیرعلی','','','0000-00-00','',0,'09122364313',0,'0000-00-00',0,'1398-09-19','0000-00-00'),(4368,'شیرین-آویسا','','','0000-00-00','',0,'09129376236',0,'0000-00-00',0,'1398-09-19','0000-00-00'),(4369,'میترا-نیما','','','0000-00-00','',0,'09127941691',0,'0000-00-00',0,'1398-09-19','0000-00-00'),(4370,'هدی-سارینا','','','0000-00-00','',0,'09123452407',0,'0000-00-00',0,'1398-09-19','0000-00-00'),(4371,'مرجان- کیان','','','0000-00-00','',0,'09123223994',0,'0000-00-00',0,'1398-09-19','0000-00-00'),(4372,'فرناز-ویانا','','','0000-00-00','',0,'09121488206',0,'0000-00-00',0,'1398-09-19','0000-00-00'),(4373,'نفس-مریم','','','0000-00-00','',0,'09122217629',0,'0000-00-00',0,'1398-09-19','0000-00-00'),(4374,'اراد','','','0000-00-00','',0,'09125011787',0,'0000-00-00',0,'1398-09-19','0000-00-00'),(4375,'اوینا','','','0000-00-00','',0,'09122149251',0,'0000-00-00',0,'1398-09-19','0000-00-00'),(4376,'الشن','','','0000-00-00','',0,'09122587472',0,'0000-00-00',0,'1398-09-19','0000-00-00'),(4377,'سوده-ادلیا','','','0000-00-00','',0,'09121469947',0,'0000-00-00',0,'1398-09-19','0000-00-00'),(4378,'سحر-نیکی','','','0000-00-00','',0,'09128365366',0,'0000-00-00',0,'1398-09-19','0000-00-00'),(4379,'نسرین-انیتا','','','0000-00-00','',0,'09122202461',0,'0000-00-00',0,'1398-09-19','0000-00-00'),(4380,'شیما-السا','','','0000-00-00','',0,'09124597901',0,'0000-00-00',0,'1398-09-19','0000-00-00'),(4381,'نوشین-ژوانا','','','0000-00-00','',0,'09121867624',0,'0000-00-00',0,'1398-09-19','0000-00-00'),(4382,'شیدا-برسام','','','0000-00-00','',0,'09126084966',0,'0000-00-00',0,'1398-09-19','0000-00-00'),(4383,'بهناز-نیکا','','','0000-00-00','',0,'09121796918',0,'0000-00-00',0,'1398-09-19','0000-00-00'),(4384,'فاطمه-آرشام','','','0000-00-00','',0,'09128395496',0,'0000-00-00',0,'1398-09-19','0000-00-00'),(4385,'بهار-شاهان','','','0000-00-00','',0,'09122833798',0,'0000-00-00',0,'1398-09-19','0000-00-00'),(4386,'ژاسمن-ادریانا','','','0000-00-00','',0,'09122132512',0,'0000-00-00',0,'1398-09-19','0000-00-00'),(4387,'یادگار-دلسا','','','0000-00-00','',0,'09123793316',0,'0000-00-00',0,'1398-09-19','0000-00-00'),(4388,'سحر-سام','','','0000-00-00','',0,'09123012519',0,'0000-00-00',0,'1398-09-19','0000-00-00'),(4389,'زهرا-اوا','','','0000-00-00','',0,'09191629232',0,'0000-00-00',0,'1398-09-19','0000-00-00'),(4390,'نیک افرین-نورا','','','0000-00-00','',0,'09121182648',0,'0000-00-00',0,'1398-09-19','0000-00-00'),(4392,'منا-تیارا','','','0000-00-00','',0,'09121181731',0,'0000-00-00',0,'1398-09-19','0000-00-00'),(4393,'امیرمحمد','رضاییان','','0000-00-00','',0,'09129174920',0,'0000-00-00',0,'1398-09-19','0000-00-00'),(4394,'نیکو-ترنم','','','0000-00-00','',0,'09192666170',0,'0000-00-00',0,'1398-09-19','0000-00-00'),(4395,'پرناز-بهار','','','0000-00-00','',0,'09127090754',0,'0000-00-00',0,'1398-09-19','0000-00-00'),(4396,'رها','کنزی','','0000-00-00','',0,'09123143821',0,'0000-00-00',0,'1398-09-19','0000-00-00'),(4397,'شیرین','زاویه','','0000-00-00','',0,'09121727891',0,'0000-00-00',0,'1398-09-19','0000-00-00'),(4398,'ریحانه','عابدی','','0000-00-00','',0,'09121351051',0,'0000-00-00',0,'1398-09-19','0000-00-00'),(4399,'ارمیتا','رضایی','','0000-00-00','',0,'0122848458',0,'0000-00-00',0,'1398-09-19','0000-00-00'),(4400,'یاسی','رهنما','','0000-00-00','',0,'09121751545',0,'0000-00-00',0,'1398-09-19','0000-00-00'),(4401,'ریحانه','فقیهی','','0000-00-00','',0,'09123196398',0,'0000-00-00',0,'1398-09-19','0000-00-00'),(4402,'کیانا','کاشانی','','0000-00-00','',0,'09123119097',0,'0000-00-00',0,'1398-09-19','0000-00-00'),(4403,'مینا','امجد','','0000-00-00','',0,'09124091713',0,'0000-00-00',0,'1398-09-19','0000-00-00'),(4404,'مریم','امجد','','0000-00-00','',0,'09122079643',0,'0000-00-00',0,'1398-09-19','0000-00-00'),(4405,'بنیتا','بهرامی','','0000-00-00','',0,'09354389724',0,'0000-00-00',0,'1398-09-19','0000-00-00'),(4406,'شیما','ضرغامی','','0000-00-00','',0,'09126131917',0,'0000-00-00',0,'1398-09-19','0000-00-00'),(4407,'ثمره','تاج زاده','','0000-00-00','',0,'09128245619',0,'0000-00-00',0,'1398-09-19','0000-00-00'),(4408,'عاطفه','یافتیان','','0000-00-00','',0,'09122753909',0,'0000-00-00',0,'1398-09-19','0000-00-00'),(4409,'هانا','سلیم','','0000-00-00','',0,'09121549565',0,'0000-00-00',0,'1398-09-19','0000-00-00'),(4410,'آدرین','جعفری','','0000-00-00','',0,'09123156309',0,'0000-00-00',0,'1398-09-19','0000-00-00'),(4411,'رادمان','ذوالفقاری','','0000-00-00','',0,'09123889812',0,'0000-00-00',0,'1398-09-19','0000-00-00'),(4412,'نیکان','برمقعه ای','','0000-00-00','',0,'09124514515',0,'0000-00-00',0,'1398-09-19','0000-00-00'),(4413,'آریا','صالحی','','0000-00-00','',0,'09121052594',0,'0000-00-00',0,'1398-09-19','0000-00-00'),(4414,'ارتین','اردلانی','','0000-00-00','',0,'09128247266',0,'0000-00-00',0,'1398-09-19','0000-00-00'),(4415,'ویانا','شاه باز','','0000-00-00','',0,'09121488206',0,'0000-00-00',0,'1398-09-19','0000-00-00'),(4416,'علی-ارش','حسین زاده','','0000-00-00','',0,'09125246096',0,'0000-00-00',0,'1398-09-19','0000-00-00'),(4417,'باران','موقری','','0000-00-00','',0,'09122839133',0,'0000-00-00',0,'1398-09-19','0000-00-00'),(4418,'صدرا','فیروز ابادی','','0000-00-00','',0,'09209202306',0,'0000-00-00',0,'1398-09-19','0000-00-00'),(4419,'نیما','یمینی شریف','','0000-00-00','',0,'09127941691',0,'0000-00-00',0,'1398-09-19','0000-00-00'),(4420,'اویسا','خالدی','','0000-00-00','',0,'09129376239',0,'0000-00-00',0,'1398-09-19','0000-00-00'),(4421,'نامی','والی','','0000-00-00','',0,'09123656879',0,'0000-00-00',0,'1398-09-19','0000-00-00'),(4422,'آریسا','عارفی','','0000-00-00','',0,'09128134473',0,'0000-00-00',0,'1398-09-19','0000-00-00'),(4423,'لیلین','شکری','','0000-00-00','',0,'09127449456',0,'0000-00-00',0,'1398-09-19','0000-00-00'),(4424,'رومیسا','خنجری','','0000-00-00','',0,'09122488893',0,'0000-00-00',0,'1398-09-19','0000-00-00'),(4425,'مهدیار','خانیان','','0000-00-00','',0,'',0,'0000-00-00',0,'1398-09-19','0000-00-00'),(4426,'سارینا','یوسفی','','0000-00-00','',0,'09123452407',0,'0000-00-00',0,'1398-09-19','0000-00-00'),(4427,'باران','فلاحی','','0000-00-00','',0,'09125582432',0,'0000-00-00',0,'1398-09-19','0000-00-00'),(4428,'روزا','مشیتی','','0000-00-00','',0,'09126204361',0,'0000-00-00',0,'1398-09-19','0000-00-00'),(4429,'کیان','صیامی','','0000-00-00','',0,'09122440746',0,'0000-00-00',0,'1398-09-19','0000-00-00'),(4430,'مهروز','حسین پور','','0000-00-00','',0,'09123504103',0,'0000-00-00',0,'1398-09-19','0000-00-00'),(4431,'لیلیانا','اورعی','','1397-08-17','',0,'09127304003',0,'0000-00-00',0,'1398-09-19','0000-00-00'),(4432,'نورا','عراقی','','1398-04-14','',0,'09122189951',0,'0000-00-00',0,'1398-09-19','0000-00-00'),(4433,'اوینا','کرمی','','1397-05-05','',0,'09124604592',0,'0000-00-00',0,'1398-09-19','0000-00-00'),(4434,'هنا','رشیدی','','1997-03-29','',0,'09155848628',0,'0000-00-00',0,'1398-09-19','0000-00-00'),(4435,'شهرزاد','امیدی','','1996-10-25','',0,'09122109463',0,'0000-00-00',0,'1398-09-19','0000-00-00'),(4436,'حلما','خیاطیان یزدی','','1397-02-28','',0,'09121106726',0,'0000-00-00',0,'1398-09-19','0000-00-00'),(4440,'سپیدار','ایمانی','','0000-00-00','',0,'',0,'0000-00-00',0,'1398-09-19','0000-00-00'),(4441,'اراد','صفار','','1394-12-17','',0,'09123499363',0,'0000-00-00',0,'1398-09-19','0000-00-00'),(4442,'نفس','انصافی','','1396-01-19','',0,'09141165300',0,'0000-00-00',0,'1398-09-19','0000-00-00'),(4443,'رامان','میرزایی','','1394-08-28','',0,'09123969771',0,'0000-00-00',0,'1398-09-19','0000-00-00'),(4444,'دلوین','نوری','','1397-09-06','',0,'09125776071',0,'0000-00-00',0,'1398-09-19','0000-00-00'),(4445,'زهرا','خلیلی','','1393-09-13','',0,'09124172252',0,'0000-00-00',0,'1398-09-19','0000-00-00'),(4446,'فراز','فریدونی','','1396-02-01','',0,'09121075898',0,'0000-00-00',0,'1398-09-19','0000-00-00'),(4447,'رایان','معتضدیان','','1397-05-30','',0,'09120757157',0,'0000-00-00',0,'1398-09-19','0000-00-00'),(4448,'هستی','ازاد بخت','','0000-00-00','',0,'09126488637',0,'0000-00-00',0,'1398-09-20','0000-00-00'),(4450,'اراد','ایین پرست','','1396-04-22','',0,'09128091509',0,'0000-00-00',0,'1398-09-20','0000-00-00'),(4451,'محسن','غفاریان','','1396-10-12','',0,'09123191094',0,'0000-00-00',0,'1398-09-20','0000-00-00'),(4452,'فربد','اسماعیلی','','1397-08-26','',0,'09333607514',0,'0000-00-00',0,'1398-09-20','0000-00-00'),(4453,'رز','رهبران','','1394-11-04','',0,'09129915641',0,'0000-00-00',0,'1398-09-20','0000-00-00'),(4454,'نیروان','فرح بخش','','1396-09-19','',0,'09124300845',0,'0000-00-00',0,'1398-09-20','0000-00-00'),(4455,'ارشا','ادینه لو','','0000-00-00','',0,'09128453320',0,'0000-00-00',0,'1398-09-20','0000-00-00'),(4460,'پارسا','شجاعی','','1395-09-09','',0,'09126305635',0,'0000-00-00',0,'1398-09-20','0000-00-00'),(4461,'داریا','نوری','','1395-05-14','',0,'09121594044',0,'0000-00-00',0,'1398-09-20','0000-00-00'),(4462,'ادلیا','استادعلی','','1393-12-12','',0,'09121469947',0,'0000-00-00',0,'1398-09-20','0000-00-00'),(4463,'علیرضا','امانی','','1395-12-20','',0,'09125196624',0,'0000-00-00',0,'1398-09-20','0000-00-00'),(4465,'کیان','زیبادل','','1397-05-03','',0,'09122151079',0,'0000-00-00',0,'1398-09-20','0000-00-00'),(4466,'النا','زندی','','1395-07-28','',0,'09128203025',0,'0000-00-00',0,'1398-09-20','0000-00-00'),(4467,'سوفیا','مرتاض','','1394-10-21','',0,'09021212880',0,'0000-00-00',0,'1398-09-20','0000-00-00'),(4468,'اریا','مهدی لو','','1396-01-14','',0,'09121727062',0,'0000-00-00',0,'1398-09-20','0000-00-00'),(4469,'ادریانا','خلیلی','','1396-09-07','',0,'09122000500',0,'0000-00-00',0,'1398-09-20','0000-00-00'),(4470,'ارسین','مهدی لو','','1396-02-20','',0,'09127308420',0,'0000-00-00',0,'1398-09-20','0000-00-00'),(4471,'نیکا','شیبانی','','1390-08-26','',0,'09121246145',0,'0000-00-00',0,'1398-09-20','0000-00-00'),(4472,'درسا','میراسکندری','','1390-11-05','',0,'09123884674',0,'0000-00-00',0,'1398-09-20','0000-00-00'),(4473,'نیکان','رفیعی','','1390-07-10','',0,'09128161562',0,'0000-00-00',0,'1398-09-20','0000-00-00'),(4474,'نیکی','رفیعی','','0000-00-00','',0,'09121246145',0,'0000-00-00',0,'1398-09-20','0000-00-00'),(4475,'روشا','احمدی','','1394-04-21','',0,'09122144438',0,'0000-00-00',0,'1398-09-20','0000-00-00'),(4476,'سامیار','نیک فال','','1396-12-02','',0,'09122144438',0,'0000-00-00',0,'1398-09-20','0000-00-00'),(4477,'امیرحسن','حسینی','','0000-00-00','',0,'',0,'0000-00-00',0,'1398-09-20','0000-00-00'),(4478,'پورشا','اذرتاش','','1395-01-16','',0,'09122444522',0,'0000-00-00',0,'1398-09-20','0000-00-00'),(4479,'پاشا','اذرتاش','','1396-01-28','',0,'09122444522',0,'0000-00-00',0,'1398-09-20','0000-00-00'),(4480,'ارشان','یوسفی','','1396-11-04','',0,'09122178801',0,'0000-00-00',0,'1398-09-20','0000-00-00'),(4481,'جانا','جاویدان','','1992-05-25','',0,'09122067176',0,'0000-00-00',0,'1398-09-21','0000-00-00'),(4482,'طنین','عبدالهی','','1993-03-21','',0,'09122769014',0,'0000-00-00',0,'1398-09-21','0000-00-00'),(4483,'رادین','شاه علینیا','','1991-12-28','',0,'09126882196',0,'0000-00-00',0,'1398-09-21','0000-00-00'),(4484,'ارتین','شاه علینیا','','1994-06-14','',0,'09126882196',0,'0000-00-00',0,'1398-09-21','0000-00-00'),(4485,'یاسمین','خاتمی','','1995-05-20','',0,'09123034446',0,'0000-00-00',0,'1398-09-21','0000-00-00'),(4486,'امید','خطیبی','','1397-01-09','',0,'09121324942',0,'0000-00-00',0,'1398-09-21','0000-00-00'),(4487,'پرنسا','نظری','','1397-01-15','',0,'09124137718',0,'0000-00-00',0,'1398-09-21','0000-00-00'),(4488,'چکاد','قاسمی','','1997-01-02','',0,'09122787736',0,'0000-00-00',0,'1398-09-21','0000-00-00'),(4489,'لیام','نیک رای','','1397-03-15','',0,'09123073282',0,'0000-00-00',0,'1398-09-21','0000-00-00'),(4490,'سپاس','اشتیانی','','1395-03-23','',0,'09120246315',0,'0000-00-00',0,'1398-09-21','0000-00-00'),(4491,'رایان','ایماندار','','1996-09-09','',0,'09125272633',0,'0000-00-00',0,'1398-09-21','0000-00-00'),(4492,'رزا','محمدخوانی','','1993-01-01','',0,'09123941922',0,'0000-00-00',0,'1398-09-21','0000-00-00'),(4493,'بردیا','حسن زاده','','1995-11-26','',0,'09123471008',0,'0000-00-00',0,'1398-09-21','0000-00-00'),(4494,'کران','سلطانی','','1997-03-04','',0,'09111157780',0,'0000-00-00',0,'1398-09-21','0000-00-00'),(4495,'','','','0000-00-00','',0,'',0,'0000-00-00',0,'1398-09-21','0000-00-00'),(4496,'سلین','اوقبایی','','1995-09-13','',0,'09121010617',0,'0000-00-00',0,'1398-09-21','0000-00-00'),(4497,'هانا','فرنقی','','1997-03-05','',0,'',0,'0000-00-00',0,'1398-09-21','0000-00-00'),(4499,'هانا','فرنقی','','1397-03-05','',0,'09125494605',0,'0000-00-00',0,'1398-09-21','0000-00-00'),(4500,'ارشا','قمری','','1997-01-06','',0,'09124610710',0,'0000-00-00',0,'1398-09-21','0000-00-00'),(4501,'پاشا','پیله فروش','','1997-08-26','',0,'09126471292',0,'0000-00-00',0,'1398-09-21','0000-00-00'),(4503,'لیانا','پیری','','1995-12-22','',0,'09196359422',0,'0000-00-00',0,'1398-09-21','0000-00-00'),(4504,'النا','نوین','','1394-03-19','',0,'09121054220',0,'0000-00-00',0,'1398-09-21','0000-00-00'),(4505,'اریا','ادیب','','1394-01-02','',0,'09121191746',0,'0000-00-00',0,'1398-09-21','0000-00-00'),(4506,'هیراد','فریدون اکبر','','1995-03-23','',0,'09123850280',0,'0000-00-00',0,'1398-09-21','0000-00-00'),(4507,'کارن','کاووسی','','1995-04-08','',0,'09125870697',0,'0000-00-00',0,'1398-09-21','0000-00-00'),(4508,'دارا','دلیری','','1389-10-02','',0,'09127303050',0,'0000-00-00',0,'1398-09-21','0000-00-00'),(4509,'ایلیا','رحمانی','','0000-00-00','',0,'',0,'0000-00-00',0,'1398-09-21','0000-00-00'),(4510,'گلسا','سیداصفهانی','','1392-04-15','',0,'09123280052',0,'0000-00-00',0,'1398-09-21','0000-00-00'),(4511,'شانا','پیشگاه','','1392-02-14','',0,'09121019852',0,'0000-00-00',0,'1398-09-21','0000-00-00'),(4513,'ارتمیس','زرکش','','1393-09-12','',0,'09122194089',0,'0000-00-00',0,'1398-09-21','0000-00-00'),(4515,'زهرا','منتظرالمهدی','','1396-04-19','',0,'09166179713',0,'0000-00-00',0,'1398-09-21','0000-00-00'),(4516,'علی','منتظرالمهدی','','1392-03-26','',0,'09166179713',0,'0000-00-00',0,'1398-09-21','0000-00-00'),(4517,'فاطمه','منتظرالمهدی','','1387-04-27','',0,'09166179713',0,'0000-00-00',0,'1398-09-21','0000-00-00'),(4518,'ارشا','منتصر','','1392-10-18','',0,'09124211842',0,'0000-00-00',0,'1398-09-21','0000-00-00'),(4519,'رهام','عبدالهی','','1394-11-22','',0,'09122400821',0,'0000-00-00',0,'1398-09-21','0000-00-00'),(4520,'روشا','عبدالهی','','1397-05-10','',0,'09122400821',0,'0000-00-00',0,'1398-09-21','0000-00-00'),(4521,'ویهان','وکیل نزاد','','1395-09-20','',0,'09122803528',0,'0000-00-00',0,'1398-09-21','0000-00-00'),(4522,'نویان','ریاضی','','1393-08-07','',0,'09123887128',0,'0000-00-00',0,'1398-09-21','0000-00-00'),(4523,'علی','هاشمی','','1396-08-27','',0,'09122123511',0,'0000-00-00',0,'1398-09-21','0000-00-00'),(4524,'ادرین','ایمانی','','1396-02-20','',0,'09121021042',0,'0000-00-00',0,'1398-09-21','0000-00-00'),(4525,'پرنسا','ابوترابی','','1395-06-14','',0,'09127100100',0,'0000-00-00',0,'1398-09-21','0000-00-00'),(4526,'پرنسا','معین','','1397-08-15','',0,'09126457472',0,'0000-00-00',0,'1398-09-21','0000-00-00'),(4527,'امیرسام','معین','','1392-01-06','',0,'09126457472',0,'0000-00-00',0,'1398-09-21','0000-00-00'),(4528,'مهرسام','تیزدست','','1397-02-02','',0,'09124591858',0,'0000-00-00',0,'1398-09-21','0000-00-00'),(4529,'جانا','حق پویی','','1395-04-16','',0,'09111396107',0,'0000-00-00',0,'1398-09-21','0000-00-00'),(4530,'رایان','افجه','','1396-01-31','',0,'09121039296',0,'0000-00-00',0,'1398-09-21','0000-00-00'),(4531,'کیاشا','تاج زاده','','1397-11-25','',0,'09121395640',0,'0000-00-00',0,'1398-09-21','0000-00-00'),(4532,'لیانا','حسنی','','1396-07-24','',0,'09121209452',0,'0000-00-00',0,'1398-09-21','0000-00-00'),(4533,'کیارش','رسولی','','1395-03-25','',0,'09124445110',0,'0000-00-00',0,'1398-09-21','0000-00-00'),(4534,'حنا','باقرزادگان','','1396-10-14','',0,'09214241394',0,'0000-00-00',0,'1398-09-21','0000-00-00'),(4535,'صدرا','عطریان','','1396-08-17','',0,'09127973703',0,'0000-00-00',0,'1398-09-21','0000-00-00'),(4536,'نیکی','عباسی','','1396-12-14','',0,'09124185169',0,'0000-00-00',0,'1398-09-21','0000-00-00'),(4537,'بنیامین','کریم زاده','','1395-12-25','',0,'09123195233',0,'0000-00-00',0,'1398-09-21','0000-00-00'),(4538,'کوروش','شرفیان','','1396-08-02','',0,'09122540835',0,'0000-00-00',0,'1398-09-21','0000-00-00'),(4539,'سروین','یساری','','1390-06-27','',0,'09122349789',0,'0000-00-00',0,'1398-09-21','0000-00-00'),(4540,'درین','یساری','','1390-06-27','',0,'09122349789',0,'0000-00-00',0,'1398-09-21','0000-00-00'),(4541,'پارسا','مهرابی','','1397-03-06','',0,'09125076406',0,'0000-00-00',0,'1398-09-21','0000-00-00'),(4542,'نور','اسکندری','','1995-09-07','',0,'09121111188',0,'0000-00-00',0,'1398-09-22','0000-00-00'),(4543,'یونا','بهرامی','','1997-06-21','',0,'09122765860',0,'0000-00-00',0,'1398-09-22','0000-00-00'),(4544,'الیس','گومنت','','1395-09-16','',0,'09128163845',0,'0000-00-00',0,'1398-09-22','0000-00-00'),(4545,'علی','شریفی','','1996-12-15','',0,'09122201607',0,'0000-00-00',0,'1398-09-22','0000-00-00'),(4546,'ارسام','چیذری','','1396-06-27','',0,'09122999336',0,'0000-00-00',0,'1398-09-22','0000-00-00'),(4547,'سامیار','صمدی','','1397-01-27','',0,'09120186861',0,'0000-00-00',0,'1398-09-22','0000-00-00'),(4548,'دلارام','شناور','','1396-11-27','',0,'09128502652',0,'0000-00-00',0,'1398-09-22','0000-00-00'),(4549,'ترلان','چاپاری','','1396-12-21','',0,'09129056089',0,'0000-00-00',0,'1398-09-22','0000-00-00'),(4550,'عرشیا','باقری','','1393-09-18','',0,'09126107926',0,'0000-00-00',0,'1398-09-22','0000-00-00'),(4551,'ایریس','نصرتی','','1393-11-25','',0,'09123334100',0,'0000-00-00',0,'1398-09-22','0000-00-00'),(4552,'بردیا','مدرس','','1392-10-27','',0,'09124855121',0,'0000-00-00',0,'1398-09-22','0000-00-00'),(4553,'لیانا','مدرس','','1396-04-28','',0,'09124855121',0,'0000-00-00',0,'1398-09-22','0000-00-00'),(4554,'الا','احسانی','','1396-04-26','',0,'09124938938',0,'0000-00-00',0,'1398-09-22','0000-00-00'),(4555,'فرهان','طاهری','','1394-07-20','',0,'09390672393',0,'0000-00-00',0,'1398-09-22','0000-00-00'),(4556,'سام','کریمی','','1394-11-09','',0,'09123241005',0,'0000-00-00',0,'1398-09-22','0000-00-00'),(4557,'بنیتا','کیوانی','','1395-07-07','',0,'09133259786',0,'0000-00-00',0,'1398-09-22','0000-00-00'),(4558,'دانیار','داوودابادی','','1397-04-26','',0,'0912182281',0,'0000-00-00',0,'1398-09-22','0000-00-00'),(4559,'مهدیار','نوشمهر','','1396-09-16','',0,'09126025525',0,'0000-00-00',0,'1398-09-22','0000-00-00'),(4560,'رایبد','رستمی','','1395-09-02','',0,'09120684687',0,'0000-00-00',0,'1398-09-22','0000-00-00'),(4561,'نیکی','شناسی','','1394-06-28','',0,'09379259645',0,'0000-00-00',0,'1398-09-22','0000-00-00'),(4562,'رضا','سرخوش','','1387-12-30','',0,'09123034371',0,'0000-00-00',0,'1398-09-22','0000-00-00'),(4563,'مهرسا','سرخوش','','1395-12-22','',0,'09123034371',0,'0000-00-00',0,'1398-09-22','0000-00-00'),(4564,'نیوان','عزیزی','','1397-02-05','',0,'09125143276',0,'0000-00-00',0,'1398-09-22','0000-00-00'),(4565,'یاسین','کریمی','','1395-10-16','',0,'09128112906',0,'0000-00-00',0,'1398-09-22','0000-00-00'),(4566,'لیانا','سعیدی','','1393-08-13','',0,'09121197841',0,'0000-00-00',0,'1398-09-22','0000-00-00'),(4567,'نیکا','شکری','','1395-06-15','',0,'09123707792',0,'0000-00-00',0,'1398-09-22','0000-00-00'),(4568,'بنیتا','فاطمی','','1395-04-19','',0,'09124016179',0,'0000-00-00',0,'1398-09-22','0000-00-00'),(4569,'فرهان','مصدقی','','1395-05-02','',0,'09123376623',0,'0000-00-00',0,'1398-09-22','0000-00-00'),(4570,'عسل','مستوفی','','1397-02-03','',0,'09125180152',0,'0000-00-00',0,'1398-09-22','0000-00-00'),(4571,'باوان','اثناعشری','','1394-12-19','',0,'09123376623',0,'0000-00-00',0,'1398-09-22','0000-00-00'),(4572,'شکوفه ','شمس','','1395-06-14','',0,'09125069906',0,'0000-00-00',0,'1398-09-22','0000-00-00'),(4573,'دنیز','دهخدایی','','1397-06-18','',0,'09128000500',0,'0000-00-00',0,'1398-09-22','0000-00-00'),(4574,'سمیر','دهخدایی','','1388-03-18','',0,'09128000500',0,'0000-00-00',0,'1398-09-22','0000-00-00'),(4575,'کیان','طوسی','','1395-03-12','',0,'09125576235',0,'0000-00-00',0,'1398-09-22','0000-00-00'),(4576,'یارین','سرمایه جویی','','1393-01-17','',0,'09122140615',0,'0000-00-00',0,'1398-09-22','0000-00-00'),(4577,'یزدان','سرمایه جویی','','1396-08-29','',0,'09122140615',0,'0000-00-00',0,'1398-09-22','0000-00-00'),(4578,'کارن','تمیزگران','','1395-04-25','',0,'09123454855',0,'0000-00-00',0,'1398-09-22','0000-00-00'),(4579,'دلارا','مزینانی','','1390-10-30','',0,'09124452744',0,'0000-00-00',0,'1398-09-22','0000-00-00'),(4580,'نویان','فتوحی','','1396-07-21','',0,'09126867715',0,'0000-00-00',0,'1398-09-22','0000-00-00'),(4581,'ماهرو','ولی الهی','','1397-06-10','',0,'09122275221',0,'0000-00-00',0,'1398-09-22','0000-00-00'),(4582,'سلینا','نادری','','1396-12-01','',0,'09129277620',0,'0000-00-00',0,'1398-09-22','0000-00-00'),(4584,'جانان لیلی','ایزد پناه','','1393-07-08','',0,'09121279332',0,'0000-00-00',0,'1398-09-23','0000-00-00'),(4585,'باران','صدوق','','1394-10-23','',0,'09122083048',0,'0000-00-00',0,'1398-09-23','0000-00-00'),(4586,'ارمان','عباسعلی نژاد','','1396-05-15','',0,'09123322554',0,'0000-00-00',0,'1398-09-23','0000-00-00'),(4588,'پارسا','جهان دوست','','1394-12-16','',0,'09188400195',0,'0000-00-00',0,'1398-09-23','0000-00-00'),(4589,'اروین','عسگریان','','1394-08-19','',0,'09123458375',0,'0000-00-00',0,'1398-09-23','0000-00-00'),(4590,'امتیس','اذرنوش','','1397-09-28','',0,'09125168174',0,'0000-00-00',0,'1398-09-23','0000-00-00'),(4591,'لیانا','کاربخش زاده','','1396-10-27','',0,'09126436831',0,'0000-00-00',0,'1398-09-23','0000-00-00'),(4593,'ملیکا','دهقانی','','1393-10-15','',0,'09123096345',0,'0000-00-00',0,'1398-09-23','0000-00-00'),(4594,'محمدمهدی','دهقانی','','1393-10-15','',0,'09123096345',0,'0000-00-00',0,'1398-09-23','0000-00-00'),(4595,'ملورین','محمدی','','1395-01-22','',0,'09121891977',0,'0000-00-00',0,'1398-09-23','0000-00-00'),(4596,'ایلیا','شفیعی','','1395-11-15','',0,'09127381396',0,'0000-00-00',0,'1398-09-23','0000-00-00'),(4599,'رادین','مهدی زاده','','1393-06-22','',0,'09121962699',0,'0000-00-00',0,'1398-09-23','0000-00-00'),(4600,'نیکی','رکوعی','','1395-06-08','',0,'09122278221',0,'0000-00-00',0,'1398-09-23','0000-00-00'),(4601,'پویان','مرادی','','1395-09-06','',0,'09128464240',0,'0000-00-00',0,'1398-09-23','0000-00-00'),(4602,'سپنتا','خردمندان','','1393-12-12','',0,'09121011549',0,'0000-00-00',0,'1398-09-23','0000-00-00'),(4603,'ملینا','خردمندان','','1390-07-23','',0,'09121011549',0,'0000-00-00',0,'1398-09-23','0000-00-00'),(4604,'اوین','قاهردوست','','1397-02-16','',0,'09121211990',0,'0000-00-00',0,'1398-09-23','0000-00-00'),(4605,'اراد','محمدی','','1397-05-14','',0,'09122448534',0,'0000-00-00',0,'1398-09-23','0000-00-00'),(4606,'سروین','غفاری','','1396-06-29','',0,'09126228770',0,'0000-00-00',0,'1398-09-23','0000-00-00'),(4607,'هلن','شاهین','','1396-03-29','',0,'09125174678',0,'0000-00-00',0,'1398-09-23','0000-00-00'),(4608,'مهرسا','مرادی','','1395-01-24','',0,'09129732896',0,'0000-00-00',0,'1398-09-23','0000-00-00'),(4609,'سلین','ما','','1395-07-08','',0,'09129732896',0,'0000-00-00',0,'1398-09-23','0000-00-00'),(4610,'باران','صادقی','','0000-00-00','',0,'09122362606',0,'0000-00-00',0,'1398-09-23','0000-00-00'),(4611,'ادریان ','فروغ نژاد','','0000-00-00','',0,'09122362606',0,'0000-00-00',0,'1398-09-23','0000-00-00'),(4612,'امیرحسین','تاجی','','1394-08-10','',0,'09121712327',0,'0000-00-00',0,'1398-09-23','0000-00-00'),(4613,'علی','جلالی','','0000-00-00','',0,'',0,'0000-00-00',0,'1398-09-23','0000-00-00'),(4614,'کوروش','نعمتی','','1394-09-23','',0,'09126887407',0,'0000-00-00',0,'1398-09-23','0000-00-00'),(4615,'ونداد','فردی','','0000-00-00','',0,'09126750046',0,'0000-00-00',0,'1398-09-23','0000-00-00'),(4616,'یاسین','شیخ ویسی','','1397-01-27','',0,'09128726274',0,'0000-00-00',0,'1398-09-24','0000-00-00'),(4617,'ادرینا','مرشدی','','1393-12-08','',0,'09125622927',0,'0000-00-00',0,'1398-09-24','0000-00-00'),(4618,'ارتین','مرشدی','','1396-01-22','',0,'09125622927',0,'0000-00-00',0,'1398-09-24','0000-00-00'),(4620,'امیرعلی','اکبری','','1395-05-25','',0,'09124976388',0,'0000-00-00',0,'1398-09-24','0000-00-00'),(4621,'کیان','شادمان','','1392-08-18','',0,'09121979982',0,'0000-00-00',0,'1398-09-24','0000-00-00'),(4622,'کیاشا','خبازی','','1392-10-05','',0,'09123258028',0,'0000-00-00',0,'1398-09-24','0000-00-00'),(4623,'هانا','بختیاری','','1397-07-11','',0,'09121333092',0,'0000-00-00',0,'1398-09-24','0000-00-00'),(4624,'داریا','سلیمانی','','1395-11-18','',0,'09123458580',0,'0000-00-00',0,'1398-09-24','0000-00-00'),(4625,'سام','پناهی زاده','','1394-11-30','',0,'09122756419',0,'0000-00-00',0,'1398-09-24','0000-00-00'),(4626,'اویسا','پناهی زاده','','1396-02-19','',0,'09122756419',0,'0000-00-00',0,'1398-09-24','0000-00-00'),(4627,'کیاوش','کاظم زاده','','1397-02-19','',0,'09126490339',0,'0000-00-00',0,'1398-09-24','0000-00-00'),(4628,'هیرمان','ایزدی','','1395-06-15','',0,'09124404179',0,'0000-00-00',0,'1398-09-24','0000-00-00'),(4631,'ارمان','خرسندی','','1397-05-20','',0,'09125973255',0,'0000-00-00',0,'1398-09-25','0000-00-00'),(4632,'نیلا','ارحامی','','1397-06-07','',0,'09122096388',0,'0000-00-00',0,'1398-09-25','0000-00-00'),(4633,'زاگرس','همایی','','1393-07-28','',0,'09132120103',0,'0000-00-00',0,'1398-09-25','0000-00-00'),(4634,'رسا','افشارنژاد','','1392-01-03','',0,'09123931644',0,'0000-00-00',0,'1398-09-25','0000-00-00'),(4637,'هانا','کاشفی نزاد','','1393-08-08','',0,'09121205681',0,'0000-00-00',0,'1398-09-25','0000-00-00'),(4638,'علی','سلطانی','','1395-08-26','',0,'09127970361',0,'0000-00-00',0,'1398-09-25','0000-00-00'),(4639,'رها','معتمدراد','','1393-08-06','',0,'09123708274',0,'0000-00-00',0,'1398-09-25','0000-00-00'),(4640,'بامداد','خدیر','','1390-07-03','',0,'09123206249',0,'0000-00-00',0,'1398-09-25','0000-00-00'),(4641,'دینا','اعتماد','','0000-00-00','',0,'',0,'0000-00-00',0,'1398-09-25','0000-00-00'),(4642,'ارسیس','صبایی','','1393-10-25','',0,'09128348839',0,'0000-00-00',0,'1398-09-25','0000-00-00'),(4643,'ایزابلا','فیاد','','1392-07-16','',0,'09121597020',0,'0000-00-00',0,'1398-09-25','0000-00-00'),(4644,'رزابلا','فیاد','','1396-08-10','',0,'09121597020',0,'0000-00-00',0,'1398-09-25','0000-00-00'),(4645,'جانا','گنجی','','1395-02-17','',0,'09122135729',0,'0000-00-00',0,'1398-09-25','0000-00-00'),(4646,'همیلا','لطافتی','','1393-03-31','',0,'09121954522',0,'0000-00-00',0,'1398-09-25','0000-00-00'),(4647,'اریا','جنگیز','','1396-11-13','',0,'09204319407',0,'0000-00-00',0,'1398-09-25','0000-00-00'),(4648,'برسام','چاره ساز','','1395-10-09','',0,'09121352565',0,'0000-00-00',0,'1398-09-26','0000-00-00'),(4649,'حنیف','ذوالفقاری','','1395-03-11','',0,'09123542474',0,'0000-00-00',0,'1398-09-26','0000-00-00'),(4650,'حسنا','ذوالفقاری','','1392-12-01','',0,'09123542474',0,'0000-00-00',0,'1398-09-26','0000-00-00'),(4651,'ریرا','نوبخت','','1396-02-02','',0,'09112228262',0,'0000-00-00',0,'1398-09-26','0000-00-00'),(4652,'سپند','راد','','1393-02-24','',0,'09121030104',0,'0000-00-00',0,'1398-09-26','0000-00-00'),(4653,'مها','ملک اسا','','0000-00-00','',0,'09124952024',0,'0000-00-00',0,'1398-09-26','0000-00-00'),(4654,'حنا','دربندی','','0000-00-00','',0,'09124952024',0,'0000-00-00',0,'1398-09-26','0000-00-00'),(4655,'مانلی','عزیزی','','0000-00-00','',0,'',0,'0000-00-00',0,'1398-09-26','0000-00-00'),(4656,'مایا','عزیزی','','0000-00-00','',0,'',0,'0000-00-00',0,'1398-09-26','0000-00-00'),(4657,'هانا','فنقی','','1397-03-05','',0,'09125494601',0,'0000-00-00',0,'1398-09-26','0000-00-00'),(4659,'زینا','امیرصفری','','1394-06-18','',0,'09122027646',0,'0000-00-00',0,'1398-09-26','0000-00-00'),(4660,'محمدعلی','غضنفری','','1393-10-20','',0,'09122129253',0,'0000-00-00',0,'1398-09-26','0000-00-00'),(4661,'ارین','عباسی','','1393-10-03','',0,'09121276265',0,'0000-00-00',0,'1398-09-26','0000-00-00'),(4662,'ایلی','میرفتاحی','','1394-10-25','',0,'09121714476',0,'0000-00-00',0,'1398-09-26','0000-00-00'),(4663,'نیکی','فرهانی','','1395-02-03','',0,'09122260973',0,'0000-00-00',0,'1398-09-26','0000-00-00'),(4664,'سام','یزدان بخش','','1394-11-11','',0,'09391195002',0,'0000-00-00',0,'1398-09-26','0000-00-00'),(4665,'مانی','رحمانی','','1389-02-26','',0,'09123069102',0,'0000-00-00',0,'1398-09-26','0000-00-00'),(4666,'یاسمین','ابادیان','','0000-00-00','',0,'09122892704',0,'0000-00-00',0,'1398-09-26','0000-00-00'),(4667,'نیکا','احمدزاده','','1395-07-24','',0,'09122892031',0,'0000-00-00',0,'1398-09-26','0000-00-00'),(4668,'کارن','رضازاده','','1396-05-10','',0,'09126049322',0,'0000-00-00',0,'1398-09-26','0000-00-00'),(4669,'درا','زارع نژاد','','1994-12-20','',0,'09121897302',0,'0000-00-00',0,'1398-09-26','0000-00-00'),(4670,'دلان','زارع نژاد','','1994-12-20','',0,'09121897302',0,'0000-00-00',0,'1398-09-26','0000-00-00'),(4671,'پرواز','نعمتی','','0000-00-00','',0,'09121897302',0,'0000-00-00',0,'1398-09-26','0000-00-00'),(4673,'یاسمین','ناهیدی','','1994-05-10','',0,'09121752784',0,'0000-00-00',0,'1398-09-26','0000-00-00'),(4674,'نیلا','شارقی','','1996-04-24','',0,'09122507176',0,'0000-00-00',0,'1398-09-26','0000-00-00'),(4675,'پانته ا','داوری','','1995-05-16','',0,'09125164460',0,'0000-00-00',0,'1398-09-26','0000-00-00'),(4676,'دریا','درخشان','','1997-03-13','',0,'09120546826',0,'0000-00-00',0,'1398-09-26','0000-00-00'),(4677,'رها','شادگرد','','1995-05-16','',0,'09125164460',0,'0000-00-00',0,'1398-09-26','0000-00-00'),(4678,'شایلی','قصایی','','1393-11-07','',0,'09123786052',0,'0000-00-00',0,'1398-09-26','0000-00-00'),(4679,'اریانا','مرشدزاده','','1397-01-06','',0,'09125395627',0,'0000-00-00',0,'1398-09-27','0000-00-00'),(4680,'مانلی','رضاعلی','','1397-02-27','',0,'09125390015',0,'0000-00-00',0,'1398-09-27','0000-00-00'),(4681,'پارسا','جعفری','','1395-09-24','',0,'09121032269',0,'0000-00-00',0,'1398-09-27','0000-00-00'),(4682,'باران','امیری','','0000-00-00','',0,'09335766003',0,'0000-00-00',0,'1398-09-27','0000-00-00'),(4683,'هلما','کشفی','','1396-07-11','',0,'09128583757',0,'0000-00-00',0,'1398-09-27','0000-00-00'),(4684,'هانیه','حیدری','','1395-12-30','',0,'09122054446',0,'0000-00-00',0,'1398-09-27','0000-00-00'),(4685,'طاها','حیدری','','1392-05-21','',0,'09122054446',0,'0000-00-00',0,'1398-09-27','0000-00-00'),(4686,'رایان','قادی','','1396-04-09','',0,'09121093214',0,'0000-00-00',0,'1398-09-27','0000-00-00'),(4687,'لیان','دانیال زاده','','1393-03-20','',0,'09127777272',0,'0000-00-00',0,'1398-09-27','0000-00-00'),(4688,'باراد','حیدری','','0000-00-00','',0,'',0,'0000-00-00',0,'1398-09-27','0000-00-00'),(4689,'حامی','قره باغی','','1397-02-23','',0,'09122714712',0,'0000-00-00',0,'1398-09-27','0000-00-00'),(4690,'جانارز','مهرورز','','0000-00-00','',0,'09121995594',0,'0000-00-00',0,'1398-09-27','0000-00-00'),(4691,'لنا','کلانتری','','1394-07-23','',0,'09121078211',0,'0000-00-00',0,'1398-09-27','0000-00-00'),(4692,'علی','کلانتری','','1392-11-17','',0,'09121078211',0,'0000-00-00',0,'1398-09-27','0000-00-00'),(4693,'مانی','سلیمانی','','1397-02-24','',0,'09122179431',0,'0000-00-00',0,'1398-09-27','0000-00-00'),(4694,'مایا','ادریس','','1396-03-29','',0,'09121505820',0,'0000-00-00',0,'1398-09-27','0000-00-00'),(4695,'تانیا','لاری','','1397-08-08','',0,'09194946547',0,'0000-00-00',0,'1398-09-27','0000-00-00'),(4813,'علی','اقبال','','1395-10-21','',0,'09122395650',0,'0000-00-00',0,'1398-10-22','0000-00-00'),(4814,'یسنا','لواف','','1395-09-08','',0,'09125703541',0,'0000-00-00',0,'1398-10-22','0000-00-00'),(4816,'اریا','نوربخش','','1395-06-08','',0,'09122152509',0,'0000-00-00',0,'1398-10-22','0000-00-00'),(4817,'مروا','حکیمی پور','','1397-05-24','',0,'09123888299',0,'0000-00-00',0,'1398-10-22','0000-00-00'),(4818,'دنیز','افشار','','1397-05-31','',0,'09121384562',0,'0000-00-00',0,'1398-10-22','0000-00-00'),(4819,'دل ارا','بهرامی','','1397-06-29','',0,'09125050810',0,'0000-00-00',0,'1398-10-22','0000-00-00'),(4820,'دلسا','استوار','','1396-07-25','',0,'09128508076',0,'0000-00-00',0,'1398-10-22','0000-00-00'),(4821,'برنا','ذکایی','','1396-09-06','',0,'09123470335',0,'0000-00-00',0,'1398-10-22','0000-00-00'),(4822,'الشن','ناییلی','','1397-11-14','',0,'09109013444',0,'0000-00-00',0,'1398-10-22','0000-00-00'),(4823,'محمدحسن','استادباقر','','0000-00-00','',0,'',0,'0000-00-00',0,'1398-10-22','0000-00-00'),(4824,'لیام','علوی','','0000-00-00','',0,'',0,'0000-00-00',0,'1398-10-22','0000-00-00'),(4825,'مانی','عبیدی','','1397-11-29','',0,'09128852623',0,'0000-00-00',0,'1398-10-22','0000-00-00'),(4826,'لیام','باقری','','1397-10-04','',0,'09121370980',0,'0000-00-00',0,'1398-10-22','0000-00-00'),(4827,'هووان','الکسانی','','1397-11-09','',0,'09198003632',0,'0000-00-00',0,'1398-10-22','0000-00-00'),(4828,'ارشام','اسماعیلی','','1397-10-13','',0,'09127337701',0,'0000-00-00',0,'1398-10-22','0000-00-00'),(4829,'علی سان','پناهی','','1397-09-28','',0,'09120323482',0,'0000-00-00',0,'1398-10-22','0000-00-00'),(4830,'دلیار','برزین','','1394-04-03','',0,'09122956195',0,'0000-00-00',0,'1398-10-22','0000-00-00'),(4831,'دیبا','مبصری','','1394-02-09','',0,'09121113978',0,'0000-00-00',0,'1398-10-22','0000-00-00'),(4832,'لیانا','موسوی','','1396-10-20','',0,'09122801004',0,'0000-00-00',0,'1398-10-22','0000-00-00'),(4833,'پارسا','انیسی','','1394-10-03','',0,'09128453699',0,'0000-00-00',0,'1398-10-22','0000-00-00'),(4836,'دیار','طباطبایی','','1396-07-20','',0,'09121593086',0,'0000-00-00',0,'1398-10-22','0000-00-00'),(4837,'رایمون','نایب عباسی','','1396-09-20','',0,'09120164199',0,'0000-00-00',0,'1398-10-22','0000-00-00'),(4838,'نیلا','بخشایی کیا','','1394-03-21','',0,'09121461768',0,'0000-00-00',0,'1398-10-22','0000-00-00'),(4839,'سام','صنعتی','','1394-06-27','',0,'09121881108',0,'0000-00-00',0,'1398-10-22','0000-00-00'),(4840,'بیتا','زال پور','','1397-04-23','',0,'09122940429',0,'0000-00-00',0,'1398-10-22','0000-00-00'),(4841,'رها','رادمحمدی','','1396-12-04','',0,'09129301268',0,'0000-00-00',0,'1398-10-22','0000-00-00'),(4842,'نگار','میرمحمدی','','1395-10-15','',0,'09124850764',0,'0000-00-00',0,'1398-10-22','0000-00-00'),(4843,'طاها','طباطبایی','','1394-04-21','',0,'09121096484',0,'0000-00-00',0,'1398-10-22','0000-00-00'),(4844,'شاینا','منصوری','','1396-10-23','',0,'09122095912',0,'0000-00-00',0,'1398-10-23','0000-00-00'),(4845,'دریانا','قویدل','','1396-05-05','',0,'09123124284',0,'0000-00-00',0,'1398-10-23','0000-00-00'),(4846,'میلان','محمدی','','1397-02-20','',0,'0912777771',0,'0000-00-00',0,'1398-10-23','0000-00-00'),(4847,'لیلیان','عباسی','','1397-01-07','',0,'09123584506',0,'0000-00-00',0,'1398-10-23','0000-00-00'),(4848,'حسین','کرمی','','1395-08-05','',0,'09125491586',0,'0000-00-00',0,'1398-10-23','0000-00-00'),(4849,'رادین','عبدالغفاری','','1396-04-15','',0,'09123394873',0,'0000-00-00',0,'1398-10-23','0000-00-00'),(4851,'رایان','ازاد','','0000-00-00','',0,'',0,'0000-00-00',0,'1398-10-23','0000-00-00'),(4852,'مهدیار','باقری','','1396-11-26','',0,'09128282078',0,'0000-00-00',0,'1398-10-23','0000-00-00'),(4853,'هستی','صدیقی','','1396-12-01','',0,'09128251637',0,'0000-00-00',0,'1398-10-23','0000-00-00'),(4854,'سام','رجبی','','1397-12-03','',0,'09121395216',0,'0000-00-00',0,'1398-10-23','0000-00-00'),(4855,'صبا','منفرد','','1393-08-05','',0,'09123757926',0,'0000-00-00',0,'1398-10-23','0000-00-00'),(4857,'نیکداد','مشتاقی','','1395-01-18','',0,'09122724171',0,'0000-00-00',0,'1398-10-23','0000-00-00'),(4858,'برسام','ملاز','','1395-03-13','',0,'09123712365',0,'0000-00-00',0,'1398-10-23','0000-00-00'),(4859,'مانلی','طاهری','','1397-11-28','',0,'09128037828',0,'0000-00-00',0,'1398-10-23','0000-00-00'),(4860,'دیبا','بیگلری','','1397-11-28','',0,'09121170241',0,'0000-00-00',0,'1398-10-23','0000-00-00'),(4861,'نویان','فارسیان','','1397-12-11','',0,'09123449690',0,'0000-00-00',0,'1398-10-23','0000-00-00'),(4862,'غزل','امرالهی','','1397-11-28','',0,'09126043195',0,'0000-00-00',0,'1398-10-23','0000-00-00'),(4863,'امیر والا','نیک پی','','0000-00-00','',0,'09128696903',0,'0000-00-00',0,'1398-10-23','0000-00-00'),(4864,'پرگل','نیک پی','','1397-08-05','',0,'09128696903',0,'0000-00-00',0,'1398-10-23','0000-00-00'),(4865,'اوینا','خسروی','','1395-01-03','',0,'09122794928',0,'0000-00-00',0,'1398-10-23','0000-00-00'),(4866,'دارا','نفیسی','','1393-11-20','',0,'09123941669',0,'0000-00-00',0,'1398-10-23','0000-00-00'),(4867,'مهرسا','استکی','','1397-03-12','',0,'09125522049',0,'0000-00-00',0,'1398-10-23','0000-00-00'),(4868,'ارش','مصطفی زاده','','1395-01-09','',0,'09128908762',0,'0000-00-00',0,'1398-10-23','0000-00-00'),(4869,'پاشا','پرهیزکار','','0000-00-00','',0,'',0,'0000-00-00',0,'1398-10-23','0000-00-00'),(4870,'اروین','مفیدی','','1393-10-10','',0,'09131781968',0,'0000-00-00',0,'1398-10-23','0000-00-00'),(4871,'رزا','گلزاری','','1397-05-24','',0,'09122189347',0,'0000-00-00',0,'1398-10-23','0000-00-00'),(4872,'نیلارز','وطن چی','','1395-09-14','',0,'09126063763',0,'0000-00-00',0,'1398-10-23','0000-00-00'),(4873,'امیرارسلان','وطن چی','','1392-01-14','',0,'09126063763',0,'0000-00-00',0,'1398-10-23','0000-00-00'),(4874,'النا','رجایی','','1395-02-10','',0,'09353435353',0,'0000-00-00',0,'1398-10-23','0000-00-00'),(4875,'هلما','قاسمی','','0000-00-00','',0,'',0,'0000-00-00',0,'1398-10-23','0000-00-00'),(4876,'ارنیکا','امیرشهابی','','0000-00-00','',0,'',0,'0000-00-00',0,'1398-10-23','0000-00-00'),(4877,'دیبا','امیری','','1395-08-29','',0,'09153846300',0,'0000-00-00',0,'1398-10-23','0000-00-00'),(4878,'نفس','قنبری','','1394-12-25','',0,'09212045479',0,'0000-00-00',0,'1398-10-23','0000-00-00'),(4879,'داوین','نیک روش','','1397-01-17','',0,'09122970287',0,'0000-00-00',0,'1398-10-23','0000-00-00'),(4880,'محیا','جواهری','','1395-09-25','',0,'09120180944',0,'0000-00-00',0,'1398-10-23','0000-00-00'),(4881,'سامیار','غلام حسینی','','0000-00-00','',0,'',0,'0000-00-00',0,'1398-10-23','0000-00-00'),(4882,'هستی','پرکار','','1394-11-30','',0,'09122989945',0,'0000-00-00',0,'1398-10-23','0000-00-00'),(4883,'رائین','قدوسی','','1395-09-06','',0,'09123877392',0,'0000-00-00',0,'1398-10-23','0000-00-00'),(4884,'ارتین','نوید','','0000-00-00','',0,'09125088663',0,'0000-00-00',0,'1398-10-23','0000-00-00'),(4885,'سوفی','رحیمی','','1396-09-06','',0,'09123377354',0,'0000-00-00',0,'1398-10-23','0000-00-00'),(4886,'لیانا','حبیبی','','1394-03-17','',0,'09123191205',0,'0000-00-00',0,'1398-10-06','0000-00-00'),(4887,'نامدار','نوری','','1396-01-03','',0,'09122942022',0,'0000-00-00',0,'1398-10-06','0000-00-00'),(4888,'رادین','کواری زاده','','1394-03-13','',0,'09123066924',0,'0000-00-00',0,'1398-10-06','0000-00-00'),(4889,'بنیتا','روستا','','1396-02-03','',0,'09122364886',0,'0000-00-00',0,'1398-10-06','0000-00-00'),(4890,'ادرین','محمدزاده','','1397-02-03','',0,'09122499651',0,'0000-00-00',0,'1398-10-06','0000-00-00'),(4891,'محمدرضا','عباسی','','1395-11-06','',0,'09125532963',0,'0000-00-00',0,'1398-10-06','0000-00-00'),(4892,'سارینا','هویزه','','1394-06-23','',0,'09056983735',0,'0000-00-00',0,'1398-10-06','0000-00-00'),(4893,'بنیتا','ناظری','','1390-11-19','',0,'09125132733',0,'0000-00-00',0,'1398-10-06','0000-00-00'),(4894,'حامی','جلالی','','0000-00-00','',0,'09122779189',0,'0000-00-00',0,'1398-10-06','0000-00-00'),(4895,'پاشا','پرهیزکار','','1397-03-22','',0,'09123306851',0,'0000-00-00',0,'1398-10-06','0000-00-00'),(4896,'کیارش','عیوضی','','1397-02-05','',0,'09128247783',0,'0000-00-00',0,'1398-10-06','0000-00-00'),(4897,'ویان','ایمانی','','1394-06-06','',0,'09122451292',0,'0000-00-00',0,'1398-10-06','0000-00-00'),(4898,'ارید','شاه نظری','','1397-04-23','',0,'09121030170',0,'0000-00-00',0,'1398-10-06','0000-00-00'),(4899,'رونیا','رجایی','','1395-04-20','',0,'09121893725',0,'0000-00-00',0,'1398-10-06','0000-00-00'),(4900,'السا','زهتابان','','1394-07-12','',0,'09121544548',0,'0000-00-00',0,'1398-10-06','0000-00-00'),(4901,'الما','علی یزدی','','1396-05-16','',0,'09123503948',0,'0000-00-00',0,'1398-10-06','0000-00-00'),(4902,'ایلا','علی یزدی','','1396-05-16','',0,'09123503948',0,'0000-00-00',0,'1398-10-06','0000-00-00'),(4903,'کیانشاه','مهدوی','','1394-06-07','',0,'09121123459',0,'0000-00-00',0,'1398-10-06','0000-00-00'),(4904,'یونا','توسلیان','','1397-09-06','',0,'09121941048',0,'0000-00-00',0,'1398-10-06','0000-00-00'),(4905,'تارا','تقوی','','1394-11-02','',0,'09123383733',0,'0000-00-00',0,'1398-10-06','0000-00-00'),(4906,'جانان','سلطانی','','1396-07-30','',0,'09121249617',0,'0000-00-00',0,'1398-10-06','0000-00-00'),(4907,'شاهان','اصفهانی','','1997-11-13','',0,'09128888317',0,'0000-00-00',0,'1398-10-07','0000-00-00'),(4908,'دانیال','اسکندری','','0000-00-00','',0,'09121111188',0,'0000-00-00',0,'1398-10-07','0000-00-00'),(4909,'اما','لوین','','1391-05-13','',0,'09308584542',0,'0000-00-00',0,'1398-10-07','0000-00-00'),(4910,'اینس','لوین','','1392-12-28','',0,'09308584542',0,'0000-00-00',0,'1398-10-07','0000-00-00'),(4911,'دنیا ','دهقان پور','','1394-02-26','',0,'09122242551',0,'0000-00-00',0,'1398-10-07','0000-00-00'),(4912,'طناز','قهرمانی','','1394-12-25','',0,'09121578671',0,'0000-00-00',0,'1398-10-07','0000-00-00'),(4913,'یزدان','سامان','','1395-09-07','',0,'09123002557',0,'0000-00-00',0,'1398-10-07','0000-00-00'),(4914,'نیکی','کتابچی','','1395-09-16','',0,'09121040966',0,'0000-00-00',0,'1398-10-07','0000-00-00'),(4915,'مهرافرین','جعفرزاده','','1393-07-28','',0,'09128397911',0,'0000-00-00',0,'1398-10-07','0000-00-00'),(4916,'سام','باب الحوائجی','','1395-03-11','',0,'',0,'0000-00-00',0,'1398-10-07','0000-00-00'),(4917,'مانی','اتابکی','','1395-05-07','',0,'09123993262',0,'0000-00-00',0,'1398-10-07','0000-00-00'),(4918,'کایرا','چایکارا','','1397-06-19','',0,'09121781957',0,'0000-00-00',0,'1398-10-07','0000-00-00'),(4919,'علی','مشایخی','','1394-12-20','',0,'09128351606',0,'0000-00-00',0,'1398-10-07','0000-00-00'),(4920,'اروین','وکیلی','','1394-09-03','',0,'09122550850',0,'0000-00-00',0,'1398-10-07','0000-00-00'),(4921,'کیلا','عرفانیان','','1397-02-23','',0,'09121781898',0,'0000-00-00',0,'1398-10-07','0000-00-00'),(4922,'رونیکا','امیری','','1394-04-12','',0,'09122083145',0,'0000-00-00',0,'1398-10-07','0000-00-00'),(4923,'امیرصدرا','امیرحسن خانی','','1396-01-21','',0,'09155214014',0,'0000-00-00',0,'1398-10-07','0000-00-00'),(4924,'لیلا','علاقه مندان','','1397-11-22','',0,'09213357513',0,'0000-00-00',0,'1398-10-07','0000-00-00'),(4925,'اسنا','عبادی','','1393-07-23','',0,'09122791251',0,'0000-00-00',0,'1398-10-07','0000-00-00'),(4926,'مرسانا','عبادی','','0000-00-00','',0,'09122791251',0,'0000-00-00',0,'1398-10-07','0000-00-00'),(4927,'امیررضا','عابدینی','','1393-03-03','',0,'09122791251',0,'0000-00-00',0,'1398-10-07','0000-00-00'),(4928,'مهرسانا','رضایی','','1394-09-17','',0,'09123052202',0,'0000-00-00',0,'1398-10-07','0000-00-00'),(4929,'کامیار','مهردادی','','1394-05-15','',0,'09125171657',0,'0000-00-00',0,'1398-10-07','0000-00-00'),(4930,'سورن','پورجمشیدی','','1396-07-11','',0,'09123066568',0,'0000-00-00',0,'1398-10-07','0000-00-00'),(4931,'لنا','سلطان محمدی','','1396-06-06','',0,'09122403139',0,'0000-00-00',0,'1398-10-07','0000-00-00'),(4932,'لیانا','سیارپور','','1395-12-06','',0,'09128427013',0,'0000-00-00',0,'1398-10-07','0000-00-00'),(4933,'اریا','احمدی','','1397-05-11','',0,'09125251500',0,'0000-00-00',0,'1398-10-07','0000-00-00'),(4934,'سارا','شاهرخ نیا','','1397-05-15','',0,'09122399958',0,'0000-00-00',0,'1398-10-08','0000-00-00'),(4935,'مسیح','ابراهیمی','','1394-10-02','',0,'09366872646',0,'0000-00-00',0,'1398-10-08','0000-00-00'),(4936,'لیانا','موسوی','','1397-02-20','',0,'09192405351',0,'0000-00-00',0,'1398-10-08','0000-00-00'),(4937,'هدیه','کلاف چی','','1396-05-01','',0,'09123122210',0,'0000-00-00',0,'1398-10-08','0000-00-00'),(4938,'یاسمین','قاسم زاده','','1395-11-12','',0,'09121084485',0,'0000-00-00',0,'1398-10-08','0000-00-00'),(4939,'فراز','کبیری','','1397-01-12','',0,'09123405947',0,'0000-00-00',0,'1398-10-08','0000-00-00'),(4940,'کیان','ایرانی نژاد','','1992-04-23','',0,'09122877334',0,'0000-00-00',0,'1398-10-08','0000-00-00'),(4941,'لیانا','زیبایی','','1993-10-24','',0,'09128914524',0,'0000-00-00',0,'1398-10-08','0000-00-00'),(4942,'نامی','ضیایی','','1393-02-24','',0,'09123048257',0,'0000-00-00',0,'1398-10-08','0000-00-00'),(4943,'سام','ضیایی','','1395-10-14','',0,'09123048257',0,'0000-00-00',0,'1398-10-08','0000-00-00'),(4944,'اریو','جودی','','1392-04-03','',0,'09121575782',0,'0000-00-00',0,'1398-10-08','0000-00-00'),(4945,'دیاکو','جودی','','1394-08-03','',0,'09121575782',0,'0000-00-00',0,'1398-10-08','0000-00-00'),(4946,'بردیا','جمشیدی','','1394-03-29','',0,'09123499913',0,'0000-00-00',0,'1398-10-08','0000-00-00'),(4947,'ایهان','ممدوحی نیا','','1394-01-02','',0,'09122973405',0,'0000-00-00',0,'1398-10-08','0000-00-00'),(4948,'پندار','سرایی','','1394-06-01','',0,'09128388068',0,'0000-00-00',0,'1398-10-08','0000-00-00'),(4949,'سام','نوادی','','0000-00-00','',0,'09121384579',0,'0000-00-00',0,'1398-10-08','0000-00-00'),(4950,'لیانا','رییسی','','1394-05-07','',0,'09121965087',0,'0000-00-00',0,'1398-10-08','0000-00-00'),(4951,'اوا','موسوی فرد','','1393-05-22','',0,'09121342807',0,'0000-00-00',0,'1398-10-08','0000-00-00'),(4952,'پارسا','موسوی فرد','','1395-01-06','',0,'09121342807',0,'0000-00-00',0,'1398-10-08','0000-00-00'),(4953,'مایا','معین','','1395-04-01','',0,'09122546199',0,'0000-00-00',0,'1398-10-08','0000-00-00'),(4954,'درسا','میراسکندری','','1391-11-06','',0,'09123884674',0,'0000-00-00',0,'1398-10-08','0000-00-00'),(4955,'رهام','ذکایی','','1395-10-14','',0,'09126148385',0,'0000-00-00',0,'1398-10-08','0000-00-00'),(4956,'برنا','ذکایی','','1396-09-06','',0,'09123470335',0,'0000-00-00',0,'1398-10-08','0000-00-00'),(4957,'مانی','یاسینی','','1395-06-27','',0,'09122081361',0,'0000-00-00',0,'1398-10-09','0000-00-00'),(4958,'سام','لولویی','','1395-07-15','',0,'09126965615',0,'0000-00-00',0,'1398-10-09','0000-00-00'),(4959,'پارسا','کریمی','','1396-10-28','',0,'09126086541',0,'0000-00-00',0,'1398-10-09','0000-00-00'),(4960,'سلما','مهدوی','','1394-12-04','',0,'09125975737',0,'0000-00-00',0,'1398-10-09','0000-00-00'),(4961,'محمدرضا','حیدری','','1396-09-04','',0,'09126880497',0,'0000-00-00',0,'1398-10-09','0000-00-00'),(4962,'نیکا','کشوادی','','1393-11-01','',0,'09122235637',0,'0000-00-00',0,'1398-10-09','0000-00-00'),(4963,'ارین','جلیلی','','1393-12-06','',0,'09122263240',0,'0000-00-00',0,'1398-10-09','0000-00-00'),(4964,'کیان','طاهری','','1394-08-16','',0,'09128179833',0,'0000-00-00',0,'1398-10-09','0000-00-00'),(4965,'ایلیا','اخوان','','1397-05-09','',0,'09121466264',0,'0000-00-00',0,'1398-10-09','0000-00-00'),(4966,'نورا','اخوان','','1397-05-09','',0,'09121466264',0,'0000-00-00',0,'1398-10-09','0000-00-00'),(4967,'لیانا','رفیعی ','','0000-00-00','',0,'',0,'0000-00-00',0,'1398-10-09','0000-00-00'),(4968,'رادین','رضایی','','1396-02-08','',0,'09128448352',0,'0000-00-00',0,'1398-10-09','0000-00-00'),(4969,'دایانا','محمودیان','','1396-06-03','',0,'09125314354',0,'0000-00-00',0,'1398-10-09','0000-00-00'),(4970,'مانیا','دلیری','','1393-10-20','',0,'09210779607',0,'0000-00-00',0,'1398-10-09','0000-00-00'),(4971,'کژال','خداوردی','','1393-11-12','',0,'09375994090',0,'0000-00-00',0,'1398-10-09','0000-00-00'),(4972,'اریانا','جوکار','','1395-11-04','',0,'09102303117',0,'0000-00-00',0,'1398-10-09','0000-00-00'),(4973,'دلسا','رادمهر','','0000-00-00','',0,'',0,'0000-00-00',0,'1398-10-09','0000-00-00'),(4974,'هیراد','ایوبی','','1395-08-25','',0,'09123641343',0,'0000-00-00',0,'1398-10-09','0000-00-00'),(4975,'اوا','یوسف زمانی','','1395-08-13','',0,'09122713087',0,'0000-00-00',0,'1398-10-09','0000-00-00'),(4976,'اران','یوسف زمانی','','1397-03-16','',0,'09122713087',0,'0000-00-00',0,'1398-10-09','0000-00-00'),(4977,'روشا','کرانیان','','1395-01-03','',0,'09124896153',0,'0000-00-00',0,'1398-10-09','0000-00-00'),(4978,'امیرعلی','سیاری','','1395-10-05','',0,'09121887543',0,'0000-00-00',0,'1398-10-09','0000-00-00'),(4979,'سامیار','سلامی','','1396-05-26','',0,'09122450484',0,'0000-00-00',0,'1398-10-09','0000-00-00'),(4980,'لنا','خلیل بیگی','','1392-03-23','',0,'09126757120',0,'0000-00-00',0,'1398-10-10','0000-00-00'),(4981,'لیام','خلیل بیگی','','1395-05-20','',0,'09126757120',0,'0000-00-00',0,'1398-10-10','0000-00-00'),(4982,'هانا','جوینده','','1395-06-09','',0,'09121495724',0,'0000-00-00',0,'1398-10-10','0000-00-00'),(4983,'یارا','طباطبایی','','1396-11-05','',0,'09121397653',0,'0000-00-00',0,'1398-10-10','0000-00-00'),(4984,'اندیا','ناصحی','','1397-05-13','',0,'09129470483',0,'0000-00-00',0,'1398-10-10','0000-00-00'),(4985,'ایلیا','ایینی مهر','','1396-05-04','',0,'09126300195',0,'0000-00-00',0,'1398-10-10','0000-00-00'),(4986,'مایا','اصغرنیا','','1395-10-10','',0,'09357171110',0,'0000-00-00',0,'1398-10-10','0000-00-00'),(4987,'لیلی','نصرالله زاده','','1397-02-11','',0,'09338822898',0,'0000-00-00',0,'1398-10-10','0000-00-00'),(4988,'مهرزاد','اعجازی','','1396-08-04','',0,'09124579283',0,'0000-00-00',0,'1398-10-10','0000-00-00'),(4989,'اریا','غفاری','','1397-05-28','',0,'09122364370',0,'0000-00-00',0,'1398-10-10','0000-00-00'),(4990,'ارتمیس','عباسیان','','1394-08-21','',0,'09121939099',0,'0000-00-00',0,'1398-10-10','0000-00-00'),(4991,'ارنیکا','عباسیان','','1394-08-21','',0,'0912139',0,'0000-00-00',0,'1398-10-10','0000-00-00'),(4992,'اریانا','صراف','','1396-04-04','',0,'09123399419',0,'0000-00-00',0,'1398-10-10','0000-00-00'),(4993,'انیتا','افخمی','','1394-08-27','',0,'09211094729',0,'0000-00-00',0,'1398-10-10','0000-00-00'),(4994,'اروین','افخمی','','1396-12-21','',0,'09211094729',0,'0000-00-00',0,'1398-10-10','0000-00-00'),(4995,'پارسا','جهان دوست','','1394-12-16','',0,'09188400195',0,'0000-00-00',0,'1398-10-10','0000-00-00'),(4996,'رایان','قاسم لو','','1395-04-28','',0,'09197129979',0,'0000-00-00',0,'1398-10-11','0000-00-00'),(4997,'لونا','کاظمی','','1394-05-01','',0,'09124107057',0,'0000-00-00',0,'1398-10-11','0000-00-00'),(4998,'دیبا','خانجانزاده','','1393-06-15','',0,'09111717583',0,'0000-00-00',0,'1398-10-11','0000-00-00'),(4999,'شهریار','شیرزاد','','1396-07-07','',0,'09126499359',0,'0000-00-00',0,'1398-10-11','0000-00-00'),(5000,'سینا','اقایی','','1996-03-12','',0,'09128439910',0,'0000-00-00',0,'1398-10-11','0000-00-00'),(5001,'یسنا','سپهرنزاد','','0000-00-00','',0,'09125436589',0,'0000-00-00',0,'1398-10-11','0000-00-00'),(5002,'یسنا','سپهرنزاد','','0000-00-00','',0,'09125436589',0,'0000-00-00',0,'1398-10-11','0000-00-00'),(5003,'لیا','سپهرنزاد','','1395-09-17','',0,'09125436589',0,'0000-00-00',0,'1398-10-11','0000-00-00'),(5004,'مهرسا','رحیمی','','1395-03-06','',0,'09305588294',0,'0000-00-00',0,'1398-10-11','0000-00-00'),(5005,'اروشا','ایواز','','1392-10-05','',0,'09126062824',0,'0000-00-00',0,'1398-10-11','0000-00-00'),(5006,'دلسا','طهمورثی','','1393-10-08','',0,'09127381794',0,'0000-00-00',0,'1398-10-11','0000-00-00'),(5007,'سارینا','نصیری','','1390-05-24','',0,'09126858839',0,'0000-00-00',0,'1398-10-11','0000-00-00'),(5008,'سانیار','صادق وزیر','','1397-01-27','',0,'09125504911',0,'0000-00-00',0,'1398-10-11','0000-00-00'),(5009,'رایمون','طهماسبی','','1397-03-08','',0,'09127166288',0,'0000-00-00',0,'1398-10-11','0000-00-00'),(5010,'پارسا','روند','','1397-03-10','',0,'09123270028',0,'0000-00-00',0,'1398-10-11','0000-00-00'),(5011,'اریو','مجد','','1393-06-29','',0,'09128590093',0,'0000-00-00',0,'1398-10-11','0000-00-00'),(5012,'مدیسا','مشهدی','','0000-00-00','',0,'',0,'0000-00-00',0,'1398-10-11','0000-00-00'),(5013,'سام','نجفی','','1391-12-14','',0,'09122267293',0,'0000-00-00',0,'1398-10-11','0000-00-00'),(5014,'هانا','موج بافان','','1388-07-12','',0,'09125152532',0,'0000-00-00',0,'1398-10-11','0000-00-00'),(5015,'ادوین','پار','','1397-08-06','',0,'09128904857',0,'0000-00-00',0,'1398-10-11','0000-00-00'),(5016,'ترمه','رفیع زاده','','1397-04-29','',0,'09123181921',0,'0000-00-00',0,'1398-10-11','0000-00-00'),(5017,'علیرضا','راستگو','','1393-08-16','',0,'09121718273',0,'0000-00-00',0,'1398-10-11','0000-00-00'),(5018,'دلسا','استکی','','1395-01-16','',0,'09123204895',0,'0000-00-00',0,'1398-10-11','0000-00-00'),(5019,'طاها','کوهی','','1396-02-01','',0,'09124111474',0,'0000-00-00',0,'1398-10-11','0000-00-00'),(5020,'ارمان','مقدم','','1398-04-02','',0,'09122990892',0,'0000-00-00',0,'1398-10-12','0000-00-00'),(5021,'رها','امیری','','1389-12-11','',0,'09123769240',0,'0000-00-00',0,'1398-10-12','0000-00-00'),(5022,'دنیا','حسین پناه','','0000-00-00','',0,'09151102760',0,'0000-00-00',0,'1398-10-12','0000-00-00'),(5023,'پرنسا','نوری','','1393-11-05','',0,'09122088745',0,'0000-00-00',0,'1398-10-12','0000-00-00'),(5024,'الیزا','نوری','','1395-11-05','',0,'09122088745',0,'0000-00-00',0,'1398-10-12','0000-00-00'),(5025,'دلسا','ماسوله','','1393-10-26','',0,'09125469857',0,'0000-00-00',0,'1398-10-12','0000-00-00'),(5026,'شایلین','بردبار','','1393-10-18','',0,'09127607136',0,'0000-00-00',0,'1398-10-12','0000-00-00'),(5027,'روژان','دهنوی','','1393-07-14','',0,'09124436857',0,'0000-00-00',0,'1398-10-12','0000-00-00'),(5028,'لیانا','مقبلی','','0000-00-00','',0,'',0,'0000-00-00',0,'1398-10-12','0000-00-00'),(5029,'ویانا','رقابی','','0000-00-00','',0,'',0,'0000-00-00',0,'1398-10-12','0000-00-00'),(5030,'ساینا','پارسا','','0000-00-00','',0,'',0,'0000-00-00',0,'1398-10-12','0000-00-00'),(5031,'سلینا','پارسا','','0000-00-00','',0,'',0,'0000-00-00',0,'1398-10-12','0000-00-00'),(5032,'محمد حسین','غدیری','','1397-03-19','',0,'09121275345',0,'0000-00-00',0,'1398-10-12','0000-00-00'),(5033,'حسین','کرمی','','1395-08-05','',0,'09125491586',0,'0000-00-00',0,'1398-10-12','0000-00-00'),(5034,'لئا','امیری','','1394-12-04','',0,'09121548146',0,'0000-00-00',0,'1398-10-12','0000-00-00'),(5035,'لیانا','امیری','','1394-12-04','',0,'09121548146',0,'0000-00-00',0,'1398-10-12','0000-00-00'),(5036,'لیانا','امیری','','1394-12-04','',0,'09121548146',0,'0000-00-00',0,'1398-10-12','0000-00-00'),(5037,'لیام','علوی','','1397-09-29','',0,'09122929926',0,'0000-00-00',0,'1398-10-12','0000-00-00'),(5038,'تکین','ذوالریاستین','','1393-07-27','',0,'09122066541',0,'0000-00-00',0,'1398-10-12','0000-00-00'),(5039,'کیان','فامیلی','','0000-00-00','',0,'09188690041',0,'0000-00-00',0,'1398-10-12','0000-00-00'),(5040,'ملینا','عارفی','','1390-10-12','',0,'09121776850',0,'0000-00-00',0,'1398-10-12','0000-00-00'),(5041,'رادین','برزگری','','1397-04-28','',0,'09129218363',0,'0000-00-00',0,'1398-10-12','0000-00-00'),(5042,'نگار','ناظم زاده','','1396-10-02','',0,'09121026457',0,'0000-00-00',0,'1398-10-12','0000-00-00'),(5043,'بردیا','اسماعیلی','','1397-07-21','',0,'09193009606',0,'0000-00-00',0,'1398-10-12','0000-00-00'),(5044,'حسین','شریفی','','1395-01-04','',0,'09123184888',0,'0000-00-00',0,'1398-10-12','0000-00-00'),(5045,'لیا','موصابری','','1397-06-06','',0,'09125767889',0,'0000-00-00',0,'1398-10-12','0000-00-00'),(5046,'یاس','ثابت','','1395-11-28','',0,'09123906331',0,'0000-00-00',0,'1398-10-12','0000-00-00'),(5047,'سوفیا','سالک','','1393-06-09','',0,'09183190312',0,'0000-00-00',0,'1398-10-12','0000-00-00'),(5048,'شایان','روستایی','','1397-07-21','',0,'09125265474',0,'0000-00-00',0,'1398-10-12','0000-00-00'),(5049,'ایین','متقی','','1397-08-08','',0,'09127971159',0,'0000-00-00',0,'1398-10-12','0000-00-00'),(5050,'بنیامین','کریمی','','1393-08-25','',0,'09123364829',0,'0000-00-00',0,'1398-10-12','0000-00-00'),(5051,'محمدسبحان','افشار','','1393-06-24','',0,'09121719516',0,'0000-00-00',0,'1398-10-12','0000-00-00'),(5052,'دیان','عبدی','','1394-04-06','',0,'09121902544',0,'0000-00-00',0,'1398-10-12','0000-00-00'),(5053,'نوان','عبدی','','1397-07-20','',0,'09121902544',0,'0000-00-00',0,'1398-10-12','0000-00-00'),(5054,'دیانا','علامه','','1394-11-07','',0,'09122452454',0,'0000-00-00',0,'1398-10-12','0000-00-00'),(5055,'سوفیا','دادگر','','1393-05-18','',0,'09122478004',0,'0000-00-00',0,'1398-10-12','0000-00-00'),(5056,'ارشیدا','فاخری','','1397-11-03','',0,'09120277715',0,'0000-00-00',0,'1398-10-12','0000-00-00'),(5057,'لیام','رستمی','','1396-01-03','',0,'09101241764',0,'0000-00-00',0,'1398-10-12','0000-00-00'),(5058,'گندم','قادری','','1394-11-03','',0,'09122040012',0,'0000-00-00',0,'1398-10-12','0000-00-00'),(5059,'اهورا','حسین مردی','','1393-06-08','',0,'09021386403',0,'0000-00-00',0,'1398-10-12','0000-00-00'),(5060,'هوراد','حسین مردی','','1395-06-13','',0,'09021386403',0,'0000-00-00',0,'1398-10-12','0000-00-00'),(5061,'ارتین','نوید','','1395-05-05','',0,'09125088663',0,'0000-00-00',0,'1398-10-12','0000-00-00'),(5062,'باربد','بیگی','','1393-12-18','',0,'09121977525',0,'0000-00-00',0,'1398-10-12','0000-00-00'),(5063,'سلین','اسلامی','','1398-01-06','',0,'09128170376',0,'0000-00-00',0,'1398-10-12','0000-00-00'),(5064,'شادان','گزین','','1394-03-12','',0,'09166165265',0,'0000-00-00',0,'1398-10-12','0000-00-00'),(5065,'ادرین','نورعلی','','1396-01-02','',0,'09123784461',0,'0000-00-00',0,'1398-10-12','0000-00-00'),(5066,'جانان','حاجی ده','','1397-10-19','',0,'09121003102',0,'0000-00-00',0,'1398-10-12','0000-00-00'),(5067,'رایان','نوبری','','1396-06-30','',0,'09124124599',0,'0000-00-00',0,'1398-10-12','0000-00-00'),(5068,'رهی','حاتمی فر','','1395-05-15','',0,'09121893560',0,'0000-00-00',0,'1398-10-12','0000-00-00'),(5069,'تلما','لشگری','','1396-04-04','',0,'09122874178',0,'0000-00-00',0,'1398-10-13','0000-00-00'),(5070,'ترنم','دین محمدی','','1397-03-20','',0,'09198261650',0,'0000-00-00',0,'1398-10-13','0000-00-00'),(5071,'کارن','نصیری فر','','1394-09-18','',0,'09122135635',0,'0000-00-00',0,'1398-10-13','0000-00-00'),(5072,'یونا','حاتمی','','1394-11-28','',0,'09125653248',0,'0000-00-00',0,'1398-10-13','0000-00-00'),(5073,'سامیار','شرفی','','1396-03-31','',0,'09122471436',0,'0000-00-00',0,'1398-10-13','0000-00-00'),(5074,'رایان','پور حاجی','','1394-06-02','',0,'09126857392',0,'0000-00-00',0,'1398-10-13','0000-00-00'),(5075,'نیلسا','خیامی','','0000-00-00','',0,'09121343844',0,'0000-00-00',0,'1398-10-13','0000-00-00'),(5076,'لیانا','علی حسینی','','1395-03-23','',0,'09124869629',0,'0000-00-00',0,'1398-10-13','0000-00-00'),(5077,'روشا','زیبادل','','1395-04-04','',0,'09125702349',0,'0000-00-00',0,'1398-10-13','0000-00-00'),(5078,'دلسا','فراهانی','','1395-03-11','',0,'09123843869',0,'0000-00-00',0,'1398-10-13','0000-00-00'),(5079,'دنیز','منعم','','1397-08-09','',0,'09121118309',0,'0000-00-00',0,'1398-10-13','0000-00-00'),(5080,'سام','جعفری راد','','1396-03-21','',0,'09362909100',0,'0000-00-00',0,'1398-10-13','0000-00-00'),(5081,'باراد','بهمن ابادی','','1395-02-06','',0,'09120198551',0,'0000-00-00',0,'1398-10-13','0000-00-00'),(5082,'بارانا','بهمن ابادی','','1395-02-06','',0,'09120198551',0,'0000-00-00',0,'1398-10-13','0000-00-00'),(5083,'نازنین زهرا','حدادی','','1391-08-24','',0,'09125267456',0,'0000-00-00',0,'1398-10-13','0000-00-00'),(5084,'بارانا','وکیلی نژاد','','1395-01-17','',0,'09193966536',0,'0000-00-00',0,'1398-10-13','0000-00-00'),(5085,'رز','طالبی','','1397-10-06','',0,'09129279250',0,'0000-00-00',0,'1398-10-13','0000-00-00'),(5086,'رایان','شمس','','1393-03-04','',0,'09122269729',0,'0000-00-00',0,'1398-10-13','0000-00-00'),(5087,'باربد','فروغی','','1395-09-17','',0,'09125182799',0,'0000-00-00',0,'1398-10-13','0000-00-00'),(5088,'ویهان','علی نژاد','','1394-08-11','',0,'09125774478',0,'0000-00-00',0,'1398-10-13','0000-00-00'),(5089,'الین','نوحی','','1395-01-24','',0,'09121338528',0,'0000-00-00',0,'1398-10-13','0000-00-00'),(5090,'سوین','نوحی','','1395-01-24','',0,'09121338528',0,'0000-00-00',0,'1398-10-13','0000-00-00'),(5091,'دیانا','رسولی','','1395-06-10','',0,'09123026685',0,'0000-00-00',0,'1398-10-13','0000-00-00'),(5092,'ایرین','صالح یار','','1393-05-01','',0,'09123190495',0,'0000-00-00',0,'1398-10-13','0000-00-00'),(5093,'بهار','محمدی','','1396-07-07','',0,'09127004419',0,'0000-00-00',0,'1398-10-13','0000-00-00'),(5094,'ارتا','نوروزی','','1397-06-07','',0,'09122766488',0,'0000-00-00',0,'1398-10-13','0000-00-00'),(5095,'دیار','طبعی','','1395-11-11','',0,'09122397043',0,'0000-00-00',0,'1398-10-13','0000-00-00'),(5096,'نیکری','امینی','','1397-09-08','',0,'09112555521',0,'0000-00-00',0,'1398-10-13','0000-00-00'),(5097,'ارنوشا','حسینی','','1396-10-04','',0,'09125185410',0,'0000-00-00',0,'1398-10-13','0000-00-00'),(5098,'عسل','احدی','','1394-07-19','',0,'09213353408',0,'0000-00-00',0,'1398-10-13','0000-00-00'),(5099,'مهرزاد','نوروزی','','1397-04-06','',0,'09352685544',0,'0000-00-00',0,'1398-10-13','0000-00-00'),(5100,'نیکا','ضیایی','','1396-12-08','',0,'09123779540',0,'0000-00-00',0,'1398-10-13','0000-00-00'),(5101,'دیانا','صباغ','','1395-09-20','',0,'09123711472',0,'0000-00-00',0,'1398-10-13','0000-00-00'),(5102,'سوفی','جلال','','1394-11-02','',0,'09123202032',0,'0000-00-00',0,'1398-10-13','0000-00-00'),(5103,'اوا','اقامحسنی','','1397-04-03','',0,'09124395819',0,'0000-00-00',0,'1398-10-13','0000-00-00'),(5104,'رایان','فرهمند','','1396-10-20','',0,'09120877692',0,'0000-00-00',0,'1398-10-13','0000-00-00'),(5105,'امیرحسین','خان بابایی','','1396-07-13','',0,'09128888711',0,'0000-00-00',0,'1398-10-13','0000-00-00'),(5106,'شروین','اقاتهرانی','','0000-00-00','',0,'09352563420',0,'0000-00-00',0,'1398-10-13','0000-00-00'),(5107,'مانلی','رییسی فرد','','1391-11-30','',0,'09123239524',0,'0000-00-00',0,'1398-10-13','0000-00-00'),(5108,'ویانا','طیبی نژاد','','1396-01-03','',0,'09126024178',0,'0000-00-00',0,'1398-10-13','0000-00-00'),(5109,'سیدسجاد','سبط','','1393-09-18','',0,'09123492585',0,'0000-00-00',0,'1398-10-14','0000-00-00'),(5110,'اسماسادات','سبط','','1394-10-17','',0,'09123492585',0,'0000-00-00',0,'1398-10-14','0000-00-00'),(5111,'رایان','رسا','','1397-03-10','',0,'09123501419',0,'0000-00-00',0,'1398-10-14','0000-00-00'),(5112,'پاشا','صادقی','','1397-10-24','',0,'09112302182',0,'0000-00-00',0,'1398-10-14','0000-00-00'),(5113,'ماحد','سعدی','','0000-00-00','',0,'09123332333',0,'0000-00-00',0,'1398-10-14','0000-00-00'),(5114,'دلسا','علی اکبری','','1395-03-06','',0,'09123203258',0,'0000-00-00',0,'1398-10-14','0000-00-00'),(5115,'علی اکبر','درویش','','1397-02-26','',0,'09120852778',0,'0000-00-00',0,'1398-10-14','0000-00-00'),(5116,'علیرضا','نعیمی','','1398-07-21','',0,'09122291986',0,'0000-00-00',0,'1398-10-14','0000-00-00'),(5117,'روشنا','حاجی قربانی','','1396-10-15','',0,'09123330629',0,'0000-00-00',0,'1398-10-15','0000-00-00'),(5118,'ضحا','رهبری نسب','','1396-07-17','',0,'09128191498',0,'0000-00-00',0,'1398-10-15','0000-00-00'),(5119,'امیروالا','اعظمی','','1396-04-04','',0,'09122116671',0,'0000-00-00',0,'1398-10-15','0000-00-00'),(5120,'الوند','امیدشفیعی','','1397-10-28','',0,'09123012814',0,'0000-00-00',0,'1398-10-15','0000-00-00'),(5121,'ارسان','محبی','','1396-05-10','',0,'09301259656',0,'0000-00-00',0,'1398-10-15','0000-00-00'),(5122,'رها','روان','','1396-06-30','',0,'09121875783',0,'0000-00-00',0,'1398-10-15','0000-00-00'),(5123,'جانا','صداقت کمال','','1397-10-20','',0,'09131145809',0,'0000-00-00',0,'1398-10-15','0000-00-00'),(5124,'اراد','روحانی','','1396-01-28','',0,'09123050252',0,'0000-00-00',0,'1398-10-15','0000-00-00'),(5125,'سام','علی پور','','1396-04-27','',0,'09123253503',0,'0000-00-00',0,'1398-10-15','0000-00-00'),(5126,'لیام','تجری','','1396-05-27','',0,'09123455186',0,'0000-00-00',0,'1398-10-15','0000-00-00'),(5127,'نیکا','لطفی','','1396-10-14','',0,'09129052335',0,'0000-00-00',0,'1398-10-15','0000-00-00'),(5128,'روشنا','ابراهیمی','','0000-00-00','',0,'09120326747',0,'0000-00-00',0,'1398-10-15','0000-00-00'),(5129,'کیامهر','محمدی','','1397-08-14','',0,'09122088000',0,'0000-00-00',0,'1398-10-15','0000-00-00'),(5130,'الما','اخواص','','1397-11-11','',0,'09360235008',0,'0000-00-00',0,'1398-10-15','0000-00-00'),(5131,'نیکی','خوش سیرت','','1393-10-29','',0,'09123239959',0,'0000-00-00',0,'1398-10-16','0000-00-00'),(5132,'مانیا','ذرنوشه','','1393-05-15','',0,'09123851791',0,'0000-00-00',0,'1398-10-16','0000-00-00'),(5133,'کارینا','زوار','','1394-03-24','',0,'09124805636',0,'0000-00-00',0,'1398-10-16','0000-00-00'),(5134,'الینا','جمشیدی','','1395-07-26','',0,'09127936283',0,'0000-00-00',0,'1398-10-16','0000-00-00'),(5135,'دلنیا','نصیرزاده','','1396-10-27','',0,'09126955804',0,'0000-00-00',0,'1398-10-16','0000-00-00'),(5136,'نیلارز','سمایی','','1396-08-28','',0,'09126203420',0,'0000-00-00',0,'1398-10-16','0000-00-00'),(5137,'سودا','شاهسواری','','1394-05-11','',0,'09124383980',0,'0000-00-00',0,'1398-10-16','0000-00-00'),(5138,'مدیسا','رئوف','','1393-03-10','',0,'09127968442',0,'0000-00-00',0,'1398-10-16','0000-00-00'),(5139,'جانان','قائم پناه','','1395-10-27','',0,'09121967332',0,'0000-00-00',0,'1398-10-16','0000-00-00'),(5140,'کوروش','شام بیاتی','','1397-07-21','',0,'09126171317',0,'0000-00-00',0,'1398-10-16','0000-00-00'),(5141,'پریشاد','کریمی','','1394-10-25','',0,'09128237523',0,'0000-00-00',0,'1398-10-16','0000-00-00'),(5142,'مهبد','بمانی','','1393-05-21','',0,'09126786763',0,'0000-00-00',0,'1398-10-16','0000-00-00'),(5143,'دانیال','رحیمی','','1395-02-17','',0,'09122158784',0,'0000-00-00',0,'1398-10-16','0000-00-00'),(5144,'سپنتا','کرباسیان','','1394-04-11','',0,'09183336322',0,'0000-00-00',0,'1398-10-16','0000-00-00'),(5145,'یارا','روحانی','','1396-05-25','',0,'09127341914',0,'0000-00-00',0,'1398-10-16','0000-00-00'),(5146,'اوا','روحانی','','1393-08-28','',0,'09127341914',0,'0000-00-00',0,'1398-10-16','0000-00-00'),(5147,'لیانا','موسوی ','','1393-09-25','',0,'09128333709',0,'0000-00-00',0,'1398-10-16','0000-00-00'),(5148,'بهار','مهرالحسنی','','1392-01-31','',0,'09123874963',0,'0000-00-00',0,'1398-10-16','0000-00-00'),(5149,'ارشا','رستمیان','','1392-01-26','',0,'09123392297',0,'0000-00-00',0,'1398-10-16','0000-00-00'),(5150,'ادرین','ممبینی','','1393-05-05','',0,'09122350484',0,'0000-00-00',0,'1398-10-16','0000-00-00'),(5151,'اروشا','تمدن','','1389-11-05','',0,'09121139455',0,'0000-00-00',0,'1398-10-16','0000-00-00'),(5152,'ارشیدا','تمدن','','1393-08-04','',0,'09121139455',0,'0000-00-00',0,'1398-10-16','0000-00-00'),(5153,'مهربد','بمانی','','1393-05-21','',0,'09126786763',0,'0000-00-00',0,'1398-10-16','0000-00-00'),(5154,'دیان','کرمانی زاده','','1396-11-10','',0,'09122168766',0,'0000-00-00',0,'1398-10-16','0000-00-00'),(5155,'اریو','زرکش','','1397-06-14','',0,'09122194089',0,'0000-00-00',0,'1398-10-16','0000-00-00'),(5156,'راستا','صادقی زاده','','1393-01-02','',0,'09121402889',0,'0000-00-00',0,'1398-10-16','0000-00-00'),(5157,'گندم','حکمتی','','1394-03-12','',0,'09123129940',0,'0000-00-00',0,'1398-10-16','0000-00-00'),(5158,'ارتا','اخلاقی','','1392-09-27','',0,'09128163319',0,'0000-00-00',0,'1398-10-16','0000-00-00'),(5159,'بهار','هجارزاده','','1393-06-16','',0,'09101077652',0,'0000-00-00',0,'1398-10-16','0000-00-00'),(5160,'سوفیا','فرشچی','','1396-01-21','',0,'09121083215',0,'0000-00-00',0,'1398-10-16','0000-00-00'),(5161,'هانا','مطلبی','','1397-06-30','',0,'09127008761',0,'0000-00-00',0,'1398-10-16','0000-00-00'),(5162,'جانا','حاجیان','','1397-04-21','',0,'09121226798',0,'0000-00-00',0,'1398-10-16','0000-00-00'),(5163,'هانا','حاجیان','','1388-03-28','',0,'09121226798',0,'0000-00-00',0,'1398-10-16','0000-00-00'),(5164,'بردیا','ضیغمی','','1396-12-15','',0,'09125127057',0,'0000-00-00',0,'1398-10-16','0000-00-00'),(5165,'بهینا','قاسمی','','1396-11-03','',0,'09120201889',0,'0000-00-00',0,'1398-10-16','0000-00-00'),(5166,'پارسا','ولدی','','1396-10-19','',0,'09128157508',0,'0000-00-00',0,'1398-10-16','0000-00-00'),(5167,'ایسا','مولایی','','1395-05-06','',0,'09129294215',0,'0000-00-00',0,'1398-10-16','0000-00-00'),(5168,'لیان','اخوان','','1398-02-02','',0,'09122030824',0,'0000-00-00',0,'1398-10-16','0000-00-00'),(5169,'مهان','بنی مصطفی','','0000-00-00','',0,'09352544151',0,'0000-00-00',0,'1398-10-16','0000-00-00'),(5170,'سام ','اسداللهی','','1396-02-22','',0,'09123501067',0,'0000-00-00',0,'1398-10-17','0000-00-00'),(5171,'نیکی','حسابیان','','1396-05-31','',0,'09128706893',0,'0000-00-00',0,'1398-10-17','0000-00-00'),(5172,'روشان','اجلویان','','0000-00-00','',0,'09133112976',0,'0000-00-00',0,'1398-10-17','0000-00-00'),(5173,'شایلین','اجلویان','','1397-03-08','',0,'09132044208',0,'0000-00-00',0,'1398-10-17','0000-00-00'),(5174,'پرهام','علیجانی','','1398-02-26','',0,'09129595623',0,'0000-00-00',0,'1398-10-17','0000-00-00'),(5175,'شایلین','تهرانی','','1396-09-21','',0,'09126801965',0,'0000-00-00',0,'1398-10-17','0000-00-00'),(5176,'پویان','محسن','','0000-00-00','',0,'09335604219',0,'0000-00-00',0,'1398-10-17','0000-00-00'),(5177,'هانا','زارع','','1397-05-20','',0,'09122750342',0,'0000-00-00',0,'1398-10-17','0000-00-00'),(5178,'رز','خداوردی','','1394-12-17','',0,'09125174010',0,'0000-00-00',0,'1398-10-17','0000-00-00'),(5179,'پاشا','امامی','','1395-09-26','',0,'09123485300',0,'0000-00-00',0,'1398-10-17','0000-00-00'),(5180,'مرسانا','رضایی','','1394-09-17','',0,'09123052202',0,'0000-00-00',0,'1398-10-17','0000-00-00'),(5181,'یاسمینا','یوسفی','','1393-11-03','',0,'',0,'0000-00-00',0,'1398-10-17','0000-00-00'),(5182,'ژینا','محمودیان','','1394-07-26','',0,'09123142672',0,'0000-00-00',0,'1398-10-17','0000-00-00'),(5183,'دلسا','حکیمی','','1393-10-17','',0,'09123907258',0,'0000-00-00',0,'1398-10-17','0000-00-00'),(5184,'نیکرای','رضایی','','0000-00-00','',0,'09123052202',0,'0000-00-00',0,'1398-10-17','0000-00-00'),(5185,'رزا ','بهروزی','','1394-10-02','',0,'09125432427',0,'0000-00-00',0,'1398-10-17','0000-00-00'),(5186,'سامیار','بانگی','','1395-09-21','',0,'09124367296',0,'0000-00-00',0,'1398-10-17','0000-00-00'),(5187,'حنا','حجازی','','1396-10-24','',0,'09126060029',0,'0000-00-00',0,'1398-10-17','0000-00-00'),(5188,'ارشیدا','عباس زاده','','1395-03-23','',0,'09122101036',0,'0000-00-00',0,'1398-10-17','0000-00-00'),(5189,'سام','مسیحی','','1397-08-09','',0,'09128159098',0,'0000-00-00',0,'1398-10-17','0000-00-00'),(5190,'اراس','عبادی','','1395-01-05','',0,'09124966317',0,'0000-00-00',0,'1398-10-17','0000-00-00'),(5191,'شانا','خطیب کوشا','','1393-10-17','',0,'09122882539',0,'0000-00-00',0,'1398-10-17','0000-00-00'),(5192,'گندم','حافظی','','1396-03-07','',0,'09124950038',0,'0000-00-00',0,'1398-10-18','0000-00-00'),(5193,'سلین','حرانی','','1396-03-01','',0,'09123855419',0,'0000-00-00',0,'1398-10-18','0000-00-00'),(5194,'ملورین','حسینی','','1396-03-17','',0,'09122890171',0,'0000-00-00',0,'1398-10-18','0000-00-00'),(5195,'دیبا','صالحی','','1395-07-04','',0,'09128123815',0,'0000-00-00',0,'1398-10-18','0000-00-00'),(5196,'نیکدوخت','دهقان','','1397-09-23','',0,'09125339340',0,'0000-00-00',0,'1398-10-18','0000-00-00'),(5197,'محمد کیان','حاجی علیان','','1394-01-12','',0,'09370863434',0,'0000-00-00',0,'1398-10-18','0000-00-00'),(5198,'الا','صادقی','','1396-03-24','',0,'09124886995',0,'0000-00-00',0,'1398-10-18','0000-00-00'),(5199,'نلین','نصر','','1396-03-09','',0,'09121189986',0,'0000-00-00',0,'1398-10-18','0000-00-00'),(5200,'اریو','رفیعی','','1395-07-18','',0,'09124448093',0,'0000-00-00',0,'1398-10-18','0000-00-00'),(5201,'اردا','اگوش','','1396-05-16','',0,'09122112546',0,'0000-00-00',0,'1398-10-18','0000-00-00'),(5202,'سورن','نایت','','1396-06-22','',0,'09121886930',0,'0000-00-00',0,'1398-10-18','0000-00-00'),(5203,'سام','اسداللهی','','0000-00-00','',0,'09123501067',0,'0000-00-00',0,'1398-10-18','0000-00-00'),(5204,'رایان','وفا','','1396-05-01','',0,'09124333354',0,'0000-00-00',0,'1398-10-18','0000-00-00'),(5205,'ایدین','عین اللهی','','1396-02-02','',0,'09127019893',0,'0000-00-00',0,'1398-10-18','0000-00-00'),(5206,'رز','ژکان','','1395-01-18','',0,'09121074595',0,'0000-00-00',0,'1398-10-18','0000-00-00'),(5207,'فاطمه ضیایی','','','1395-01-22','',0,'09191035196',0,'0000-00-00',0,'1398-10-18','0000-00-00'),(5208,'سلنا','شفیعی','','1395-10-04','',0,'09121765540',0,'0000-00-00',0,'1398-10-18','0000-00-00'),(5209,'نیلا','کحالی','','1396-09-09','',0,'09120903590',0,'0000-00-00',0,'1398-10-18','0000-00-00'),(5210,'نهال','زارعی','','1394-04-09','',0,'09129573036',0,'0000-00-00',0,'1398-10-18','0000-00-00'),(5211,'','','','0000-00-00','',0,'',0,'0000-00-00',0,'1398-10-18','0000-00-00'),(5212,'لیانا','محمدی','','1396-04-08','',0,'09126119135',0,'0000-00-00',0,'1398-10-18','0000-00-00'),(5213,'دلسا','صادقی','','1394-03-11','',0,'09133539512',0,'0000-00-00',0,'1398-10-18','0000-00-00'),(5214,'سیدامیرحسین','موسوی','','1393-02-28','',0,'09121575618',0,'0000-00-00',0,'1398-10-18','0000-00-00'),(5215,'زهراسادات','دیباج','','1393-10-20','',0,'09127031495',0,'0000-00-00',0,'1398-10-18','0000-00-00'),(5216,'ارش','مستوفی زاده','','1395-01-09','',0,'09128908762',0,'0000-00-00',0,'1398-10-18','0000-00-00'),(5217,'لیانا','عشقی','','1394-11-30','',0,'09122023990',0,'0000-00-00',0,'1398-10-18','0000-00-00'),(5218,'سلینا','عشقی','','1396-10-06','',0,'09122023990',0,'0000-00-00',0,'1398-10-18','0000-00-00'),(5219,'درا','ممغانی','','1397-09-20','',0,'09122255133',0,'0000-00-00',0,'1398-10-18','0000-00-00'),(5220,'لنا','پولادخان','','0000-00-00','',0,'09128000005',0,'0000-00-00',0,'1398-10-18','0000-00-00'),(5221,'لیانا','صالح','','1396-03-04','',0,'09124683768',0,'0000-00-00',0,'1398-10-18','0000-00-00'),(5222,'اسوتلینا','گرگووا','','1397-11-08','',0,'09191240071',0,'0000-00-00',0,'1398-10-18','0000-00-00'),(5223,'میلان','محمدی','','1397-02-20','',0,'09127777771',0,'0000-00-00',0,'1398-10-18','0000-00-00'),(5224,'رابین','فریدونی','','1397-12-07','',0,'09122258403',0,'0000-00-00',0,'1398-10-19','0000-00-00'),(5225,'دیبا','سراج','','1395-02-14','',0,'09177004099',0,'0000-00-00',0,'1398-10-19','0000-00-00'),(5226,'محمد پارسا','تواره','','1398-10-08','',0,'09124555499',0,'0000-00-00',0,'1398-10-19','0000-00-00'),(5227,'میلان','براتی','','1997-05-11','',0,'09213716402',0,'0000-00-00',0,'1398-10-19','0000-00-00'),(5228,'پارسا','سوداگری','','1396-12-06','',0,'09122934401',0,'0000-00-00',0,'1398-10-19','0000-00-00'),(5229,'یاسین','فیروزابادی','','1397-05-27','',0,'09209791877',0,'0000-00-00',0,'1398-10-19','0000-00-00'),(5230,'نیکی','زنجانی','','1396-08-05','',0,'09122274811',0,'0000-00-00',0,'1398-10-19','0000-00-00'),(5231,'محمدرضا','رضوی','','1388-05-01','',0,'09125347352',0,'0000-00-00',0,'1398-10-19','0000-00-00'),(5232,'لیام','شفیعی','','1393-11-23','',0,'09102018736',0,'0000-00-00',0,'1398-10-19','0000-00-00'),(5233,'راستین','زیادتی','','1395-11-21','',0,'09132768438',0,'0000-00-00',0,'1398-10-19','0000-00-00'),(5234,'مهبد','هجرانی','','1390-03-29','',0,'09125067249',0,'0000-00-00',0,'1398-10-19','0000-00-00'),(5235,'رادمهر','هجرانی','','1396-03-18','',0,'09125067249',0,'0000-00-00',0,'1398-10-19','0000-00-00'),(5236,'کیان','ذبیحی','','1394-04-11','',0,'09122057314',0,'0000-00-00',0,'1398-10-19','0000-00-00'),(5237,'بهراد','کیایی','','0000-00-00','',0,'09122057314',0,'0000-00-00',0,'1398-10-19','0000-00-00'),(5238,'سما','یزدی','','1397-05-11','',0,'09124764010',0,'0000-00-00',0,'1398-10-19','0000-00-00'),(5239,'باران','خوش امدی','','1394-04-22','',0,'09133595667',0,'0000-00-00',0,'1398-10-19','0000-00-00'),(5240,'میلان','صفویان','','1397-03-10','',0,'09128442136',0,'0000-00-00',0,'1398-10-19','0000-00-00'),(5241,'دیانا','اسماعیلی','','0000-00-00','',0,'09123261029',0,'0000-00-00',0,'1398-10-19','0000-00-00'),(5242,'فاطمه ','مطهری','','0000-00-00','',0,'09123261029',0,'0000-00-00',0,'1398-10-19','0000-00-00'),(5243,'امیرحسن','مطهری','','0000-00-00','',0,'09123261029',0,'0000-00-00',0,'1398-10-19','0000-00-00'),(5244,'دنیا','ابراهیمی','','1395-10-08','',0,'09121957264',0,'0000-00-00',0,'1398-10-19','0000-00-00'),(5245,'ادرینا','زمردکار','','1397-02-06','',0,'09127333662',0,'0000-00-00',0,'1398-10-19','0000-00-00'),(5246,'ارنیا','صفارزاده','','1397-12-01','',0,'09120626480',0,'0000-00-00',0,'1398-10-19','0000-00-00'),(5247,'سامیار','غلام حسینی','','1396-06-12','',0,'09121052305',0,'0000-00-00',0,'1398-10-19','0000-00-00'),(5248,'ماهان','محمدحسینی','','1393-08-08','',0,'09125955878',0,'0000-00-00',0,'1398-10-19','0000-00-00'),(5249,'برسام ','رضایی','','1394-03-30','',0,'09123054355',0,'0000-00-00',0,'1398-10-19','0000-00-00'),(5250,'لیا','مقصودی','','1396-09-08','',0,'09126076517',0,'0000-00-00',0,'1398-10-19','0000-00-00'),(5251,'رزا','حیدرپور','','1396-06-28','',0,'09126366828',0,'0000-00-00',0,'1398-10-19','0000-00-00'),(5252,'مهیار','جعفری','','1397-02-25','',0,'09127957964',0,'0000-00-00',0,'1398-10-19','0000-00-00'),(5253,'سام','ناصح','','1394-04-15','',0,'09123877894',0,'0000-00-00',0,'1398-10-19','0000-00-00'),(5254,'دانیال','ناصح','','1394-04-15','',0,'09123877894',0,'0000-00-00',0,'1398-10-19','0000-00-00'),(5255,'ویهان','هاشمی','','1395-04-01','',0,'09385440914',0,'0000-00-00',0,'1398-10-19','0000-00-00'),(5256,'باراد','بختیاری','','1396-07-23','',0,'09125255359',0,'0000-00-00',0,'1398-10-19','0000-00-00'),(5257,'السا','پالیزی','','1395-11-15','',0,'09125599946',0,'0000-00-00',0,'1398-10-19','0000-00-00'),(5258,'سوگل','دلیرصفت','','1392-03-11','',0,'09123723396',0,'0000-00-00',0,'1398-10-19','0000-00-00'),(5259,'اروین','امینی','','1395-09-04','',0,'09122098471',0,'0000-00-00',0,'1398-10-19','0000-00-00'),(5260,'النا','امینی','','1395-09-04','',0,'09122098471',0,'0000-00-00',0,'1398-10-19','0000-00-00'),(5261,'روبیسا','بطحایی','','1393-05-14','',0,'09122382619',0,'0000-00-00',0,'1398-10-19','0000-00-00'),(5262,'نوا','رضایی','','1396-02-28','',0,'09123706471',0,'0000-00-00',0,'1398-10-19','0000-00-00'),(5263,'اگرین','زرگران','','1396-01-02','',0,'09197583090',0,'0000-00-00',0,'1398-10-19','0000-00-00'),(5264,'مبینا','منصوری','','1394-12-11','',0,'09123751172',0,'0000-00-00',0,'1398-10-19','0000-00-00'),(5265,'هلیا','بهشتی','','1393-01-04','',0,'09123176192',0,'0000-00-00',0,'1398-10-19','0000-00-00'),(5266,'ملانی','اعلایی نسب','','1397-01-30','',0,'09124160503',0,'0000-00-00',0,'1398-10-19','0000-00-00'),(5267,'مهرسام','محبی نیا','','0000-00-00','',0,'09121079468',0,'0000-00-00',0,'1398-10-19','0000-00-00'),(5268,'گلوریا','حبیبی','','1397-01-03','',0,'09121191234',0,'0000-00-00',0,'1398-10-19','0000-00-00'),(5269,'دیانا','صادقی','','1397-11-15','',0,'09126489476',0,'0000-00-00',0,'1398-10-19','0000-00-00'),(5270,'باران','صادقی','','1393-07-13','',0,'09126489476',0,'0000-00-00',0,'1398-10-19','0000-00-00'),(5271,'باران','صادقی','','1393-07-13','',0,'09126489476',0,'0000-00-00',0,'1398-10-19','0000-00-00'),(5272,'هیراد','شاهرودی','','1394-09-15','',0,'09122262903',0,'0000-00-00',0,'1398-10-19','0000-00-00'),(5273,'ارشا','اسلامی','','1397-09-17','',0,'09121590985',0,'0000-00-00',0,'1398-10-19','0000-00-00'),(5274,'والا','حسنی افشار','','1394-03-18','',0,'09127999719',0,'0000-00-00',0,'1398-10-20','0000-00-00'),(5275,'نفس','اقدم','','1394-03-06','',0,'09125426983',0,'0000-00-00',0,'1398-10-20','0000-00-00'),(5276,'طناز','پور اصغر','','1397-03-20','',0,'',0,'0000-00-00',0,'1398-10-20','0000-00-00'),(5277,'لارا','حسین خانی','','1394-02-23','',0,'09123269500',0,'0000-00-00',0,'1398-10-20','0000-00-00'),(5278,'رز','شهبازی','','1395-04-22','',0,'09125870695',0,'0000-00-00',0,'1398-10-20','0000-00-00'),(5279,'اوا','ناصری','','1395-09-27','',0,'09124954651',0,'0000-00-00',0,'1398-10-20','0000-00-00'),(5280,'باران','امیری','','1392-04-26','',0,'09122400430',0,'0000-00-00',0,'1398-10-20','0000-00-00'),(5281,'یاسمین','صافحنیان','','1394-05-25','',0,'09122346792',0,'0000-00-00',0,'1398-10-20','0000-00-00'),(5282,'مایا','وطنچی','','1397-02-19','',0,'09123599789',0,'0000-00-00',0,'1398-10-20','0000-00-00'),(5283,'ارشان','غفاری','','1396-10-15','',0,'09128854977',0,'0000-00-00',0,'1398-10-20','0000-00-00'),(5284,'سروناز','نظری منش','','1395-05-17','',0,'09122028836',0,'0000-00-00',0,'1398-10-20','0000-00-00'),(5285,'ادلیا','حشمت نیا','','1396-10-20','',0,'09124261092',0,'0000-00-00',0,'1398-10-20','0000-00-00'),(5286,'ونداد','کرباسیون','','1393-06-24','',0,'09373027348',0,'0000-00-00',0,'1398-10-20','0000-00-00'),(5287,'سپیدار','سلطانی','','1397-08-10','',0,'09122265503',0,'0000-00-00',0,'1398-10-20','0000-00-00'),(5288,'امیرعلی','قاسمی','','1396-12-06','',0,'09194951462',0,'0000-00-00',0,'1398-10-20','0000-00-00'),(5289,'جانان','اژیر','','1397-09-30','',0,'09121074195',0,'0000-00-00',0,'1398-10-20','0000-00-00'),(5290,'نویان','منوچهری','','1396-09-07','',0,'09124948959',0,'0000-00-00',0,'1398-10-20','0000-00-00'),(5291,'پارمیس','کریمی','','1397-05-02','',0,'09121797131',0,'0000-00-00',0,'1398-10-20','0000-00-00'),(5292,'دیانا','کاظمی مقدم','','1392-06-07','',0,'09197098581',0,'0000-00-00',0,'1398-10-20','0000-00-00'),(5293,'کیان ','فرزین','','1396-08-01','',0,'09132454035',0,'0000-00-00',0,'1398-10-20','0000-00-00'),(5294,'حنانه','قاسمی','','0000-00-00','',0,'',0,'0000-00-00',0,'1398-10-20','0000-00-00'),(5295,'الین','فدایی','','1395-04-30','',0,'09125937644',0,'0000-00-00',0,'1398-10-20','0000-00-00'),(5296,'پرنسا','پناهی','','1395-11-15','',0,'09385315980',0,'0000-00-00',0,'1398-10-20','0000-00-00'),(5297,'پاکان','اقامیری','','1396-10-04','',0,'09122489793',0,'0000-00-00',0,'1398-10-20','0000-00-00'),(5298,'نیلیا','حمزه','','1393-08-21','',0,'09123974318',0,'0000-00-00',0,'1398-10-20','0000-00-00'),(5299,'امیرعلی','حمزه','','1395-07-12','',0,'09123974318',0,'0000-00-00',0,'1398-10-20','0000-00-00'),(5300,'اترینا','کیایی','','1395-01-25','',0,'09121119347',0,'0000-00-00',0,'1398-10-20','0000-00-00'),(5301,'ایلیا','حسینی','','1396-10-22','',0,'09129348236',0,'0000-00-00',0,'1398-10-20','0000-00-00'),(5302,'نر','','','0000-00-00','',0,'',0,'0000-00-00',0,'1398-10-20','0000-00-00'),(5303,'نرگس','شمیرانی','','1396-06-27','',0,'09122720979',0,'0000-00-00',0,'1398-10-20','0000-00-00'),(5304,'سروین','ساجدی','','1397-01-03','',0,'09196351735',0,'0000-00-00',0,'1398-10-20','0000-00-00'),(5305,'عسل','حسنی','','1394-02-14','',0,'09195301241',0,'0000-00-00',0,'1398-10-20','0000-00-00'),(5306,'سمیر','صالحی','','1395-01-09','',0,'09127981224',0,'0000-00-00',0,'1398-10-20','0000-00-00'),(5307,'ملودی','حاجی بابا','','1391-04-26','',0,'09123205400',0,'0000-00-00',0,'1398-10-20','0000-00-00'),(5308,'ماهان','حاجی بابا','','1397-07-14','',0,'09123205400',0,'0000-00-00',0,'1398-10-20','0000-00-00'),(5309,'لیانا','عینی','','1390-02-05','',0,'09123205400',0,'0000-00-00',0,'1398-10-20','0000-00-00'),(5310,'امیرعباس','فصیح','','1391-03-13','',0,'09121111112',0,'0000-00-00',0,'1398-10-20','0000-00-00'),(5311,'امیرحسین','فصیح','','1392-11-12','',0,'09121111112',0,'0000-00-00',0,'1398-10-20','0000-00-00'),(5312,'اتور','رویین','','1394-01-30','',0,'09120422413',0,'0000-00-00',0,'1398-10-20','0000-00-00'),(5313,'نیروانا','قلی نژاد','','1397-08-10','',0,'09124057167',0,'0000-00-00',0,'1398-10-20','0000-00-00'),(5314,'اوستا','قلندری','','1397-07-09','',0,'09178542981',0,'0000-00-00',0,'1398-10-20','0000-00-00'),(5315,'ضحا','بنکدار','','1394-02-22','',0,'09125937328',0,'0000-00-00',0,'1398-10-20','0000-00-00'),(5316,'مهیار','حسین زاده','','1393-01-17','',0,'09125589814',0,'0000-00-00',0,'1398-10-20','0000-00-00'),(5317,'لنا','موسوی','','1394-10-02','',0,'09125505925',0,'0000-00-00',0,'1398-10-20','0000-00-00'),(5318,'رهام','تهرانی','','1396-11-25','',0,'09128236671',0,'0000-00-00',0,'1398-10-20','0000-00-00'),(5319,'لیانا','غفوری','','1394-06-25','',0,'09122173963',0,'0000-00-00',0,'1398-10-20','0000-00-00'),(5320,'الینا','غفوری','','1394-06-25','',0,'09122173963',0,'0000-00-00',0,'1398-10-20','0000-00-00'),(5321,'باراد','بورنوش','','1396-10-28','',0,'09123074719',0,'0000-00-00',0,'1398-10-20','0000-00-00'),(5322,'رز','قربانی','','1396-07-07','',0,'09022018218',0,'0000-00-00',0,'1398-10-20','0000-00-00'),(5323,'نورا','خاتمی','','1397-03-31','',0,'09124872511',0,'0000-00-00',0,'1398-10-20','0000-00-00'),(5324,'النا','شریفی','','0000-00-00','',0,'',0,'0000-00-00',0,'1398-10-20','0000-00-00'),(5325,'ارش','نقدی','','1397-05-18','',0,'09128884102',0,'0000-00-00',0,'1398-10-20','0000-00-00'),(5326,'نفس','نیاکی','','1397-07-23','',0,'09123404588',0,'0000-00-00',0,'1398-10-20','0000-00-00'),(5327,'دلدار','معین ساداتی','','1397-11-09','',0,'09122107454',0,'0000-00-00',0,'1398-10-20','0000-00-00'),(5328,'اوینا','توکلی','','1395-06-29','',0,'09122331497',0,'0000-00-00',0,'1398-10-20','0000-00-00'),(5329,'مهربان','کبیر','','1393-12-24','',0,'09125078280',0,'0000-00-00',0,'1398-10-20','0000-00-00'),(5330,'یاس','کریمی','','1397-08-23','',0,'09125392282',0,'0000-00-00',0,'1398-10-20','0000-00-00'),(5331,'لاوین','مکیان','','1395-02-23','',0,'09353660303',0,'0000-00-00',0,'1398-10-20','0000-00-00'),(5332,'نیکی','میرمحمدعلی','','1396-04-07','',0,'09123951560',0,'0000-00-00',0,'1398-10-20','0000-00-00'),(5333,'روشا','رهبر','','1395-07-15','',0,'09122261995',0,'0000-00-00',0,'1398-10-20','0000-00-00'),(5334,'دایانا','شیرازنژاد','','1397-02-20','',0,'09122800905',0,'0000-00-00',0,'1398-10-20','0000-00-00'),(5335,'مهیسا','مددی','','1394-02-15','',0,'09122236338',0,'0000-00-00',0,'1398-10-20','0000-00-00'),(5336,'لنا','رهبر','','1395-11-23','',0,'09123977144',0,'0000-00-00',0,'1398-10-20','0000-00-00'),(5337,'یاسمین','فرهمند','','1397-08-04','',0,'09121992159',0,'0000-00-00',0,'1398-10-20','0000-00-00'),(5338,'فلورا','فهیمی','','1396-11-02','',0,'09124198732',0,'0000-00-00',0,'1398-10-20','0000-00-00'),(5339,'ارمان','پاکدامنیان','','1393-02-06','',0,'09121223027',0,'0000-00-00',0,'1398-10-20','0000-00-00'),(5340,'امیرحسین','صابری','','1396-03-01','',0,'09124236497',0,'0000-00-00',0,'1398-10-20','0000-00-00'),(5341,'انیلا','صابری','','1394-12-12','',0,'09124236497',0,'0000-00-00',0,'1398-10-20','0000-00-00'),(5342,'ترگل','ابوصدق','','1395-03-26','',0,'09121880576',0,'0000-00-00',0,'1398-10-20','0000-00-00'),(5343,'نویان','نیکپور','','1396-06-23','',0,'09120178430',0,'0000-00-00',0,'1398-10-20','0000-00-00'),(5344,'ترمه','رضایی','','1396-12-04','',0,'09121195084',0,'0000-00-00',0,'1398-10-20','0000-00-00'),(5345,'ارین','پوست دوز','','1397-02-19','',0,'09125170060',0,'0000-00-00',0,'1398-10-20','0000-00-00'),(5346,'بارانا','کریمی','','1396-06-22','',0,'09124359336',0,'0000-00-00',0,'1398-10-20','0000-00-00'),(5347,'کارن','خسروی','','1395-05-27','',0,'09121126905',0,'0000-00-00',0,'1398-10-21','0000-00-00'),(5348,'ماکان','خسروی','','1395-05-27','',0,'09121126905',0,'0000-00-00',0,'1398-10-21','0000-00-00'),(5349,'روشا','صالحی','','1396-06-08','',0,'09125874904',0,'0000-00-00',0,'1398-10-21','0000-00-00'),(5350,'سلین','زرین مهر','','1978-04-13','',0,'09124885334',0,'0000-00-00',0,'1398-10-21','0000-00-00'),(5351,'سارینا','قاسمی','','1390-04-19','',0,'09028778760',0,'0000-00-00',0,'1398-10-21','0000-00-00'),(5352,'نلین','زمانی','','1396-06-09','',0,'09128360096',0,'0000-00-00',0,'1398-10-21','0000-00-00'),(5353,'لیام','اریا','','1397-06-24','',0,'09212033534',0,'0000-00-00',0,'1398-10-21','0000-00-00'),(5354,'غزل','منظور','','1394-05-21','',0,'09353384060',0,'0000-00-00',0,'1398-10-21','0000-00-00'),(5355,'حسین','براتی','','1394-09-28','',1,'9199129640',0,'0000-00-00',0,'1398-10-21','0000-00-00'),(5356,'امیرطاها','اکبری',NULL,'1393-04-29',NULL,1,'9127237795',0,NULL,0,'1398-10-24',NULL),(5357,'اشکان','رنجبر',NULL,'1394-03-05',NULL,1,'9123780038',0,NULL,0,'1398-10-24',NULL),(5358,'رهان','رفیعی',NULL,'1394-01-01',NULL,1,'9124273843',0,NULL,0,'1398-10-24',NULL),(5359,'سایدا','قربان بور',NULL,'1394-02-14',NULL,0,'9128435567',0,NULL,0,'1398-10-24',NULL),(5360,'لیانا','کردانی',NULL,'1393-08-20',NULL,0,'9124596840',0,NULL,0,'1398-10-24',NULL),(5361,'بارسین','حیدرزاده',NULL,'1393-08-04',NULL,1,'9127238474',0,NULL,0,'1398-10-24',NULL),(5362,'مارتین','لوک فو',NULL,'1395-04-10',NULL,1,'9126086379',0,NULL,0,'1398-10-24',NULL),(5363,'ماکان','حسنی',NULL,'1396-11-17',NULL,1,'9362829401',0,NULL,0,'1398-10-24',NULL),(5364,'کارن','جمالی',NULL,'1397-03-22',NULL,1,'9120366326',0,NULL,0,'1398-10-24',NULL),(5365,'عرفان','کوچک خانی',NULL,'1397-02-07',NULL,1,'9199612628',0,NULL,0,'1398-10-24',NULL),(5366,'مایا','نیک پنجه',NULL,'1397-09-21',NULL,0,'9125365025',0,NULL,0,'1398-10-24',NULL),(5367,'دلیا','فتحی',NULL,'1394-03-28',NULL,0,'9121219021',0,NULL,0,'1398-10-24',NULL),(5368,'گندم','حفیظی',NULL,'1394-09-28',NULL,0,'9123097212',0,NULL,0,'1398-10-24',NULL),(5369,'باربد','یاسایی',NULL,'1397-06-09',NULL,1,'9124840682',0,NULL,0,'1398-10-24',NULL),(5370,'سام','رمضانی',NULL,'1393-11-11',NULL,1,'9122590697',0,NULL,0,'1398-10-24',NULL),(5371,'انیسا','راد',NULL,'1393-10-30',NULL,0,'9122838865',0,NULL,0,'1398-10-24',NULL),(5372,'لاوین','جلالی',NULL,'1396-05-06',NULL,0,'9125639342',0,NULL,0,'1398-10-24',NULL),(5373,'ایلین','جلال زاده',NULL,'1393-10-08',NULL,0,'9121443352',0,NULL,0,'1398-10-24',NULL),(5374,'سلوا','صفری',NULL,'1395-09-27',NULL,0,'9121893717',0,NULL,0,'1398-10-24',NULL),(5375,'افرا','نانکلی',NULL,'1397-10-06',NULL,0,'9122174175',0,NULL,0,'1398-10-24',NULL),(5376,'رستا','راسخ',NULL,'1396-06-12',NULL,0,'9123040837',0,NULL,0,'1398-10-24',NULL),(5377,'راستین',' راسخ',NULL,'1396-06-12',NULL,1,'9123040837',0,NULL,0,'1398-10-24',NULL),(5378,'مهرسام ','عقیلی',NULL,'1397-04-01',NULL,1,'9120860890',0,NULL,0,'1398-10-24',NULL),(5379,'اران','لطفی',NULL,'1396-05-17',NULL,1,'9122703730',0,NULL,0,'1398-10-24',NULL),(5380,'ایسان','رودکی',NULL,'1394-05-25',NULL,0,'9128333098',0,NULL,0,'1398-10-24',NULL),(5381,'بامداد','بیات',NULL,'1396-05-18',NULL,1,'9122908550',0,NULL,0,'1398-10-24',NULL),(5382,'رادمهر','یوسف پور',NULL,'1394-04-25',NULL,1,'9127693459',0,NULL,0,'1398-10-24',NULL),(5383,'ایلیا','اسدی',NULL,'1397-07-16',NULL,1,'9120267148',0,NULL,0,'1398-10-24',NULL),(5384,'سوفی','قربانی',NULL,'1395-04-14',NULL,0,'9121159797',0,NULL,0,'1398-10-24',NULL),(5385,'ملودی','سقائی',NULL,'1395-11-12',NULL,0,'9373093596',0,NULL,0,'1398-10-25',NULL),(5386,'برنا','رشید',NULL,'1397-09-04',NULL,1,'9122219342',0,NULL,0,'1398-10-25',NULL),(5387,'مرسانا','حجازی',NULL,'1394-04-02',NULL,0,'9122606193',0,NULL,0,'1398-10-25',NULL),(5388,'ارشا','فروغی',NULL,'1396-10-19',NULL,1,'9123100264',0,NULL,0,'1398-10-25',NULL),(5389,'ترمه','مشایخ',NULL,'1395-06-28',NULL,0,'9123947931',0,NULL,0,'1398-10-25',NULL),(5390,'رادمهر','کهن ترابی',NULL,'1394-10-17',NULL,1,'9126605431',0,NULL,0,'1398-10-25',NULL),(5391,'نیکی','صنمی',NULL,'1392-04-08',NULL,0,'9124453802',0,NULL,0,'1398-10-25',NULL),(5392,'ارشیدا','مقدم',NULL,'1391-10-02',NULL,0,'9127379042',0,NULL,0,'1398-10-25',NULL),(5393,'دیبا','کهن ترابی',NULL,'1392-01-10',NULL,0,'9123370836',0,NULL,0,'1398-10-25',NULL),(5394,'درسا','وحدت پور',NULL,'1392-05-21',NULL,0,'9122304944',0,NULL,0,'1398-10-25',NULL),(5395,'رها','عنایتی',NULL,'1391-10-05',NULL,0,'9123897090',0,NULL,0,'1398-10-25',NULL),(5396,'پارمیس','صنایع پسند',NULL,'1392-06-01',NULL,0,'9124751301',0,NULL,0,'1398-10-25',NULL),(5397,'سپهر','صنایع پسند',NULL,'1394-02-16',NULL,1,'9124751301',0,NULL,0,'1398-10-25',NULL),(5398,'ترمه','میرحسینی',NULL,'1392-03-25',NULL,0,'9124610095',0,NULL,0,'1398-10-25',NULL),(5399,'محمدامین','صادقی',NULL,'1395-01-18',NULL,1,'9126351811',0,NULL,0,'1398-10-25',NULL),(5400,'ادرین','جهان ارا',NULL,'1395-04-14',NULL,1,'9122837253',0,NULL,0,'1398-10-25',NULL),(5401,'متین','شهریاری فر',NULL,'1395-01-19',NULL,1,'9123964780',0,NULL,0,'1398-10-25',NULL),(5402,'ایلیا','اخون نیا',NULL,'1395-01-02',NULL,1,'9122362438',0,NULL,0,'1398-10-25',NULL),(5403,'رسا','قهرمانی',NULL,'1397-04-11',NULL,1,'912879759',0,NULL,0,'1398-10-25',NULL),(5404,'اترینا','اثنی عشر',NULL,'1395-12-17',NULL,0,'9121270658',0,NULL,0,'1398-10-25',NULL),(5405,'بردیا','فرهادی',NULL,'0000-00-00',NULL,1,'9124887583',0,NULL,0,'1398-10-25',NULL),(5406,'محمدطاها','سیف الهی',NULL,'1394-04-01',NULL,1,'9012661283',0,NULL,0,'1398-10-25',NULL),(5407,'کیا','حقی',NULL,'1396-07-23',NULL,1,'9128936163',0,NULL,0,'1398-10-25',NULL),(5408,'پاشا','حقی',NULL,'1396-07-23',NULL,1,'9128936163',0,NULL,0,'1398-10-25',NULL),(5409,'صوفیا','صادقیان',NULL,'1391-09-01',NULL,0,'9123157402',0,NULL,0,'1398-10-25',NULL),(5410,'لیام','صادقی پور',NULL,'1398-02-15',NULL,1,'9121796008',0,NULL,0,'1398-10-25',NULL),(5411,'دایان','فردی پور',NULL,'1398-02-23',NULL,1,'9121796008',0,NULL,0,'1398-10-25',NULL),(5412,'رایکا','فرجی',NULL,'1391-10-08',NULL,0,'9123897090',0,NULL,0,'1398-10-25',NULL),(5413,'ارمان','رفیق',NULL,'0000-00-00',NULL,1,'',0,NULL,0,'1398-10-25',NULL),(5414,'اوا','توسلی',NULL,'0000-00-00',NULL,0,'',0,NULL,0,'1398-10-25',NULL),(5415,'امیرپاشا','حیدری نامی',NULL,'1394-06-16',NULL,1,'9123051163',0,NULL,0,'1398-10-25',NULL),(5416,'ایلیا','عبدی',NULL,'1394-02-02',NULL,1,'9122802274',0,NULL,0,'1398-10-25',NULL),(5417,'اوا','ذوالفقاری',NULL,'1397-04-02',NULL,0,'9126000921',0,NULL,0,'1398-10-25',NULL),(5418,'کیان','رستگار',NULL,'1398-07-13',NULL,1,'9124408754',0,NULL,0,'1398-10-25',NULL),(5419,'شانا','حجازی',NULL,'1395-01-14',NULL,0,'',0,NULL,0,'1398-10-25',NULL),(5420,'نلین','خموشیان',NULL,'1397-07-27',NULL,0,'9123579144',0,NULL,0,'1398-10-25',NULL),(5421,'گندم','پورسرپرست',NULL,'1397-04-26',NULL,0,'9127618353',0,NULL,0,'1398-10-25',NULL),(5422,'رزالین','پورمختار',NULL,'1397-04-27',NULL,0,'9128506980',0,NULL,0,'1398-10-25',NULL),(5423,'ویهان','نظری',NULL,'1396-10-25',NULL,1,'9122196841',0,NULL,0,'1398-10-25',NULL),(5424,'ویهان','نظری',NULL,'1396-10-25',NULL,1,'9122196841',0,NULL,0,'1398-10-25',NULL),(5425,'ترمه','دالایی',NULL,'1394-10-25',NULL,0,'9122570758',0,NULL,0,'1398-10-25',NULL),(5426,'رومینا','جعفری',NULL,'1392-01-01',NULL,0,'9121726650',0,NULL,0,'1398-10-25',NULL),(5427,'رکسانا','جعفری',NULL,'1394-02-16',NULL,0,'9121726650',0,NULL,0,'1398-10-25',NULL),(5428,'اران','رفیق',NULL,'1392-07-05',NULL,1,'9121024237',0,NULL,0,'1398-10-25',NULL),(5429,'هلیا','منزوی',NULL,'1397-09-29',NULL,0,'9125775769',0,NULL,0,'1398-10-25',NULL),(5430,'نفس','کوکبی',NULL,'1396-07-18',NULL,0,'9121776837',0,NULL,0,'1398-10-25',NULL),(5431,'دیانا','مصطفوی',NULL,'1393-04-03',NULL,0,'9126036951',0,NULL,0,'1398-10-25',NULL),(5432,'تیام','حقی تعالی',NULL,'1397-10-28',NULL,1,'9129155305',0,NULL,0,'1398-10-25',NULL),(5433,'کیانا','ابوالقاسمی',NULL,'1390-05-16',NULL,0,'9123448955',0,NULL,0,'1398-10-25',NULL),(5434,'رزانا','ابوالقاسی',NULL,'1395-11-30',NULL,0,'9123448955',0,NULL,0,'1398-10-25',NULL),(5435,'رادین','کاظمی',NULL,'1398-10-04',NULL,1,'9121993313',0,NULL,0,'1398-10-26',NULL),(5436,'رادین','رادین کاظمی',NULL,'0000-00-00',NULL,1,'',0,NULL,0,'1398-10-26',NULL),(5437,'الا','فاعض',NULL,'1398-10-18',NULL,0,'9120372656',0,NULL,0,'1398-10-26',NULL),(5438,'پارلی','گل عزیزی',NULL,'1398-10-05',NULL,0,'9194386507',0,NULL,0,'1398-10-26',NULL),(5439,'ادرین','شفیعی',NULL,'1395-04-06',NULL,1,'9121905744',0,NULL,0,'1398-10-26',NULL),(5440,'راستین','صنگوری',NULL,'1397-08-16',NULL,1,'9123204989',0,NULL,0,'1398-10-26',NULL),(5441,'اراد','مشهدی',NULL,'1392-03-06',NULL,1,'9124058795',0,NULL,0,'1398-10-26',NULL),(5442,'ادریان','جعفرزاده',NULL,'1398-10-06',NULL,1,'9122893568',0,NULL,0,'1398-10-26',NULL),(5443,'درین','زهره وند',NULL,'1398-10-07',NULL,0,'9124890422',0,NULL,0,'1398-10-26',NULL),(5444,'دلسا','سبک بار',NULL,'1398-10-03',NULL,0,'9127308660',0,NULL,0,'1398-10-26',NULL),(5445,'لیلین','بابایی',NULL,'1393-11-29',NULL,1,'9128282801',0,NULL,0,'1398-10-26',NULL),(5446,'کوشا','عابدینی',NULL,'1395-02-19',NULL,1,'9121938274',0,NULL,0,'1398-10-26',NULL),(5447,'نامی','کتی بائی',NULL,'1397-08-05',NULL,1,'9121938274',0,NULL,0,'1398-10-26',NULL),(5448,'ارشید','احمدی',NULL,'1394-10-20',NULL,1,'91250493210',0,NULL,0,'1398-10-26',NULL),(5449,'نلی یا','یاری',NULL,'0000-00-00',NULL,1,'91250493210',0,NULL,0,'1398-10-26',NULL),(5450,'پاشا','کاظمی',NULL,'1397-06-14',NULL,1,'9125488608',0,NULL,0,'1398-10-26',NULL),(5451,'نویان','رضائی',NULL,'1393-07-27',NULL,1,'9124271729',0,NULL,0,'1398-10-26',NULL),(5452,'نورا','رضائی',NULL,'1397-01-01',NULL,0,'9124271729',0,NULL,0,'1398-10-26',NULL),(5453,'محمدرضا','محمدپور',NULL,'1395-05-23',NULL,1,'9122102325',0,NULL,0,'1398-10-26',NULL),(5454,'جانان','فرهنگ',NULL,'1395-05-25',NULL,1,'9112121081',0,NULL,0,'1398-10-26',NULL),(5455,'اوا','رضائی',NULL,'1396-06-04',NULL,1,'9128187264',0,NULL,0,'1398-10-26',NULL),(5456,'چیستا','کبیری',NULL,'1396-09-24',NULL,0,'9126221961',0,NULL,0,'1398-10-26',NULL),(5457,'حسین','رحمانی',NULL,'1394-09-03',NULL,1,'9128115133',0,NULL,0,'1398-10-26',NULL),(5458,'ادلیا','میرزایوسف',NULL,'1397-05-13',NULL,0,'9127172457',0,NULL,0,'1398-10-26',NULL),(5459,'سلنا','یاسایی',NULL,'1394-05-20',NULL,0,'9123847736',0,NULL,0,'1398-10-26',NULL),(5460,'اریو','یاسایی',NULL,'0000-00-00',NULL,1,'9123847736',0,NULL,0,'1398-10-26',NULL),(5461,'سوفیا','مستجاب',NULL,'1397-01-04',NULL,0,'9392411192',0,NULL,0,'1398-10-26',NULL),(5462,'یگانه','بابلی',NULL,'1390-11-19',NULL,0,'9351228084',0,NULL,0,'1398-10-26',NULL),(5463,'لیلی','میلانی',NULL,'1393-06-04',NULL,0,'9123126045',0,NULL,0,'1398-10-26',NULL),(5464,'رز','عباس پور',NULL,'1395-12-22',NULL,0,'9353159093',0,NULL,0,'1398-10-26',NULL),(5465,'پناه','نوایی',NULL,'1397-03-12',NULL,0,'9378001815',0,NULL,0,'1398-10-26',NULL),(5466,'هانا','وهاپور',NULL,'1397-02-28',NULL,0,'9195503990',0,NULL,0,'1398-10-26',NULL),(5467,'علی سام','قویدل',NULL,'0000-00-00',NULL,1,'',0,NULL,0,'1398-10-26',NULL),(5468,'نگار','نبی',NULL,'1394-04-26',NULL,0,'9128253749',0,NULL,0,'1398-10-26',NULL),(5469,'حامی','میرپور',NULL,'1397-05-10',NULL,1,'9384047718',0,NULL,0,'1398-10-26',NULL),(5470,'مهربد','ثروتی',NULL,'1393-03-04',NULL,1,'9121138394',0,NULL,0,'1398-10-26',NULL),(5471,'ملورین','ثروتی',NULL,'1395-08-14',NULL,0,'9121138394',0,NULL,0,'1398-10-26',NULL),(5472,'سوفی','سالانه',NULL,'1397-09-02',NULL,0,'9123836316',0,NULL,0,'1398-10-26',NULL),(5473,'تارا','لاجوردی',NULL,'1394-01-28',NULL,0,'9361118232',0,NULL,0,'1398-10-26',NULL),(5474,'دنا','لاجوردی',NULL,'1398-08-17',NULL,0,'9361118232',0,NULL,0,'1398-10-26',NULL),(5475,'اوا','توکلی',NULL,'0000-00-00',NULL,0,'9121832758',0,NULL,0,'1398-10-26',NULL),(5476,'انیسا','اسدپور',NULL,'1399-02-11',NULL,0,'9124611993',0,NULL,0,'1398-10-26',NULL),(5477,'اوینا','اسدپور',NULL,'1397-04-05',NULL,0,'9124611993',0,NULL,0,'1398-10-26',NULL),(5478,'شایلی','لاله پرور',NULL,'1391-11-17',NULL,0,'9125110183',0,NULL,0,'1398-10-26',NULL),(5479,'کارن','نوری',NULL,'1396-04-25',NULL,1,'9124158052',0,NULL,0,'1398-10-26',NULL),(5480,'سامیار','جعفری پور',NULL,'1397-04-19',NULL,1,'9126591708',0,NULL,0,'1398-10-26',NULL),(5481,'رایان','تاجی پور',NULL,'1397-06-26',NULL,1,'9123162602',0,NULL,0,'1398-10-26',NULL),(5482,'ارتیمان','ایرجی زاده',NULL,'1397-01-01',NULL,1,'9122065173',0,NULL,0,'1398-10-26',NULL),(5483,'مونته','فرهادیان',NULL,'1393-12-22',NULL,1,'9123966561',0,NULL,0,'1398-10-26',NULL),(5484,'بانیا','کاکی',NULL,'1393-02-26',NULL,0,'9122265914',0,NULL,0,'1398-10-26',NULL),(5485,'رها','شفیعی',NULL,'1394-10-06',NULL,0,'9121507841',0,NULL,0,'1398-10-26',NULL),(5486,'ویانا','وثوقی',NULL,'1396-10-14',NULL,0,'9121430823',0,NULL,0,'1398-10-26',NULL),(5487,'نیل','حسین زاده',NULL,'1397-08-07',NULL,0,'9358549160',0,NULL,0,'1398-10-26',NULL),(5488,'لیلیان','کمالی',NULL,'1397-02-26',NULL,0,'9109559246',0,NULL,0,'1398-10-26',NULL),(5489,'دامون','پولادسنج',NULL,'1396-10-27',NULL,1,'9123873900',0,NULL,0,'1398-10-26',NULL),(5490,'نیوان','قیامتی',NULL,'1396-06-15',NULL,1,'9124097050',0,NULL,0,'1398-10-26',NULL),(5491,'نامدار','شریفی',NULL,'1396-06-23',NULL,1,'9121148939',0,NULL,0,'1398-10-26',NULL),(5492,'هیراد','فلاح',NULL,'1396-07-09',NULL,1,'9126158211',0,NULL,0,'1398-10-26',NULL),(5493,'ایتا','اکبرپور',NULL,'1396-06-19',NULL,0,'9122930573',0,NULL,0,'1398-10-26',NULL),(5494,'هانا','سرحدی',NULL,'1396-06-15',NULL,0,'9126056059',0,NULL,0,'1398-10-26',NULL),(5495,'پرنسا','ناصری',NULL,'1396-06-06',NULL,0,'9213509897',0,NULL,0,'1398-10-26',NULL),(5496,'پارمیدا','افشار',NULL,'1394-12-06',NULL,0,'9141156168',0,NULL,0,'1398-10-26',NULL),(5497,'فرنام ','فاطمی',NULL,'1394-12-12',NULL,1,'9122144346',0,NULL,0,'1398-10-26',NULL),(5498,'ادرین','ستارپور',NULL,'1396-05-25',NULL,1,'9398410407',0,NULL,0,'1398-10-26',NULL),(5499,'شانار','افشاری',NULL,'1396-06-10',NULL,0,'9122703470',0,NULL,0,'1398-10-26',NULL),(5500,'الای','جعفری نژاد',NULL,'1394-02-10',NULL,0,'9123897036',0,NULL,0,'1398-10-26',NULL),(5501,'نهال','البرزی',NULL,'1397-10-12',NULL,0,'9121535025',0,NULL,0,'1398-10-26',NULL),(5502,'رهام','البرزی',NULL,'1397-10-12',NULL,1,'9121535025',0,NULL,0,'1398-10-26',NULL),(5503,'سلینا','خلج',NULL,'1396-05-26',NULL,0,'9122588342',0,NULL,0,'1398-10-26',NULL),(5504,'شهراد','زارع',NULL,'1392-05-23',NULL,1,'9121167084',0,NULL,0,'1398-10-27',NULL),(5505,'بهشاد','زارع',NULL,'1397-04-12',NULL,1,'9121167084',0,NULL,0,'1398-10-27',NULL),(5506,'ایلما','فاخری',NULL,'1395-12-16',NULL,0,'9120277762',0,NULL,0,'1398-10-27',NULL),(5507,'رونیکا','فرهمندی',NULL,'1396-02-07',NULL,0,'9123455118',0,NULL,0,'1398-10-27',NULL),(5508,'ریتا','اذری',NULL,'1396-06-01',NULL,0,'9192160192',0,NULL,0,'1398-10-27',NULL),(5509,'حسنا','ضیا',NULL,'1393-12-27',NULL,0,'9125088308',0,NULL,0,'1398-10-27',NULL),(5510,'لیام','خادمی',NULL,'1397-08-27',NULL,1,'9127126044',0,NULL,0,'1398-10-27',NULL),(5511,'هانا','محمدی',NULL,'1396-10-28',NULL,0,'9124986249',0,NULL,0,'1398-10-27',NULL),(5512,'باراد','رستمی',NULL,'1397-06-18',NULL,1,'9124430726',0,NULL,0,'1398-10-27',NULL),(5513,'رونیکا','شمس',NULL,'1388-12-12',NULL,0,'9122269729',0,NULL,0,'1398-10-27',NULL),(5514,'هلما','وطنی',NULL,'1393-04-24',NULL,0,'9132292678',0,NULL,0,'1398-10-27',NULL),(5515,'ماهان','هاشمی',NULL,'1397-02-10',NULL,1,'9356506517',0,NULL,0,'1398-10-27',NULL),(5516,'ماهین','هاشمی',NULL,'1394-11-04',NULL,0,'9356506517',0,NULL,0,'1398-10-27',NULL),(5517,'لیا','جاوید',NULL,'1397-07-27',NULL,0,'9123495229',0,NULL,0,'1398-10-27',NULL),(5518,'ساشا','جاوید',NULL,'1397-07-27',NULL,1,'9123495229',0,NULL,0,'1398-10-27',NULL),(5519,'همتا','اسحاقیان',NULL,'1395-02-01',NULL,0,'9191761861',0,NULL,0,'1398-10-27',NULL),(5520,'میا','اگبه',NULL,'1394-07-11',NULL,0,'9199536341',0,NULL,0,'1398-10-27',NULL),(5521,'میزولا','اگبه',NULL,'1396-10-09',NULL,0,'9199536341',0,NULL,0,'1398-10-27',NULL),(5522,'بنیتا','محمدی',NULL,'1395-02-15',NULL,0,'9121713392',0,NULL,0,'1398-10-27',NULL),(5523,'ارزا','سیک',NULL,'1396-11-16',NULL,0,'9203213763',0,NULL,0,'1398-10-27',NULL),(5524,'ادرینا','امیرشاهی',NULL,'1397-06-10',NULL,0,'9125858062',0,NULL,0,'1398-10-27',NULL),(5525,'یاس','عمرانی',NULL,'1394-03-27',NULL,0,'9127223416',0,NULL,0,'1398-10-27',NULL),(5526,'جانا','صافی',NULL,'1392-09-18',NULL,0,'9121032986',0,NULL,0,'1398-10-27',NULL),(5527,'لیانا','شیشه بر',NULL,'1393-03-08',NULL,0,'9123161574',0,NULL,0,'1398-10-27',NULL),(5528,'ایلیا','پناهنده',NULL,'1397-06-27',NULL,1,'9125707246',0,NULL,0,'1398-10-27',NULL),(5529,'صبا','شرفیانی',NULL,'1394-05-10',NULL,0,'9126700670',0,NULL,0,'1398-10-27',NULL),(5530,'یگانه زهرا','اخباری',NULL,'1397-05-08',NULL,0,'9120239956',0,NULL,0,'1398-10-27',NULL),(5531,'ترمه','سراجی',NULL,'1396-01-29',NULL,0,'9122726189',0,NULL,0,'1398-10-27',NULL),(5532,'مهرسا','کریم ابادی',NULL,'1395-01-05',NULL,0,'9123953712',0,NULL,0,'1398-10-27',NULL),(5533,'لیام','فراهانی',NULL,'1397-11-17',NULL,1,'9122334958',0,NULL,0,'1398-10-27',NULL),(5534,'حوریه سادات','طباطبایی',NULL,'1394-02-26',NULL,0,'9122000064',0,NULL,0,'1398-10-27',NULL),(5535,'مهدیه سادات','طباطبایی',NULL,'1389-05-16',NULL,0,'9122000064',0,NULL,0,'1398-10-27',NULL),(5536,'سپهر','مختاری',NULL,'0000-00-00',NULL,1,'9122196337',0,NULL,0,'1398-10-27',NULL),(5537,'السا','جاهد',NULL,'1394-01-24',NULL,0,'9120141550',0,NULL,0,'1398-10-27',NULL),(5538,'باربد','موحد',NULL,'1394-05-18',NULL,1,'9122098218',0,NULL,0,'1398-10-27',NULL),(5539,'اوینا','زواروق',NULL,'1397-03-10',NULL,0,'9127752300',0,NULL,0,'1398-10-27',NULL),(5540,'ارشا','گلشن',NULL,'1397-03-07',NULL,1,'9123060927',0,NULL,0,'1398-10-27',NULL),(5541,'هانا','قیافی',NULL,'1391-02-15',NULL,0,'9121457208',0,NULL,0,'1398-10-27',NULL),(5542,'رها','حاجیان',NULL,'1391-06-21',NULL,0,'9123454953',0,NULL,0,'1398-10-27',NULL),(5543,'الیا','صفری',NULL,'1390-11-27',NULL,0,'',0,NULL,0,'1398-10-27',NULL),(5544,'رهام','رحیمی',NULL,'1396-09-21',NULL,1,'9123832127',0,NULL,0,'1398-10-27',NULL),(5545,'نفس','حاتمی',NULL,'1397-12-19',NULL,0,'9122150848',0,NULL,0,'1398-10-27',NULL),(5546,'رزا','هژبری',NULL,'1396-02-18',NULL,0,'9355354191',0,NULL,0,'1398-10-27',NULL),(5547,'رز','مجیدی',NULL,'1392-07-06',NULL,0,'9122346790',0,NULL,0,'1398-10-27',NULL),(5548,'دلوین','قاسمی',NULL,'1396-02-15',NULL,0,'9123304799',0,NULL,0,'1398-10-27',NULL),(5549,'شارلین','جابرانصاری',NULL,'1395-01-18',NULL,0,'9125937381',0,NULL,0,'1398-10-27',NULL),(5550,'هانا','طاهری',NULL,'1395-07-02',NULL,0,'9023107211',0,NULL,0,'1398-10-27',NULL),(5551,'والا','امیرنژاد',NULL,'1397-07-27',NULL,1,'9123058195',0,NULL,0,'1398-10-27',NULL),(5552,'ارشا','اربابی',NULL,'1397-04-16',NULL,1,'9123863757',0,NULL,0,'1398-10-27',NULL),(5553,'نیلوفر','پارسا',NULL,'1396-11-09',NULL,0,'9124041618',0,NULL,0,'1398-10-27',NULL),(5554,'السا','عطاریان',NULL,'1396-02-05',NULL,0,'9128463246',0,NULL,0,'1398-10-27',NULL),(5555,'ریحانه','مولایی',NULL,'1396-09-17',NULL,0,'9122785049',0,NULL,0,'1398-10-27',NULL),(5556,'الینا','سبطی',NULL,'1397-07-07',NULL,0,'9123252499',0,NULL,0,'1398-10-28',NULL),(5557,'ارین','علوی',NULL,'1397-05-16',NULL,1,'9131057787',0,NULL,0,'1398-10-28',NULL),(5558,'بنیامین',' محمودی',NULL,'1397-07-27',NULL,1,'9121234141',0,NULL,0,'1398-10-28',NULL),(5559,'ادلیا','رضوی',NULL,'1396-06-28',NULL,0,'9121360052',0,NULL,0,'1398-10-28',NULL),(5560,'احسان','محمودی',NULL,'1398-09-11',NULL,1,'9121234141',0,NULL,0,'1398-10-28',NULL),(5561,'بشرا','خوش باطن',NULL,'1395-10-08',NULL,0,'9121864743',0,NULL,0,'1398-10-28',NULL),(5562,'اراد','نبی زاده',NULL,'1395-04-24',NULL,1,'9122002293',0,NULL,0,'1398-10-28',NULL),(5563,'الا','حمیدی',NULL,'1396-10-03',NULL,0,'9126194520',0,NULL,0,'1398-10-28',NULL),(5564,'هیراد','ثابتی',NULL,'1397-02-05',NULL,1,'9120377153',0,NULL,0,'1398-10-28',NULL),(5565,'اسماسادات','طباطبایی',NULL,'1396-04-15',NULL,0,'9123726317',0,NULL,0,'1398-10-28',NULL),(5566,'یسنا','نقیان',NULL,'1395-01-23',NULL,0,'9123309318',0,NULL,0,'1398-10-28',NULL),(5567,'نورا','عهدنو',NULL,'1396-09-03',NULL,0,'9143106150',0,NULL,0,'1398-10-28',NULL),(5568,'پندار','سعادت',NULL,'1396-09-21',NULL,1,'9124273908',0,NULL,0,'1398-10-28',NULL),(5569,'ارسام','نوری',NULL,'1390-10-28',NULL,1,'9126458667',0,NULL,0,'1398-10-28',NULL),(5570,'اویسا','نوری',NULL,'1395-04-24',NULL,0,'9126458667',0,NULL,0,'1398-10-28',NULL),(5571,'الین','شاهپوریان',NULL,'1396-09-17',NULL,0,'9351121232',0,NULL,0,'1398-10-28',NULL),(5572,'سام','فتوت',NULL,'1397-12-11',NULL,1,'9120506010',0,NULL,0,'1398-10-29',NULL);
/*!40000 ALTER TABLE `person` ENABLE KEYS */;
UNLOCK TABLES;

--
-- Table structure for table `person_meta`
--

DROP TABLE IF EXISTS `person_meta`;
/*!40101 SET @saved_cs_client     = @@character_set_client */;
/*!40101 SET character_set_client = utf8 */;
CREATE TABLE `person_meta` (
  `pm_id` int(11) NOT NULL AUTO_INCREMENT,
  `p_id` int(11) NOT NULL,
  `pm_meta` varchar(255) NOT NULL,
  `pm_value` text NOT NULL,
  PRIMARY KEY (`pm_id`)
) ENGINE=MyISAM AUTO_INCREMENT=538 DEFAULT CHARSET=utf8;
/*!40101 SET character_set_client = @saved_cs_client */;

--
-- Dumping data for table `person_meta`
--

LOCK TABLES `person_meta` WRITE;
/*!40000 ALTER TABLE `person_meta` DISABLE KEYS */;
/*!40000 ALTER TABLE `person_meta` ENABLE KEYS */;
UNLOCK TABLES;

--
-- Table structure for table `product`
--

DROP TABLE IF EXISTS `product`;
/*!40101 SET @saved_cs_client     = @@character_set_client */;
/*!40101 SET character_set_client = utf8 */;
CREATE TABLE `product` (
  `pr_id` int(11) NOT NULL AUTO_INCREMENT COMMENT 'کد ردیف',
  `pr_name` varchar(20) NOT NULL COMMENT 'نام کالا',
  `pr_stock` int(11) NOT NULL COMMENT 'موجودی',
  `pr_buy` int(11) NOT NULL COMMENT 'قیمت خرید',
  `pr_sale` int(11) NOT NULL COMMENT 'قیمت فروش',
  PRIMARY KEY (`pr_id`)
) ENGINE=InnoDB AUTO_INCREMENT=110 DEFAULT CHARSET=utf8;
/*!40101 SET character_set_client = @saved_cs_client */;

--
-- Dumping data for table `product`
--

LOCK TABLES `product` WRITE;
/*!40000 ALTER TABLE `product` DISABLE KEYS */;
INSERT INTO `product` (`pr_id`, `pr_name`, `pr_stock`, `pr_buy`, `pr_sale`) VALUES (50,'جوراب زنانه',5,2500,10000),(51,'جوراب 1-3 سال',7,3000,5000),(52,'جوراب 4-6سال',6,5000,7000),(53,'لگو duplo',97,25000,35000),(54,'لگوjuniors',96,25000,35000),(55,'لگوknights',46,25000,35000),(56,'لگو friends cup cake',98,25000,35000),(57,'لگو polybag friends',100,25000,35000),(58,'لگوninjago',47,25000,35000),(59,'لگو city stationery',99,13000,30000),(97,'عکس 13×18',9998,25000,25000),(98,'عکس16×21',10000,35000,35000);
/*!40000 ALTER TABLE `product` ENABLE KEYS */;
UNLOCK TABLES;

--
-- Table structure for table `setting`
--

DROP TABLE IF EXISTS `setting`;
/*!40101 SET @saved_cs_client     = @@character_set_client */;
/*!40101 SET character_set_client = utf8 */;
CREATE TABLE `setting` (
  `ID` int(11) NOT NULL AUTO_INCREMENT,
  `a_id` int(11) NOT NULL DEFAULT '0',
  `meta_key` varchar(20) NOT NULL,
  `meta_value` text NOT NULL,
  PRIMARY KEY (`ID`)
) ENGINE=InnoDB AUTO_INCREMENT=153 DEFAULT CHARSET=utf8;
/*!40101 SET character_set_client = @saved_cs_client */;

--
-- Dumping data for table `setting`
--

LOCK TABLES `setting` WRITE;
/*!40000 ALTER TABLE `setting` DISABLE KEYS */;
INSERT INTO `setting` (`ID`, `a_id`, `meta_key`, `meta_value`) VALUES (9,1,'opt_name','بالونیا PLAYHOUSE'),(10,1,'opt_hour1','8000'),(11,1,'opt_hour2','8000'),(12,1,'save_opt',''),(13,1,'opt_home',''),(14,1,'sms_user','mahdavi1456'),(15,1,'sms_pass','m54692764o'),(16,1,'sms_line','+985000125475'),(25,14,'opt_name','بالونیا PLAYHOUSE'),(26,14,'opt_home',''),(27,14,'opt_hour1','4000'),(28,14,'opt_hour2','4000'),(29,14,'sms_user','mahdavi1456'),(30,14,'sms_pass','m54692764o'),(31,14,'sms_line','+985000125475'),(32,14,'save_opt',''),(33,23,'opt_name','بالونیا PLAYHOUSE'),(34,23,'opt_home',''),(35,23,'opt_hour1','5000'),(36,23,'opt_hour2','3000'),(37,23,'sms_user','mahdavi1456'),(38,23,'sms_pass','m54692764o'),(39,23,'sms_line','+985000125475'),(40,23,'save_opt',''),(41,1,'happy_text','فرشته کوچولو\r\nروز به دنیا اومدن تو برای همه ما عزیزه، امروز روز تولد توست، یک ساعت بازی در بالونیا مهمان ما باش'),(42,25,'opt_name','بالونیا PLAYHOUSE'),(43,25,'opt_home',''),(44,25,'sms_user','mahdavi1456'),(45,25,'sms_pass','m54692764o'),(46,25,'sms_line','+985000125475'),(47,25,'happy_text','فرشته کوچولو\r\nروز به دنیا اومدن تو برای همه ما عزیزه، امروز روز تولد توست، یک ساعت بازی در بالونیا مهمان ما باش'),(48,25,'opt_hour1','5000'),(49,25,'opt_hour2','5000'),(50,25,'save_opt',''),(51,21,'opt_name','بالونیا PLAYHOUSE'),(52,21,'opt_home',''),(53,21,'sms_user','mahdavi1456'),(54,21,'sms_pass','m54692764o'),(55,21,'sms_line','+985000125475'),(56,21,'happy_text','فرشته کوچولو\r\nروز به دنیا اومدن تو برای همه ما عزیزه، امروز روز تولد توست، یک ساعت بازی در بالونیا مهمان ما باش'),(57,21,'opt_hour1','75000'),(58,21,'opt_hour2','60000'),(59,21,'save_opt',''),(60,22,'opt_name','بالونیا PLAYHOUSE'),(61,22,'opt_home',''),(62,22,'sms_user','mahdavi1456'),(63,22,'sms_pass','m54692764o'),(64,22,'sms_line','+985000125475'),(65,22,'happy_text','فرشته کوچولو\r\nروز به دنیا اومدن تو برای همه ما عزیزه، امروز روز تولد توست، یک ساعت بازی در بالونیا مهمان ما باش'),(66,22,'opt_hour1',''),(67,22,'opt_hour2',''),(68,22,'save_opt',''),(69,29,'opt_name','بالونیا PLAYHOUSE'),(70,29,'opt_home',''),(71,29,'sms_user','mahdavi1456'),(72,29,'sms_pass','m54692764o'),(73,29,'sms_line','+985000125475'),(74,29,'happy_text','فرشته کوچولو\r\nروز به دنیا اومدن تو برای همه ما عزیزه، امروز روز تولد توست، یک ساعت بازی در بالونیا مهمان ما باش'),(75,29,'opt_hour1','10000'),(76,29,'opt_hour2','10000'),(77,29,'save_opt',''),(78,33,'opt_name','بالونیا PLAYHOUSE'),(79,33,'opt_home',''),(80,33,'sms_user','mahdavi1456'),(81,33,'sms_pass','m54692764o'),(82,33,'sms_line','+985000125475'),(83,33,'happy_text','فرشته کوچولو\r\nروز به دنیا اومدن تو برای همه ما عزیزه، امروز روز تولد توست، یک ساعت بازی در بالونیا مهمان ما باش'),(84,33,'opt_hour1','8000'),(85,33,'opt_hour2','8000'),(86,33,'save_opt',''),(87,1,'free_time','15'),(88,1,'price_1_to_15','60000'),(89,1,'price_15_to_30','60000'),(90,1,'price_30_to_45','60000'),(91,1,'price_45_to_60','60000'),(92,1,'price_up_60','75000'),(93,29,'free_time','15'),(94,29,'price_1_to_15','2500'),(95,29,'price_15_to_30','5000'),(96,29,'price_30_to_45','7500'),(97,29,'price_45_to_60','10000'),(98,29,'price_up_60','75000'),(99,25,'free_time','15'),(100,25,'price_1_to_15','1200'),(101,25,'price_15_to_30','1100'),(102,25,'price_30_to_45','1000'),(103,25,'price_45_to_60','900'),(104,25,'price_up_60','75000'),(105,29,'part_calc','0'),(106,1,'part_calc','1'),(107,22,'free_time','15'),(108,22,'part_calc','1'),(109,22,'price_1_to_15','60000'),(110,22,'price_15_to_30','60000'),(111,22,'price_30_to_45','60000'),(112,22,'price_45_to_60','60000'),(113,22,'price_up_60','75000'),(114,1,'login_price','0'),(115,1,'login_deadline','70'),(116,1,'baloon_round','1'),(117,22,'login_price','0'),(118,22,'login_deadline','70'),(119,22,'baloon_round','1'),(120,29,'login_price','0'),(121,29,'login_deadline','70'),(122,29,'baloon_round','0'),(123,22,'ppp','30'),(124,22,'price_vip','50000'),(125,15,'opt_name','بالونیا PLAYHOUSE'),(126,15,'opt_home',''),(127,15,'ppp','30'),(128,15,'sms_user','mahdavi1456'),(129,15,'sms_pass','m54692764o'),(130,15,'sms_line','+985000125475'),(131,15,'happy_text','فرشته کوچولو\r\nروز به دنیا اومدن تو برای همه ما عزیزه، امروز روز تولد توست، یک ساعت بازی در بالونیا مهمان ما باش'),(132,15,'free_time','15'),(133,15,'login_price','0'),(134,15,'login_deadline','70'),(135,15,'part_calc','1'),(136,15,'price_up_60','75000'),(137,15,'price_vip','50000'),(138,15,'baloon_round','0'),(139,15,'save_opt',''),(140,1,'ppp','30'),(141,1,'price_vip','50000'),(142,29,'ppp','30'),(143,29,'price_vip','50000'),(144,1,'opt_address','الهیه، مریم شرقی، پلاک 67'),(145,1,'opt_sign','ممنون از اینکه به مجموعه ما سر زدید...'),(146,22,'opt_address','الهیه، مریم شرقی، پلاک 67'),(147,22,'opt_sign','ممنون از اینکه به مجموعه ما سر زدید...'),(148,0,'price_down_60',''),(149,0,'price_down_vip',''),(150,0,'round_type','baloon'),(151,0,'vip_price_down_60',''),(152,0,'vip_price_up_60','50000');
/*!40000 ALTER TABLE `setting` ENABLE KEYS */;
UNLOCK TABLES;

--
-- Table structure for table `sms_log`
--

DROP TABLE IF EXISTS `sms_log`;
/*!40101 SET @saved_cs_client     = @@character_set_client */;
/*!40101 SET character_set_client = utf8 */;
CREATE TABLE `sms_log` (
  `sl_id` int(11) NOT NULL AUTO_INCREMENT,
  `sl_type` varchar(25) CHARACTER SET utf8 NOT NULL,
  `sl_user` int(11) NOT NULL,
  `sl_date` varchar(16) CHARACTER SET utf8 NOT NULL,
  `sl_line` varchar(17) CHARACTER SET utf8 NOT NULL,
  `sl_bulk` int(15) NOT NULL,
  `sl_rcpts` text CHARACTER SET utf8 NOT NULL,
  `sl_text` longtext CHARACTER SET utf8 NOT NULL,
  PRIMARY KEY (`sl_id`)
) ENGINE=MyISAM AUTO_INCREMENT=28 DEFAULT CHARSET=latin1;
/*!40101 SET character_set_client = @saved_cs_client */;

--
-- Dumping data for table `sms_log`
--

LOCK TABLES `sms_log` WRITE;
/*!40000 ALTER TABLE `sms_log` DISABLE KEYS */;
INSERT INTO `sms_log` (`sl_id`, `sl_type`, `sl_user`, `sl_date`, `sl_line`, `sl_bulk`, `sl_rcpts`, `sl_text`) VALUES (1,'',1,'1398/05/25 18:41','+985000189',57719409,'09138630341,09132920597,09031829869,09130412398,09366035719,09037484216,09916938690,09027859655,09134420390,09136548449,09029240611,09223926348,09399729474,09139911377,09212091810,09223095078,09217511947,09192373942,09134934053,09360351587','سلام. به بردلند خوش اومدین.\r\nامیدوارم روز خوبی رو کنار هم داشته باشیم.'),(9,'',21,'1398/06/26 21:54','+985000125475',60874043,'09138630341','تست'),(10,'',21,'1398/06/28 15:48','+985000125475',61024127,'09138630341,09132920597,09031829869,09130412398,09366035719,09037484216,09916938690,09027859655,09134420390,09136548449,09029240611,09223926348,09399729474,09139911377,09212091810,09223095078,09217511947,09192373942,09134934053,09360351587,09356484418,09139912946,09136231715,09363023678,09136515321,09366033559,09134409544,09135987579,09306225100,09369794121,09213153495,09229965169,09390936514,09024020077,09217807342,09302153914,09139916022,09137147643,09132917621,09133911811,09215513781,09335288161,09379535822,09053069119,09131965602,09352234008,09210357994,09135318594,09391915137,09134433696,09136522118,09128979793,09227325654,09909658736,09131401840,09364120809,09215067019,09309074539,09134931643,09396094776,09137206029,09215977145,09137746498,09393413010,09913658236,09133911360,09139912440,09392921206,09028746688,09132903058,09140991060,09135826080,09215979693,09352237057,09131915549,09140613326,09215973480,09215952339,09384330781,09391923885,09130646098,09217516300,09303911600,09136234541,09033193446,09391911993,09100680902,09381914212,09140149824,09393730098,09217527974,09138549962,09223572130,09103388990,09130429874,09223401452,09135395212,09139939559,09120049063,09120685135,09131917646,09381536188,09205430117,09216776025,09135993200,09904395300,09393384633,09124183632,09133939518,09017028450,09138472779,09215437364,09308823502,09214801148,09369563835,09139933576,09354468484,09309421768','سلام.\r\nفردا ایونت \"اسم و فامیل بازی\"\r\nثبت نام از طریق اینستاگرام بردلند'),(11,'',39,'1398/07/21 18:43','+985000125475',62979742,'09138630341','تست'),(12,'',39,'1398/08/08 19:25','+985000125475',64320340,'09138630341','تست'),(13,'',39,'1398/08/09 08:38','+985000125475',64342858,'09138630341','تست'),(14,'',29,'1398/08/11 13:37','+985000125475',64505904,'09122753213','سلام '),(15,'',29,'1398/08/16 17:22','+985000125475',64970717,'09121332628','سامیار عزیزم\r\nفرشته كوچولو\r\nروز به دنيا اومدن تو براي همه ما عزیزه،\r\nبه مناسبت تولدت، امروز در خانه بازی بالونیا مهمان ما هستی.\r\nمنتظرت هستیم'),(16,'',5,'1398/10/19 01:59','+985000125475',71103053,'09138630341','س'),(17,'birthday',1,'1398/10/21 23:44','+985000125475',71341584,'9139938322','نازنین رجبی عزیز \r\nنوگول باغ زندگی \r\nتولدت مبارک\r\nگراتک'),(18,'bulk',1,'1398/10/21 23:46','+985000125475',71341660,'09138630341','a'),(19,'birthday',22,'1398/10/28 13:03','+985000125475',72185124,'9124986249','<p>هانا محمدی عزیز نوگول باغ زندگی تولدت مبارک گراتک</p>'),(20,'birthday',22,'1398/10/28 14:09','+985000125475',72202326,'9124986249','هانا محمدی عزیز \r\nفرشته کوچولو\r\nروز به دنیا اومدن تو برای همه ما عزیزه، امروز روز تولد توست، یک ساعت بازی در بالونیا مهمان ما باش'),(21,'birthday',22,'1398/10/28 14:09','+985000125475',72202335,'9129155305','تیام حقی تعالی عزیز \r\nفرشته کوچولو\r\nروز به دنیا اومدن تو برای همه ما عزیزه، امروز روز تولد توست، یک ساعت بازی در بالونیا مهمان ما باش'),(22,'birthday',22,'1398/10/28 14:09','+985000125475',72202350,'09123074719','باراد بورنوش عزیز \r\nفرشته کوچولو\r\nروز به دنیا اومدن تو برای همه ما عزیزه، امروز روز تولد توست، یک ساعت بازی در بالونیا مهمان ما باش'),(23,'birthday',22,'1398/10/28 14:09','+985000125475',72202364,'09123012814','الوند امیدشفیعی عزیز \r\nفرشته کوچولو\r\nروز به دنیا اومدن تو برای همه ما عزیزه، امروز روز تولد توست، یک ساعت بازی در بالونیا مهمان ما باش'),(24,'birthday',22,'1398/10/28 14:09','+985000125475',72202376,'09141062165','ملیسا عظیمی عزیز \r\nفرشته کوچولو\r\nروز به دنیا اومدن تو برای همه ما عزیزه، امروز روز تولد توست، یک ساعت بازی در بالونیا مهمان ما باش'),(25,'birthday',22,'1398/10/28 14:09','+985000125475',72202382,'09121942218','شایلی کمایی عزیز \r\nفرشته کوچولو\r\nروز به دنیا اومدن تو برای همه ما عزیزه، امروز روز تولد توست، یک ساعت بازی در بالونیا مهمان ما باش'),(26,'birthday',22,'1398/10/28 14:09','+985000125475',72202390,'09126086541','پارسا کریمی عزیز \r\nفرشته کوچولو\r\nروز به دنیا اومدن تو برای همه ما عزیزه، امروز روز تولد توست، یک ساعت بازی در بالونیا مهمان ما باش'),(27,'birthday',22,'1398/10/28 14:09','+985000125475',72202403,'09123500884','هانا پیشور عزیز \r\nفرشته کوچولو\r\nروز به دنیا اومدن تو برای همه ما عزیزه، امروز روز تولد توست، یک ساعت بازی در بالونیا مهمان ما باش');
/*!40000 ALTER TABLE `sms_log` ENABLE KEYS */;
UNLOCK TABLES;

--
-- Table structure for table `user`
--

DROP TABLE IF EXISTS `user`;
/*!40101 SET @saved_cs_client     = @@character_set_client */;
/*!40101 SET character_set_client = utf8 */;
CREATE TABLE `user` (
  `u_id` int(11) NOT NULL AUTO_INCREMENT COMMENT 'کد',
  `u_name` varchar(255) CHARACTER SET utf8 DEFAULT NULL COMMENT 'نام',
  `u_family` varchar(255) CHARACTER SET utf8 DEFAULT NULL COMMENT 'نام خانوادگی',
  `u_username` varchar(255) CHARACTER SET utf8 DEFAULT NULL COMMENT 'نام کاربری',
  `u_password` varchar(255) CHARACTER SET utf8 DEFAULT NULL COMMENT 'رمز',
  `u_level` varchar(255) CHARACTER SET utf8 DEFAULT NULL COMMENT 'سطح دسترسی',
  `u_mobile` varchar(255) CHARACTER SET utf8 DEFAULT NULL COMMENT 'موبایل',
  `u_code` varchar(50) DEFAULT NULL,
  PRIMARY KEY (`u_id`)
) ENGINE=InnoDB AUTO_INCREMENT=62 DEFAULT CHARSET=latin1;
/*!40101 SET character_set_client = @saved_cs_client */;

--
-- Dumping data for table `user`
--

LOCK TABLES `user` WRITE;
/*!40000 ALTER TABLE `user` DISABLE KEYS */;
INSERT INTO `user` (`u_id`, `u_name`, `u_family`, `u_username`, `u_password`, `u_level`, `u_mobile`, `u_code`) VALUES (5,'سید مرتضی','مهدوی','admin','admin','مدیر','9138630341','123456'),(24,'شهین','زینلی','09132912744','7488','مدیر','09132912744',NULL),(26,'ابراهیم','عبدالهی','09137655576','5111','مدیر','09137655576',NULL),(29,'صادق','مرادی','09122753213','30030','مدیر','09122753213',NULL),(30,'mahdiye','mohammadi','09133906828','7859','مدیر','09133906828',NULL),(34,'فاطمه','کرمی','09387617265','4778','مدیر','09387617265',NULL),(35,'صادق','مرادی','9122753213','30030','مدیر','',NULL),(37,'S','','','4574','مدیر','',NULL),(38,'ایمانه','فقیهی کاشعنق','','9376','مدیر','',NULL),(39,'حمیده','سلطانی','09133933505','3647','مدیر','09133933505',NULL),(40,'خانم','سمیرانی','09127900806','6164','مدیر','09127900806',NULL),(41,'خانم','سمیرانی','09127900806','3410','مدیر','09127900806',NULL),(43,'خانم','دهش','09362977211','1482','مدیر','09362977211',NULL),(44,'اقای','سرابی','09128180208','8142','مدیر','09128180208',NULL),(45,'علی','مهدوی','09131914962','9915','مدیر','09131914962',NULL),(46,'خانم','قربانعلی زاده','09114534843','1096','مدیر','09114534843',NULL),(47,'خانم','عزیزی','09137282126','5973','مدیر','09137282126',NULL),(48,'آقای','هوشیار','09384898552','6488','مدیر','09384898552',NULL),(49,'فرهاد','میرزایی','09191801600','4504','مدیر','09191801600',NULL),(50,'اقای','یوسفی','09199680250','7278','مدیر','09199680250',NULL),(51,'خانم','کریمی','09125069959','9546','مدیر','09125069959',NULL),(52,'خانم','کریمی','09163094171','1959','مدیر','09163094171',NULL),(53,'خانم','حیدری','09123977295','3044','مدیر','09123977295',NULL),(54,'اقای','زمانی','9123762801','7229','مدیر','9123762801',NULL),(56,'خانم','رحیمی','09338329706','9902','مدیر','09338329706',NULL),(61,'کاظم','صانعی','kazem','123456','مدیر','','263756');
/*!40000 ALTER TABLE `user` ENABLE KEYS */;
UNLOCK TABLES;

--
-- Table structure for table `user_activity`
--

DROP TABLE IF EXISTS `user_activity`;
/*!40101 SET @saved_cs_client     = @@character_set_client */;
/*!40101 SET character_set_client = utf8 */;
CREATE TABLE `user_activity` (
  `ua_id` int(11) NOT NULL AUTO_INCREMENT,
  `u_id` int(11) NOT NULL,
  `ua_date` date NOT NULL,
  `ua_in_time` time NOT NULL,
  `ua_out_time` time NOT NULL,
  PRIMARY KEY (`ua_id`)
) ENGINE=InnoDB AUTO_INCREMENT=23 DEFAULT CHARSET=latin1;
/*!40101 SET character_set_client = @saved_cs_client */;

--
-- Dumping data for table `user_activity`
--

LOCK TABLES `user_activity` WRITE;
/*!40000 ALTER TABLE `user_activity` DISABLE KEYS */;
INSERT INTO `user_activity` (`ua_id`, `u_id`, `ua_date`, `ua_in_time`, `ua_out_time`) VALUES (21,5,'1398-10-20','15:15:12','15:18:10'),(22,5,'1398-10-20','15:23:22','15:26:21');
/*!40000 ALTER TABLE `user_activity` ENABLE KEYS */;
UNLOCK TABLES;

--
-- Dumping events for database 'helisoft_balloniadb'
--

--
-- Dumping routines for database 'helisoft_balloniadb'
--
/*!40103 SET TIME_ZONE=@OLD_TIME_ZONE */;

/*!40101 SET SQL_MODE=@OLD_SQL_MODE */;
/*!40014 SET FOREIGN_KEY_CHECKS=@OLD_FOREIGN_KEY_CHECKS */;
/*!40014 SET UNIQUE_CHECKS=@OLD_UNIQUE_CHECKS */;
/*!40101 SET CHARACTER_SET_CLIENT=@OLD_CHARACTER_SET_CLIENT */;
/*!40101 SET CHARACTER_SET_RESULTS=@OLD_CHARACTER_SET_RESULTS */;
/*!40101 SET COLLATION_CONNECTION=@OLD_COLLATION_CONNECTION */;
/*!40111 SET SQL_NOTES=@OLD_SQL_NOTES */;

-- Dump completed on 2020-01-19 11:56:09
