-- MySQL dump 10.15  Distrib 10.0.38-MariaDB, for Linux (x86_64)
--
-- Host: localhost    Database: helisoft_app
-- ------------------------------------------------------
-- Server version	10.0.38-MariaDB

/*!40101 SET @OLD_CHARACTER_SET_CLIENT=@@CHARACTER_SET_CLIENT */;
/*!40101 SET @OLD_CHARACTER_SET_RESULTS=@@CHARACTER_SET_RESULTS */;
/*!40101 SET @OLD_COLLATION_CONNECTION=@@COLLATION_CONNECTION */;
/*!40101 SET NAMES utf8mb4 */;
/*!40103 SET @OLD_TIME_ZONE=@@TIME_ZONE */;
/*!40103 SET TIME_ZONE='+00:00' */;
/*!40014 SET @OLD_UNIQUE_CHECKS=@@UNIQUE_CHECKS, UNIQUE_CHECKS=0 */;
/*!40014 SET @OLD_FOREIGN_KEY_CHECKS=@@FOREIGN_KEY_CHECKS, FOREIGN_KEY_CHECKS=0 */;
/*!40101 SET @OLD_SQL_MODE=@@SQL_MODE, SQL_MODE='NO_AUTO_VALUE_ON_ZERO' */;
/*!40111 SET @OLD_SQL_NOTES=@@SQL_NOTES, SQL_NOTES=0 */;

--
-- Current Database: `helisoft_app`
--


--
-- Table structure for table `account`
--

DROP TABLE IF EXISTS `account`;
/*!40101 SET @saved_cs_client     = @@character_set_client */;
/*!40101 SET character_set_client = utf8 */;
CREATE TABLE `account` (
  `a_id` int(11) NOT NULL AUTO_INCREMENT,
  `a_name` varchar(50) NOT NULL,
  `a_family` varchar(50) NOT NULL,
  `a_username` varchar(50) NOT NULL,
  `a_password` text NOT NULL,
  `a_phone` varchar(11) NOT NULL,
  `a_mobile` varchar(11) NOT NULL,
  `a_address` text NOT NULL,
  PRIMARY KEY (`a_id`)
) ENGINE=MyISAM DEFAULT CHARSET=utf8;
/*!40101 SET character_set_client = @saved_cs_client */;

--
-- Dumping data for table `account`
--

LOCK TABLES `account` WRITE;
/*!40000 ALTER TABLE `account` DISABLE KEYS */;
/*!40000 ALTER TABLE `account` ENABLE KEYS */;
UNLOCK TABLES;

--
-- Table structure for table `buy_package`
--

DROP TABLE IF EXISTS `buy_package`;
/*!40101 SET @saved_cs_client     = @@character_set_client */;
/*!40101 SET character_set_client = utf8 */;
CREATE TABLE `buy_package` (
  `bp_id` int(11) NOT NULL AUTO_INCREMENT COMMENT 'کد ردیف',
  `p_id` int(11) NOT NULL COMMENT 'کد شخص',
  `pk_id` int(11) NOT NULL COMMENT 'کد بسته',
  `bp_time` float NOT NULL COMMENT 'مدت زمان',
  `bp_expire` varchar(15) NOT NULL COMMENT 'تاریخ انقضا',
  `bp_type` varchar(15) NOT NULL,
  PRIMARY KEY (`bp_id`)
) ENGINE=InnoDB AUTO_INCREMENT=93 DEFAULT CHARSET=utf8;
/*!40101 SET character_set_client = @saved_cs_client */;

--
-- Dumping data for table `buy_package`
--

LOCK TABLES `buy_package` WRITE;
/*!40000 ALTER TABLE `buy_package` DISABLE KEYS */;
INSERT INTO `buy_package` (`bp_id`, `p_id`, `pk_id`, `bp_time`, `bp_expire`, `bp_type`) VALUES (17,45,4,0,'1397/11/30','پرداخت شده'),(18,47,5,0,'1397/11/11','پرداخت شده'),(19,49,5,0,'1397/11/13','پرداخت شده'),(20,51,5,0,'1397/11/17','پرداخت شده'),(21,52,5,0,'1397/11/18','پرداخت شده'),(22,53,5,0,'1397/11/30','پرداخت شده'),(23,54,5,0,'1397/11/20','پرداخت شده'),(24,39,4,54.8,'1397/12/20','پرداخت شده'),(25,55,5,0,'1397/11/20','پرداخت شده'),(26,56,5,0,'1397/11/30','پرداخت شده'),(27,57,6,0,'1397/11/27','پرداخت شده'),(28,59,6,0,'1397/11/29','پرداخت شده'),(29,60,5,0,'1397/11/30','پرداخت شده'),(30,61,5,0,'1397/11/30','پرداخت شده'),(31,62,5,24.73,'1397/12/15','پرداخت شده'),(32,63,6,0,'1397/11/30','پرداخت شده'),(33,64,6,-3,'1397/12/01','پرداخت شده'),(34,65,6,-0.11,'1397/12/01','پرداخت شده'),(35,66,6,7.38,'1397/12/03','پرداخت شده'),(36,67,6,3.28,'1397/12/02','پرداخت شده'),(37,68,6,0,'1397/11/24','پرداخت شده'),(38,69,6,1.92,'1397/12/02','پرداخت شده'),(39,70,6,7.6,'1397/12/7','پرداخت شده'),(40,42,4,18.62,'1397/12/07','پرداخت شده'),(41,44,6,6,'1397/12/03','پرداخت شده'),(42,74,6,3.58,'1397/12/06','پرداخت شده'),(43,40,6,0,'1397/12/07','پرداخت شده'),(44,76,6,2.38,'1397/12/07','پرداخت شده'),(45,77,6,8.67,'1397/12/06','پرداخت شده'),(46,78,6,7.62,'1397/12/5','پرداخت شده'),(50,86,6,21.02,'1397/12/08','پرداخت شده'),(52,87,6,20.32,'1397/12/08','پرداخت شده'),(53,95,6,9.32,'1397/12/07','پرداخت شده'),(54,43,5,5.99,'1397/12/07','پرداخت شده'),(55,102,6,21,'1397/12/08','پرداخت شده'),(56,109,6,0,'1397/11/23','پرداخت شده'),(57,48,6,2.28,'1397/12/10','پرداخت شده'),(58,47,6,-6.35,'1397/12/13','پرداخت شده'),(59,182,5,22.01,'1397/12/13','پرداخت شده'),(60,117,5,35.44,'1397/12/13','پرداخت شده'),(61,160,6,15.07,'1397/12/14','پرداخت شده'),(62,145,6,0,'1397/12/14','پرداخت شده'),(63,208,5,34.34,'1397/12/14','پرداخت شده'),(64,187,6,14.64,'1397/12/15','پرداخت شده'),(65,46,6,16.45,'1397/12/15','پرداخت شده'),(66,216,6,12.16,'1397/12/15','پرداخت شده'),(67,245,6,0,'1397/12/17','پرداخت شده'),(68,126,6,16.53,'1397/12/17','پرداخت شده'),(69,253,6,0,'1397/12/18','پرداخت شده'),(70,267,6,13.65,'1397/12/18','پرداخت شده'),(71,293,6,6.34,'1397/12/21','پرداخت شده'),(72,49,6,15.69,'1397/12/23','پرداخت شده'),(73,296,6,9.49,'1397/12/23','پرداخت شده'),(75,230,6,18.98,'1397/12/24','پرداخت شده'),(76,314,6,0.62,'1397/12/24','پرداخت شده'),(77,253,6,10.57,'1397/12/25','پرداخت شده'),(78,332,6,18.24,'1397/12/25','پرداخت شده'),(79,103,6,18.35,'1397/12/27','پرداخت شده'),(80,40,6,14.19,'1397/12/27','پرداخت شده'),(81,245,6,17.65,'1397/12/27','پرداخت شده'),(82,231,5,49.27,'1397/12/28','پرداخت شده'),(83,375,5,44.86,'1397/12/29','پرداخت شده'),(84,374,6,20,'1397/12/29','پرداخت نشده'),(85,56,6,17.61,'1398/01/01','پرداخت شده'),(87,361,6,19.98,'1398/01/01','پرداخت شده'),(88,63,6,14.78,'1398/01/02','پرداخت شده'),(89,60,6,18.14,'1398/01/03','پرداخت شده'),(90,256,6,17,'1398/01/03','پرداخت شده'),(91,413,6,20.1,'1398/01/03','پرداخت نشده'),(92,145,6,18.3,'1398/01/03','پرداخت نشده');
/*!40000 ALTER TABLE `buy_package` ENABLE KEYS */;
UNLOCK TABLES;

--
-- Table structure for table `factor`
--

DROP TABLE IF EXISTS `factor`;
/*!40101 SET @saved_cs_client     = @@character_set_client */;
/*!40101 SET character_set_client = utf8 */;
CREATE TABLE `factor` (
  `f_id` int(11) NOT NULL AUTO_INCREMENT COMMENT 'کد ردیف',
  `p_id` int(11) NOT NULL,
  `pr_id` int(11) NOT NULL,
  `f_count` int(11) NOT NULL,
  `pr_price` int(11) NOT NULL,
  `f_date` varchar(20) NOT NULL,
  `f_status` int(11) NOT NULL DEFAULT '0',
  PRIMARY KEY (`f_id`)
) ENGINE=InnoDB AUTO_INCREMENT=127 DEFAULT CHARSET=utf8;
/*!40101 SET character_set_client = @saved_cs_client */;

--
-- Dumping data for table `factor`
--

LOCK TABLES `factor` WRITE;
/*!40000 ALTER TABLE `factor` DISABLE KEYS */;
INSERT INTO `factor` (`f_id`, `p_id`, `pr_id`, `f_count`, `pr_price`, `f_date`, `f_status`) VALUES (1,1,3,1,1500,'1398/05/26 00:38',1),(2,1,3,1,1500,'1398/05/26 00:38',1),(3,1,3,1,1500,'1398/05/26 00:38',1),(4,1,19,1,12000,'1398/05/27 20:34',1),(5,1,19,1,12000,'1398/05/27 20:34',1),(6,1,19,1,12000,'1398/05/27 20:34',1),(7,1,23,1,11000,'1398/05/27 20:34',1),(8,1,24,1,8000,'1398/05/27 20:34',1),(9,1,23,1,11000,'1398/05/27 20:34',1),(10,50,22,1,14000,'1398/05/28 23:02',1),(11,50,32,1,24000,'1398/05/28 23:02',1),(12,56,4,1,3500,'1398/05/29 19:19',1),(13,57,26,1,11000,'1398/05/29 21:17',1),(14,57,26,1,11000,'1398/05/29 21:17',1),(15,57,26,1,11000,'1398/05/29 21:17',1),(16,57,26,1,11000,'1398/05/29 21:17',1),(17,58,26,1,11000,'1398/05/29 21:26',1),(18,45,26,1,11000,'1398/05/29 23:10',1),(19,60,29,1,15000,'1398/05/29 23:19',1),(20,56,27,1,9000,'1398/05/29 23:44',1),(21,56,4,1,3500,'1398/05/29 23:45',1),(22,56,4,1,3500,'1398/05/29 23:45',1),(24,45,31,1,16000,'1398/06/03 20:21',1),(25,76,31,1,16000,'1398/06/04 00:16',1),(28,81,33,1,20000,'1398/06/04 18:55',1),(30,62,18,1,13000,'1398/06/04 19:19',1),(31,79,24,1,8000,'1398/06/04 19:23',1),(32,83,14,1,11000,'1398/06/04 20:23',1),(33,83,35,1,29000,'1398/06/04 20:23',1),(35,81,4,1,4000,'1398/06/04 20:27',1),(36,87,14,1,11000,'1398/06/04 20:34',1),(37,87,35,1,29000,'1398/06/04 20:34',1),(38,44,28,1,7000,'1398/06/04 20:36',1),(39,82,35,1,29000,'1398/06/04 20:37',1),(40,82,35,1,29000,'1398/06/04 20:37',1),(41,82,33,1,20000,'1398/06/04 20:37',1),(42,82,35,1,29000,'1398/06/04 20:43',1),(43,82,35,1,29000,'1398/06/04 20:43',1),(44,82,33,1,20000,'1398/06/04 20:43',1),(45,83,32,1,24000,'1398/06/04 21:14',1),(46,83,33,1,20000,'1398/06/04 21:14',1),(49,0,28,1,7000,'1398/06/04 22:14',1),(50,0,32,1,24000,'1398/06/04 22:14',1),(51,0,36,1,16000,'1398/06/04 22:14',1),(52,0,36,1,16000,'1398/06/04 22:14',1),(53,83,3,1,1500,'1398/06/04 22:51',1),(54,0,4,1,4000,'1398/06/05 19:33',1),(57,92,5,1,5000,'1398/06/05 19:35',0),(58,0,4,1,4000,'1398/06/06 19:55',1),(59,82,19,1,12000,'1398/06/06 20:36',1),(60,95,23,1,11000,'1398/06/06 21:21',1),(61,62,24,1,8000,'1398/06/06 21:21',1),(62,62,33,1,20000,'1398/06/06 22:07',1),(63,82,31,1,16000,'1398/06/06 22:08',1),(64,82,31,1,16000,'1398/06/06 22:08',1),(65,95,36,1,16000,'1398/06/06 22:08',1),(66,82,4,1,4000,'1398/06/06 22:57',1),(67,49,15,1,10000,'1398/06/06 23:07',1),(68,49,24,1,8000,'1398/06/06 23:07',1),(69,62,3,1,1500,'1398/06/06 23:12',1),(70,82,3,1,1500,'1398/06/09 20:37',1),(71,82,3,1,1500,'1398/06/09 20:37',1),(73,83,25,1,12000,'1398/06/09 21:34',1),(74,87,4,1,4000,'1398/06/09 22:35',1),(75,87,35,1,29000,'1398/06/09 22:36',1),(76,87,33,1,20000,'1398/06/09 22:36',1),(77,87,28,1,7000,'1398/06/09 22:36',1),(78,87,22,1,14000,'1398/06/09 22:36',1),(79,0,23,1,11000,'1398/06/09 22:43',1),(80,0,24,1,8000,'1398/06/09 22:45',1),(81,83,24,1,8000,'1398/06/09 22:52',1),(82,0,22,1,14000,'1398/06/09 23:27',1),(83,0,19,1,12000,'1398/06/09 23:41',1),(84,0,19,1,12000,'1398/06/09 23:41',1),(85,29,3,1,1500,'1398/06/10 20:01',1),(86,0,3,1,1500,'1398/06/10 22:21',1),(87,20,24,1,8000,'1398/06/10 22:54',1),(88,20,24,1,8000,'1398/06/10 22:54',1),(89,83,32,1,24000,'1398/06/10 23:37',1),(90,62,24,1,8000,'1398/06/11 19:21',1),(91,62,24,1,8000,'1398/06/11 19:21',1),(92,62,23,1,11000,'1398/06/11 19:21',1),(94,84,30,1,21000,'1398/06/11 20:12',1),(95,61,33,1,20000,'1398/06/11 21:32',1),(96,87,3,1,1500,'1398/06/11 22:05',1),(97,84,4,1,4000,'1398/06/11 23:04',1),(98,84,3,1,1500,'1398/06/11 23:04',1),(99,84,30,1,21000,'1398/06/11 23:04',1),(100,83,35,1,29000,'1398/06/11 23:25',1),(101,83,35,1,29000,'1398/06/11 23:25',1),(102,83,35,1,29000,'1398/06/11 23:25',1),(103,83,33,1,20000,'1398/06/11 23:25',1),(104,83,4,1,4000,'1398/06/11 23:25',1),(105,83,4,1,4000,'1398/06/11 23:25',1),(106,83,3,1,1500,'1398/06/11 23:25',1),(108,0,15,1,10000,'1398/06/12 20:16',1),(109,0,19,1,12000,'1398/06/12 20:16',1),(110,0,26,1,11000,'1398/06/12 20:16',1),(111,0,29,1,15000,'1398/06/12 20:16',1),(112,87,5,1,5000,'1398/06/13 19:07',1),(113,87,8,1,8000,'1398/06/13 19:07',1),(114,87,16,1,9000,'1398/06/13 19:07',1),(115,87,19,1,12000,'1398/06/13 19:07',1),(116,85,28,1,7000,'1398/06/13 21:24',1),(117,85,22,1,14000,'1398/06/13 21:24',1),(118,85,14,1,11000,'1398/06/13 21:27',1),(119,85,24,1,8000,'1398/06/13 21:27',1),(120,85,20,1,14000,'1398/06/13 21:27',1),(121,33,4,1,4000,'1398/06/13 22:53',1),(122,33,4,1,4000,'1398/06/13 22:53',1),(123,33,4,1,4000,'1398/06/13 22:53',1),(124,33,30,1,21000,'1398/06/13 22:53',1),(125,33,30,1,21000,'1398/06/13 22:53',1),(126,33,32,1,24000,'1398/06/13 22:53',1);
/*!40000 ALTER TABLE `factor` ENABLE KEYS */;
UNLOCK TABLES;

--
-- Table structure for table `game`
--

DROP TABLE IF EXISTS `game`;
/*!40101 SET @saved_cs_client     = @@character_set_client */;
/*!40101 SET character_set_client = utf8 */;
CREATE TABLE `game` (
  `g_id` int(11) NOT NULL AUTO_INCREMENT COMMENT 'کد ردیف',
  `p_id` int(11) NOT NULL COMMENT 'کد شخص',
  `g_count` int(11) NOT NULL DEFAULT '1',
  `g_in` varchar(10) DEFAULT NULL COMMENT 'ساعت ورود',
  `g_out` varchar(10) DEFAULT NULL COMMENT 'ساعت خروج',
  `g_date` varchar(15) DEFAULT NULL COMMENT 'تاریخ',
  `g_price` varchar(15) DEFAULT NULL COMMENT 'مبلغ',
  `g_status` int(11) NOT NULL DEFAULT '0',
  PRIMARY KEY (`g_id`)
) ENGINE=InnoDB AUTO_INCREMENT=90 DEFAULT CHARSET=utf8;
/*!40101 SET character_set_client = @saved_cs_client */;

--
-- Dumping data for table `game`
--

LOCK TABLES `game` WRITE;
/*!40000 ALTER TABLE `game` DISABLE KEYS */;
INSERT INTO `game` (`g_id`, `p_id`, `g_count`, `g_in`, `g_out`, `g_date`, `g_price`, `g_status`) VALUES (1,1,1,'00:36','00:36','1398/05/26','4000',1),(2,1,3,'00:38','00:38','1398/05/26','12000',1),(3,27,1,'00:40','18:40','1398/05/26','72000',1),(4,1,5,'18:40','21:04','1398/05/27','48000',1),(5,2,1,'19:03','19:09','1398/05/27','4000',1),(6,29,1,'22:05','23:01','1398/05/28','4000',1),(7,50,1,'23:01','23:02','1398/05/28','4000',1),(9,57,3,'20:26','21:56','1398/05/29','18000',1),(10,56,1,'21:05','23:45','1398/05/29','11000',1),(11,45,1,'21:06','23:10','1398/05/29','8300',1),(12,58,1,'21:26','00:28','1398/05/29','84000',1),(13,59,6,'22:04','22:38','1398/05/29','24000',1),(14,20,3,'23:06','03:15','1398/05/29','240000',1),(15,60,1,'23:19','03:15','1398/05/29','80000',1),(16,57,1,'19:45','19:09','1398/06/01','4000',1),(17,45,1,'20:21','23:28','1398/06/03','12000',1),(18,76,1,'20:24','18:50','1398/06/03','6300',1),(19,81,1,'18:54','22:53','1398/06/04','15920',1),(20,62,1,'19:13','19:13','1398/06/04','4000',1),(21,79,4,'19:18','19:22','1398/06/04','16000',1),(22,62,1,'19:19','20:26','1398/06/04','4480',1),(23,79,4,'19:23','19:53','1398/06/04','16000',1),(24,82,3,'19:57','20:43','1398/06/04','9200',1),(25,83,1,'20:23','20:23','1398/06/04','0',1),(26,87,1,'20:34','21:29','1398/06/04','3680',1),(27,44,1,'20:36','23:31','1398/06/04','11680',1),(28,82,1,'20:43','19:33','1398/06/04','4680',1),(29,83,1,'21:06','21:06','1398/06/04','0',1),(30,83,2,'21:06','19:33','1398/06/04','12400',1),(31,84,1,'21:30','22:18','1398/06/04','3200',1),(32,63,1,'22:04','22:51','1398/06/04','3120',1),(33,19,1,'22:19','22:41','1398/06/04','1480',1),(34,63,1,'22:52','22:52','1398/06/04','0',1),(35,87,1,'19:33','19:48','1398/06/05','582000',1),(36,3,2,'20:11','19:48','1398/06/05','188920',1),(37,18,1,'19:49','19:49','1398/06/06','0',1),(38,82,3,'19:53','19:55','1398/06/06','880',1),(39,62,1,'20:24','23:12','1398/06/06','11200',1),(40,95,1,'20:25','23:19','1398/06/06','11600',1),(41,82,1,'20:36','00:35','1398/06/06','15920',1),(42,63,6,'21:16','22:11','1398/06/06','22000',1),(43,49,1,'23:07','23:07','1398/06/06','0',1),(44,82,1,'19:21','18:23','1398/06/07','92120',1),(45,63,2,'18:40','19:55','1398/06/08','202000',1),(46,83,3,'21:25','19:55','1398/06/08','270000',1),(47,104,1,'18:30','18:33','1398/06/09','0',1),(48,82,3,'19:56','21:37','1398/06/09','27200',1),(49,83,3,'20:34','22:11','1398/06/09','19400',1),(50,87,4,'21:31','23:52','1398/06/09','37600',1),(51,83,2,'22:51','01:05','1398/06/09','17880',1),(52,84,1,'22:55','01:05','1398/06/09','8680',1),(53,29,10,'19:44','18:50','1398/06/10','924000',1),(54,102,2,'19:52','20:28','1398/06/10','4800',1),(55,56,1,'19:52','21:21','1398/06/10','5920',1),(56,44,1,'19:52','23:43','1398/06/10','15400',1),(57,28,1,'19:52','18:50','1398/06/10','91880',1),(58,82,3,'21:41','18:53','1398/06/10','254400',1),(59,20,4,'21:51','18:53','1398/06/10','336520',1),(60,83,4,'22:56','18:53','1398/06/10','319200',1),(61,62,3,'18:50','23:25','1398/06/11','85280',1),(62,82,4,'19:36','19:37','1398/06/11','280',1),(63,83,4,'19:38','20:10','1398/06/11','392520',1),(64,85,2,'19:38','19:51','1398/06/11','1720',1),(65,85,2,'19:51','22:04','1398/06/11','26600',1),(66,63,1,'19:52','22:59','1398/06/11','12480',1),(67,96,1,'20:02','23:26','1398/06/11','13600',1),(68,106,1,'20:04','21:05','1398/06/11','4080',1),(69,105,1,'20:04','21:05','1398/06/11','4080',1),(70,82,1,'20:04','20:05','1398/06/11','80',1),(71,86,1,'20:05','20:10','1398/06/11','96320',1),(72,84,3,'20:12','23:24','1398/06/11','38400',1),(73,61,4,'21:32','23:26','1398/06/11','30400',1),(74,87,6,'21:40','23:26','1398/06/11','42400',1),(75,106,1,'20:13','18:38','1398/06/12','89680',1),(76,105,1,'20:13','18:39','1398/06/12','89720',1),(77,87,4,'18:40','20:15','1398/06/13','25320',1),(78,86,5,'18:41','20:05','1398/06/13','39200',1),(79,84,1,'18:41','20:27','1398/06/13','7080',1),(80,62,1,'18:41','19:37','1398/06/13','3720',1),(81,83,4,'19:14','20:14','1398/06/13','16000',1),(82,85,5,'19:42','21:32','1398/06/13','36680',1),(83,87,2,'20:16','20:16','1398/06/13','0',1),(84,87,2,'20:16','20:21','1398/06/13','192680',0),(85,1,1,'20:27','21:27','1398/06/13',NULL,1),(86,33,5,'21:01','23:24','1398/06/13','47680',1),(87,118,1,'21:03','22:53','1398/06/13','14680',1),(88,1,1,'22:12','22:22','1398/06/13',NULL,1),(89,83,2,'22:16','22:32','1398/06/13','2120',1);
/*!40000 ALTER TABLE `game` ENABLE KEYS */;
UNLOCK TABLES;

--
-- Table structure for table `game_meta`
--

DROP TABLE IF EXISTS `game_meta`;
/*!40101 SET @saved_cs_client     = @@character_set_client */;
/*!40101 SET character_set_client = utf8 */;
CREATE TABLE `game_meta` (
  `gm_id` int(11) NOT NULL AUTO_INCREMENT COMMENT 'کد متای بازی',
  `g_id` int(11) NOT NULL COMMENT 'کد بازی',
  `gm_key` varchar(50) NOT NULL COMMENT 'کلید متای بازی',
  `gm_value` varchar(50) NOT NULL COMMENT 'مقدار متای بازی',
  `gm_date` varchar(16) NOT NULL COMMENT 'تاریخ ثبت',
  `gm_time` varchar(16) NOT NULL COMMENT 'زمان ثبت',
  `gm_is_paused` tinyint(1) NOT NULL DEFAULT '0' COMMENT 'متوقف شده؟',
  PRIMARY KEY (`gm_id`)
) ENGINE=InnoDB AUTO_INCREMENT=793 DEFAULT CHARSET=utf8 COMMENT='اطلاعات اضافی بازی';
/*!40101 SET character_set_client = @saved_cs_client */;

--
-- Dumping data for table `game_meta`
--

LOCK TABLES `game_meta` WRITE;
/*!40000 ALTER TABLE `game_meta` DISABLE KEYS */;
INSERT INTO `game_meta` (`gm_id`, `g_id`, `gm_key`, `gm_value`, `gm_date`, `gm_time`, `gm_is_paused`) VALUES (320,19,'g_count','1','1398/06/04','18:54',0),(321,24,'g_count','3','1398/06/04','19:57',0),(322,22,'g_count','1','1398/06/04','19:19',0),(327,19,'g_count','1','1398/06/04','20:26',0),(328,19,'g_count','1','1398/06/04','20:26',0),(329,22,'g_count','1','1398/06/04','20:26',0),(330,24,'g_count','3','1398/06/04','20:26',0),(331,22,'g_count','1','1398/06/04','20:26',0),(332,19,'g_count','1','1398/06/04','20:27',0),(333,24,'g_count','3','1398/06/04','20:30',0),(334,24,'g_count','3','1398/06/04','20:31',0),(335,19,'g_count','1','1398/06/04','20:31',0),(336,24,'g_count','3','1398/06/04','20:31',0),(337,19,'g_count','1','1398/06/04','20:31',0),(338,19,'g_count','1','1398/06/04','20:33',0),(339,26,'g_count','1','1398/06/04','20:34',0),(341,27,'g_count','1','1398/06/04','20:36',0),(343,24,'g_count','3','1398/06/04','20:38',0),(344,24,'g_count','3','1398/06/04','20:43',0),(345,28,'g_count','1','1398/06/04','20:43',0),(347,27,'g_count','1','1398/06/04','20:47',0),(348,29,'g_count','1','1398/06/04','21:06',0),(350,29,'g_count','1','1398/06/04','21:06',0),(351,30,'g_count','2','1398/06/04','21:06',0),(353,28,'g_count','1','1398/06/04','21:13',0),(354,26,'g_count','1','1398/06/04','21:28',0),(355,26,'g_count','1','1398/06/04','21:29',0),(356,26,'g_count','1','1398/06/04','21:29',0),(357,31,'g_count','1','1398/06/04','21:30',0),(359,31,'g_count','1','1398/06/04','21:30',0),(360,28,'g_count','1','1398/06/04','21:52',0),(361,19,'g_count','1','1398/06/04','21:57',0),(362,32,'g_count','1','1398/06/04','22:04',0),(364,27,'g_count','1','1398/06/04','22:05',0),(365,31,'g_count','1','1398/06/04','22:11',0),(366,30,'g_count','2','1398/06/04','22:12',0),(367,31,'g_count','1','1398/06/04','22:13',0),(368,31,'g_count','1','1398/06/04','22:18',0),(369,30,'g_count','2','1398/06/04','22:18',0),(370,33,'g_count','1','1398/06/04','22:19',0),(372,33,'g_count','1','1398/06/04','22:41',0),(373,28,'g_count','1','1398/06/04','22:43',0),(374,28,'g_count','1','1398/06/04','22:43',0),(375,30,'g_count','2','1398/06/04','22:44',0),(376,32,'g_count','1','1398/06/04','22:51',0),(377,34,'g_count','1','1398/06/04','22:52',0),(379,34,'g_count','1','1398/06/04','22:52',0),(380,19,'g_count','1','1398/06/04','22:53',0),(381,27,'g_count','1','1398/06/04','23:03',0),(382,30,'g_count','2','1398/06/04','23:04',0),(383,27,'g_count','1','1398/06/04','23:05',0),(384,28,'g_count','1','1398/06/04','23:06',0),(385,30,'g_count','2','1398/06/04','23:25',0),(386,30,'g_count','2','1398/06/04','23:29',0),(387,28,'g_count','1','1398/06/04','23:29',0),(388,27,'g_count','1','1398/06/04','23:29',0),(389,27,'g_count','1','1398/06/04','23:29',0),(390,27,'g_count','1','1398/06/04','23:29',0),(391,27,'g_count','1','1398/06/04','23:31',0),(392,28,'g_count','1','1398/06/04','23:31',0),(393,28,'g_count','1','1398/06/04','23:31',0),(394,28,'g_count','1','1398/06/05','19:33',0),(395,30,'g_count','2','1398/06/05','19:33',0),(396,35,'g_count','1','1398/06/05','19:33',0),(398,35,'g_count','6','1398/06/05','19:33',0),(399,36,'g_count','2','1398/06/05','20:11',0),(401,36,'g_count','2','1398/06/06','19:47',0),(402,35,'g_count','6','1398/06/06','19:48',0),(403,36,'g_count','2','1398/06/06','19:48',0),(404,37,'g_count','1','1398/06/06','19:49',0),(406,37,'g_count','1','1398/06/06','19:49',0),(407,38,'g_count','3','1398/06/06','19:53',0),(409,38,'g_count','3','1398/06/06','19:53',0),(410,38,'g_count','3','1398/06/06','19:54',0),(411,38,'g_count','10','1398/06/06','19:54',0),(412,38,'g_count','10','1398/06/06','19:54',0),(413,38,'g_count','10','1398/06/06','19:54',0),(414,38,'g_count','10','1398/06/06','19:55',0),(415,39,'g_count','1','1398/06/06','20:24',0),(417,40,'g_count','1','1398/06/06','20:25',0),(419,41,'g_count','1','1398/06/06','20:36',0),(421,39,'g_count','1','1398/06/06','21:11',0),(422,40,'g_count','1','1398/06/06','21:12',0),(423,42,'g_count','6','1398/06/06','21:16',0),(425,42,'g_count','6','1398/06/06','22:11',0),(426,40,'g_count','1','1398/06/06','22:24',0),(427,39,'g_count','1','1398/06/06','22:24',0),(428,41,'g_count','1','1398/06/06','22:25',0),(429,41,'g_count','1','1398/06/06','22:58',0),(430,43,'g_count','1','1398/06/06','23:07',0),(432,43,'g_count','1','1398/06/06','23:07',0),(433,41,'g_count','1','1398/06/06','23:08',0),(434,39,'g_count','1','1398/06/06','23:12',0),(435,39,'g_count','1','1398/06/06','23:12',0),(436,40,'g_count','1','1398/06/06','23:16',0),(437,40,'g_count','1','1398/06/06','23:19',0),(438,40,'g_count','1','1398/06/06','23:19',0),(439,41,'g_count','1','1398/06/06','23:24',0),(440,41,'g_count','1','1398/06/07','00:35',0),(441,44,'g_count','1','1398/06/07','19:21',0),(443,44,'g_count','1','1398/06/08','18:23',0),(444,45,'g_count','2','1398/06/08','18:40',0),(446,46,'g_count','3','1398/06/08','21:25',0),(448,46,'g_count','3','1398/06/08','21:51',0),(449,45,'g_count','2','1398/06/09','18:28',0),(450,46,'g_count','3','1398/06/09','18:29',0),(451,45,'g_count','2','1398/06/09','18:29',0),(452,47,'g_count','1','1398/06/09','18:30',0),(454,47,'g_count','1','1398/06/09','18:30',0),(455,47,'g_count','1','1398/06/09','18:30',0),(456,47,'g_count','9','1398/06/09','18:31',0),(457,47,'g_count','9','1398/06/09','18:31',0),(458,47,'g_count','9','1398/06/09','18:33',0),(459,45,'g_count','2','1398/06/09','19:55',0),(460,46,'g_count','3','1398/06/09','19:55',0),(461,48,'g_count','3','1398/06/09','19:56',0),(463,48,'g_count','3','1398/06/09','19:56',0),(464,49,'g_count','3','1398/06/09','20:34',0),(466,48,'g_count','3','1398/06/09','20:37',0),(467,48,'g_count','3','1398/06/09','21:02',0),(468,48,'g_count','6','1398/06/09','21:02',0),(469,50,'g_count','4','1398/06/09','21:31',0),(471,48,'g_count','6','1398/06/09','21:33',0),(472,49,'g_count','3','1398/06/09','21:34',0),(473,48,'g_count','6','1398/06/09','21:35',0),(474,48,'g_count','6','1398/06/09','21:37',0),(475,49,'g_count','3','1398/06/09','22:11',0),(476,51,'g_count','2','1398/06/09','22:51',0),(478,52,'g_count','1','1398/06/09','22:55',0),(480,52,'g_count','1','1398/06/09','23:14',0),(481,52,'g_count','1','1398/06/09','23:20',0),(482,50,'g_count','4','1398/06/09','23:28',0),(483,50,'g_count','4','1398/06/09','23:48',0),(484,50,'g_count','4','1398/06/09','23:52',0),(485,51,'g_count','2','1398/06/09','23:53',0),(486,52,'g_count','1','1398/06/10','01:05',0),(487,51,'g_count','2','1398/06/10','01:05',0),(488,53,'g_count','10','1398/06/10','19:44',0),(490,54,'g_count','2','1398/06/10','19:52',0),(492,55,'g_count','1','1398/06/10','19:52',0),(494,56,'g_count','1','1398/06/10','19:52',0),(496,57,'g_count','1','1398/06/10','19:52',0),(498,54,'g_count','2','1398/06/10','20:28',0),(499,53,'g_count','10','1398/06/10','20:55',0),(500,55,'g_count','1','1398/06/10','21:21',0),(501,57,'g_count','1','1398/06/10','21:21',0),(502,58,'g_count','3','1398/06/10','21:41',0),(504,53,'g_count','10','1398/06/10','21:48',0),(505,59,'g_count','4','1398/06/10','21:51',0),(507,59,'g_count','4','1398/06/10','22:54',0),(508,60,'g_count','4','1398/06/10','22:56',0),(510,60,'g_count','4','1398/06/10','23:38',0),(511,56,'g_count','1','1398/06/10','23:43',0),(512,53,'g_count','10','1398/06/11','18:50',0),(513,57,'g_count','1','1398/06/11','18:50',0),(514,61,'g_count','3','1398/06/11','18:50',0),(516,58,'g_count','3','1398/06/11','18:53',0),(517,59,'g_count','4','1398/06/11','18:53',0),(518,60,'g_count','4','1398/06/11','18:53',0),(519,61,'g_count','3','1398/06/11','18:53',0),(520,61,'g_count','3','1398/06/11','19:07',0),(521,62,'g_count','4','1398/06/11','19:36',0),(523,62,'g_count','4','1398/06/11','19:37',0),(524,63,'g_count','4','1398/06/11','19:38',0),(526,64,'g_count','2','1398/06/11','19:38',0),(528,61,'g_count','3','1398/06/11','19:38',0),(529,64,'g_count','2','1398/06/11','19:51',0),(530,65,'g_count','2','1398/06/11','19:51',0),(532,66,'g_count','1','1398/06/11','19:52',0),(534,67,'g_count','1','1398/06/11','20:02',0),(536,68,'g_count','1','1398/06/11','20:04',0),(538,69,'g_count','1','1398/06/11','20:04',0),(540,70,'g_count','1','1398/06/11','20:04',0),(542,70,'g_count','1','1398/06/11','20:05',0),(543,71,'g_count','1','1398/06/11','20:05',0),(545,72,'g_count','3','1398/06/11','20:12',0),(547,61,'g_count','5','1398/06/11','20:14',0),(548,65,'g_count','3','1398/06/11','20:20',0),(549,65,'g_count','3','1398/06/11','20:38',0),(550,65,'g_count','3','1398/06/11','21:04',0),(551,69,'g_count','1','1398/06/11','21:05',0),(552,68,'g_count','1','1398/06/11','21:05',0),(553,71,'g_count','1','1398/06/11','21:07',0),(554,65,'g_count','3','1398/06/11','21:16',0),(555,63,'g_count','4','1398/06/11','21:21',0),(556,73,'g_count','4','1398/06/11','21:32',0),(558,74,'g_count','6','1398/06/11','21:40',0),(560,74,'g_count','6','1398/06/11','22:02',0),(561,65,'g_count','3','1398/06/11','22:04',0),(562,65,'g_count','3','1398/06/11','22:04',0),(563,63,'g_count','4','1398/06/11','22:17',0),(564,63,'g_count','4','1398/06/11','22:24',0),(565,63,'g_count','4','1398/06/11','22:24',0),(566,66,'g_count','1','1398/06/11','22:28',0),(567,66,'g_count','1','1398/06/11','22:28',0),(568,61,'g_count','5','1398/06/11','22:32',0),(569,61,'g_count','5','1398/06/11','22:32',0),(570,71,'g_count','1','1398/06/11','22:32',0),(571,73,'g_count','4','1398/06/11','22:33',0),(572,72,'g_count','3','1398/06/11','22:35',0),(573,72,'g_count','3','1398/06/11','22:49',0),(574,63,'g_count','4','1398/06/11','22:59',0),(575,66,'g_count','1','1398/06/11','22:59',0),(576,71,'g_count','1','1398/06/11','22:59',0),(577,74,'g_count','6','1398/06/11','22:59',0),(578,72,'g_count','3','1398/06/11','23:04',0),(579,72,'g_count','3','1398/06/11','23:05',0),(580,72,'g_count','3','1398/06/11','23:05',0),(581,72,'g_count','3','1398/06/11','23:16',0),(582,72,'g_count','3','1398/06/11','23:24',0),(583,61,'g_count','5','1398/06/11','23:25',0),(584,63,'g_count','4','1398/06/11','23:25',0),(585,63,'g_count','4','1398/06/11','23:25',0),(586,71,'g_count','1','1398/06/11','23:26',0),(587,73,'g_count','4','1398/06/11','23:26',0),(588,67,'g_count','1','1398/06/11','23:26',0),(589,73,'g_count','4','1398/06/11','23:26',0),(590,74,'g_count','6','1398/06/11','23:26',0),(591,63,'g_count','4','1398/06/12','20:10',0),(592,71,'g_count','1','1398/06/12','20:10',0),(593,75,'g_count','1','1398/06/12','20:13',0),(595,75,'g_count','1','1398/06/12','20:13',0),(596,76,'g_count','1','1398/06/12','20:13',0),(598,76,'g_count','1','1398/06/12','20:13',0),(599,75,'g_count','1','1398/06/12','20:13',0),(600,75,'g_count','1','1398/06/12','20:19',0),(601,75,'g_count','1','1398/06/12','22:38',0),(602,75,'g_count','1','1398/06/13','18:38',0),(603,76,'g_count','1','1398/06/13','18:38',0),(604,76,'g_count','1','1398/06/13','18:39',0),(605,77,'g_count','4','1398/06/13','18:40',0),(607,78,'g_count','5','1398/06/13','18:41',0),(609,79,'g_count','1','1398/06/13','18:41',0),(611,80,'g_count','1','1398/06/13','18:41',0),(613,78,'g_count','7','1398/06/13','18:55',0),(614,81,'g_count','4','1398/06/13','19:14',0),(616,77,'g_count','4','1398/06/13','19:28',0),(617,80,'g_count','1','1398/06/13','19:37',0),(618,79,'g_count','1','1398/06/13','19:38',0),(619,82,'g_count','5','1398/06/13','19:42',0),(621,77,'g_count','4','1398/06/13','19:58',0),(622,78,'g_count','7','1398/06/13','20:04',0),(623,82,'g_count','5','1398/06/13','20:04',0),(624,78,'g_count','7','1398/06/13','20:05',0),(625,77,'g_count','4','1398/06/13','20:13',0),(626,81,'g_count','4','1398/06/13','20:13',0),(627,81,'g_count','4','1398/06/13','20:13',0),(628,81,'g_count','4','1398/06/13','20:14',1),(629,81,'g_count','4','1398/06/13','20:14',1),(630,81,'g_count','4','1398/06/13','20:14',1),(631,81,'g_count','4','1398/06/13','20:14',0),(632,81,'g_count','4','1398/06/13','20:14',0),(633,81,'g_count','4','1398/06/13','20:14',0),(634,77,'g_count','4','1398/06/13','20:15',0),(635,79,'g_count','1','1398/06/13','20:15',0),(636,83,'g_count','2','1398/06/13','20:16',0),(638,83,'g_count','2','1398/06/13','20:16',0),(639,84,'g_count','2','1398/06/13','20:16',0),(640,84,'p_first_sharj','0.00','1398/06/13','20:16',0),(641,79,'g_count','1','1398/06/13','20:16',0),(642,79,'g_count','1','1398/06/13','20:27',0),(643,85,'g_count','1','1398/06/13','20:27',0),(645,85,'g_count','1','1398/06/13','20:34',0),(646,84,'g_count','2','1398/06/13','20:35',0),(647,85,'g_count','1','1398/06/13','20:35',0),(648,85,'g_count','1','1398/06/13','20:35',1),(649,85,'g_count','1','1398/06/13','20:35',1),(650,84,'g_count','2','1398/06/13','20:35',0),(651,86,'g_count','5','1398/06/13','21:01',0),(653,87,'g_count','1','1398/06/13','21:03',0),(655,87,'g_count','2','1398/06/13','21:03',0),(656,85,'g_count','1','1398/06/13','21:04',0),(657,87,'g_count','2','1398/06/13','21:12',0),(658,82,'g_count','5','1398/06/13','21:24',0),(659,82,'g_count','5','1398/06/13','21:26',0),(660,85,'g_count','1','1398/06/13','21:27',0),(661,85,'g_count','1','1398/06/13','21:27',0),(662,82,'g_count','5','1398/06/13','21:28',0),(663,82,'g_count','5','1398/06/13','21:29',0),(664,84,'g_count','2','1398/06/13','21:29',0),(665,82,'g_count','5','1398/06/13','21:32',0),(666,82,'g_count','5','1398/06/13','21:32',0),(667,84,'g_count','2','1398/06/13','22:11',0),(668,86,'g_count','5','1398/06/13','22:12',0),(669,87,'g_count','2','1398/06/13','22:12',0),(670,86,'g_count','5','1398/06/13','22:12',0),(671,84,'g_count','2','1398/06/13','22:12',0),(672,88,'g_count','1','1398/06/13','22:12',0),(674,88,'g_count','1','1398/06/13','22:12',1),(675,88,'g_count','1','1398/06/13','22:12',1),(676,88,'g_count','1','1398/06/13','22:12',1),(677,88,'g_count','1','1398/06/13','22:12',0),(678,88,'g_count','1','1398/06/13','22:12',0),(679,88,'g_count','1','1398/06/13','22:13',0),(680,88,'g_count','1','1398/06/13','22:13',0),(681,88,'g_count','1','1398/06/13','22:13',0),(682,88,'g_count','1','1398/06/13','22:13',0),(683,88,'g_count','1','1398/06/13','22:13',0),(684,88,'g_count','1','1398/06/13','22:13',0),(685,88,'g_count','1','1398/06/13','22:13',0),(686,88,'g_count','1','1398/06/13','22:13',0),(687,88,'g_count','1','1398/06/13','22:13',0),(688,88,'g_count','1','1398/06/13','22:13',0),(689,88,'g_count','1','1398/06/13','22:13',0),(690,88,'g_count','1','1398/06/13','22:13',0),(691,88,'g_count','1','1398/06/13','22:13',0),(692,88,'g_count','1','1398/06/13','22:13',0),(693,88,'g_count','1','1398/06/13','22:13',0),(694,88,'g_count','1','1398/06/13','22:13',0),(695,88,'g_count','1','1398/06/13','22:13',0),(696,88,'g_count','1','1398/06/13','22:13',0),(697,88,'g_count','1','1398/06/13','22:13',0),(698,88,'g_count','1','1398/06/13','22:13',0),(699,88,'g_count','1','1398/06/13','22:13',0),(700,88,'g_count','1','1398/06/13','22:14',0),(701,88,'g_count','1','1398/06/13','22:14',0),(702,88,'g_count','1','1398/06/13','22:14',0),(703,88,'g_count','1','1398/06/13','22:14',0),(704,88,'g_count','1','1398/06/13','22:14',0),(705,88,'g_count','1','1398/06/13','22:14',0),(706,88,'g_count','1','1398/06/13','22:14',0),(707,88,'g_count','1','1398/06/13','22:14',0),(708,88,'g_count','1','1398/06/13','22:14',0),(709,88,'g_count','1','1398/06/13','22:14',0),(710,88,'g_count','1','1398/06/13','22:15',0),(711,88,'g_count','1','1398/06/13','22:15',0),(712,88,'g_count','1','1398/06/13','22:15',0),(713,88,'g_count','1','1398/06/13','22:15',0),(714,88,'g_count','1','1398/06/13','22:15',0),(715,88,'g_count','1','1398/06/13','22:15',0),(716,88,'g_count','1','1398/06/13','22:15',0),(717,88,'g_count','1','1398/06/13','22:15',0),(718,88,'g_count','1','1398/06/13','22:15',0),(719,88,'g_count','1','1398/06/13','22:15',0),(720,88,'g_count','1','1398/06/13','22:15',0),(721,88,'g_count','1','1398/06/13','22:15',0),(722,88,'g_count','1','1398/06/13','22:15',0),(723,88,'g_count','1','1398/06/13','22:15',1),(724,88,'g_count','1','1398/06/13','22:15',1),(725,88,'g_count','1','1398/06/13','22:15',1),(726,89,'g_count','2','1398/06/13','22:16',0),(728,88,'g_count','1','1398/06/13','22:16',0),(729,88,'g_count','1','1398/06/13','22:16',0),(730,88,'g_count','1','1398/06/13','22:16',0),(731,88,'g_count','1','1398/06/13','22:16',0),(732,88,'g_count','1','1398/06/13','22:16',0),(733,88,'g_count','1','1398/06/13','22:16',0),(734,88,'g_count','1','1398/06/13','22:16',0),(735,88,'g_count','1','1398/06/13','22:16',1),(736,88,'g_count','1','1398/06/13','22:16',1),(737,88,'g_count','1','1398/06/13','22:16',1),(738,88,'g_count','1','1398/06/13','22:16',1),(739,88,'g_count','1','1398/06/13','22:20',0),(740,88,'g_count','1','1398/06/13','22:20',0),(741,88,'g_count','1','1398/06/13','22:20',0),(742,88,'g_count','1','1398/06/13','22:20',0),(743,88,'g_count','1','1398/06/13','22:20',0),(744,88,'g_count','1','1398/06/13','22:20',0),(745,88,'g_count','1','1398/06/13','22:20',0),(746,88,'g_count','1','1398/06/13','22:20',0),(747,88,'g_count','1','1398/06/13','22:20',0),(748,88,'g_count','1','1398/06/13','22:22',1),(749,88,'g_count','1','1398/06/13','22:22',1),(750,88,'g_count','1','1398/06/13','22:22',1),(751,88,'g_count','1','1398/06/13','22:22',1),(752,88,'g_count','1','1398/06/13','22:22',0),(753,88,'g_count','1','1398/06/13','22:22',0),(754,89,'g_count','2','1398/06/13','22:29',0),(755,87,'g_count','2','1398/06/13','22:30',0),(756,89,'g_count','2','1398/06/13','22:31',0),(757,89,'g_count','2','1398/06/13','22:31',0),(758,89,'g_count','2','1398/06/13','22:31',0),(759,89,'g_count','2','1398/06/13','22:31',0),(760,89,'g_count','2','1398/06/13','22:31',0),(761,89,'g_count','2','1398/06/13','22:31',0),(762,89,'g_count','2','1398/06/13','22:31',0),(763,89,'g_count','2','1398/06/13','22:31',0),(764,89,'g_count','2','1398/06/13','22:31',0),(765,89,'g_count','2','1398/06/13','22:31',0),(766,89,'g_count','2','1398/06/13','22:31',0),(767,89,'g_count','2','1398/06/13','22:31',0),(768,89,'g_count','2','1398/06/13','22:31',0),(769,89,'g_count','2','1398/06/13','22:32',0),(770,89,'g_count','2','1398/06/13','22:32',0),(771,87,'g_count','2','1398/06/13','22:32',0),(772,86,'g_count','5','1398/06/13','22:32',0),(773,84,'g_count','2','1398/06/13','22:32',0),(774,86,'g_count','5','1398/06/13','22:33',0),(775,87,'g_count','2','1398/06/13','22:33',0),(776,86,'g_count','5','1398/06/13','22:33',0),(777,87,'g_count','2','1398/06/13','22:33',0),(778,84,'g_count','2','1398/06/13','22:43',0),(779,86,'g_count','5','1398/06/13','22:52',0),(780,87,'g_count','2','1398/06/13','22:53',0),(781,86,'g_count','5','1398/06/13','23:24',0),(782,84,'g_count','2','1398/06/13','23:54',1),(783,84,'g_count','2','1398/06/13','23:54',0),(784,84,'g_count','2','1398/06/14','19:37',0),(785,84,'g_count','2','1398/06/14','19:43',0),(786,84,'g_count','2','1398/06/14','19:43',0),(787,84,'g_count','2','1398/06/14','19:43',0),(788,84,'g_count','2','1398/06/14','19:43',0),(789,84,'g_count','2','1398/06/14','19:44',0),(790,84,'g_count','2','1398/06/14','19:44',0),(791,84,'g_count','2','1398/06/14','19:50',0),(792,84,'g_count','2','1398/06/14','20:21',0);
/*!40000 ALTER TABLE `game_meta` ENABLE KEYS */;
UNLOCK TABLES;

--
-- Table structure for table `package`
--

DROP TABLE IF EXISTS `package`;
/*!40101 SET @saved_cs_client     = @@character_set_client */;
/*!40101 SET character_set_client = utf8 */;
CREATE TABLE `package` (
  `pk_id` int(11) NOT NULL AUTO_INCREMENT,
  `pk_name` varchar(20) NOT NULL,
  `pk_hour1` int(11) NOT NULL,
  `pk_hour2` int(11) NOT NULL,
  `pk_price` int(11) NOT NULL,
  `pk_time` int(11) NOT NULL,
  `pk_expire` int(11) NOT NULL,
  PRIMARY KEY (`pk_id`)
) ENGINE=InnoDB AUTO_INCREMENT=23 DEFAULT CHARSET=utf8;
/*!40101 SET character_set_client = @saved_cs_client */;

--
-- Dumping data for table `package`
--

LOCK TABLES `package` WRITE;
/*!40000 ALTER TABLE `package` DISABLE KEYS */;
INSERT INTO `package` (`pk_id`, `pk_name`, `pk_hour1`, `pk_hour2`, `pk_price`, `pk_time`, `pk_expire`) VALUES (16,'مشتری ثابت ',3000,3000,90000,30,30),(17,'اکیپ',3500,3500,120000,35,60),(18,'عادی',3750,3750,75000,20,60),(19,'یک ساعته',4000,4000,4000,1,30),(20,'دو ساعته',4000,4000,8000,2,30),(21,'سه ساعته',4000,4000,12000,3,30),(22,'پنج ساعته',4000,4000,20000,5,30);
/*!40000 ALTER TABLE `package` ENABLE KEYS */;
UNLOCK TABLES;

--
-- Table structure for table `payment`
--

DROP TABLE IF EXISTS `payment`;
/*!40101 SET @saved_cs_client     = @@character_set_client */;
/*!40101 SET character_set_client = utf8 */;
CREATE TABLE `payment` (
  `pa_id` int(11) NOT NULL AUTO_INCREMENT,
  `p_id` int(11) NOT NULL,
  `pa_price` varchar(15) NOT NULL,
  `pa_date` varchar(20) NOT NULL,
  `pa_details` text NOT NULL,
  `pa_type` varchar(15) NOT NULL,
  `pa_status` tinyint(4) NOT NULL,
  PRIMARY KEY (`pa_id`)
) ENGINE=InnoDB AUTO_INCREMENT=30 DEFAULT CHARSET=utf8;
/*!40101 SET character_set_client = @saved_cs_client */;

--
-- Dumping data for table `payment`
--

LOCK TABLES `payment` WRITE;
/*!40000 ALTER TABLE `payment` DISABLE KEYS */;
INSERT INTO `payment` (`pa_id`, `p_id`, `pa_price`, `pa_date`, `pa_details`, `pa_type`, `pa_status`) VALUES (1,57,'58000','1398/05/29 21:57','بازی، خرید','کارت',0),(2,57,'58000','1398/05/29 21:57','بازی، خرید','نقد',0),(3,59,'10000','1398/05/29 22:39','بازی، خرید','کارت',0),(4,45,'14000','1398/05/29 23:11','بازی، خرید','کارت',0),(5,56,'26000','1398/05/29 23:45','بازی، خرید','کارت',0),(6,58,'17500','1398/05/30 00:29','بازی، خرید','کارت',0),(7,60,'15000','1398/05/30 03:16','بازی، خرید','کارت',0),(8,25,'20000','1398/05/30','5 ساعت شارژ و 30 روز اعتبار','کارت',1),(9,45,'26000','1398/06/03 23:28','بازی، خرید','کارت',0),(10,44,'19000','1398/06/04 23:31','بازی، خرید','کارت',0),(11,0,'4000','1398/06/05 19:33','خرید آزاد','کارت',0),(12,63,'22000','1398/06/06 22:11','بازی، خرید','کارت',0),(13,104,'-120000','1398/06/09','35 ساعت شارژ و 60 روز اعتبار','کارت',1),(14,26,'16000','1398/06/09','','نقد',0),(15,0,'11000','1398/06/09 22:43','خرید آزاد','کارت',0),(16,0,'14000','1398/06/09 23:27','خرید آزاد','کارت',0),(17,65,'12000','1398/06/10','','کارتخوان',0),(18,102,'4000','1398/06/10 20:28','بازی، خرید','کارت',0),(19,0,'0','1398/06/10 22:21','خرید آزاد','کارت',0),(20,26,'20000','1398/06/11','','کارت',0),(21,26,'20000','1398/06/11','','نقد',0),(22,1,'-120000','1398/06/12','35 ساعت شارژ و 60 روز اعتبار','کارت',1),(23,1,'60000','1398/06/12','','نقد',0),(24,62,'3700','1398/06/13 19:37','بازی، خرید','کارت',0),(25,84,'3800','1398/06/13 19:38','بازی، خرید','کارت',0),(26,86,'39000','1398/06/13 20:07','بازی، خرید','کارت',0),(27,83,'16000','1398/06/13 20:14','بازی، خرید','نقد',0),(28,83,'2100','1398/06/13 22:32','بازی، خرید','کارت',0),(29,33,'122000','1398/06/13 23:39','بازی، خرید','کارت',0);
/*!40000 ALTER TABLE `payment` ENABLE KEYS */;
UNLOCK TABLES;

--
-- Table structure for table `person`
--

DROP TABLE IF EXISTS `person`;
/*!40101 SET @saved_cs_client     = @@character_set_client */;
/*!40101 SET character_set_client = utf8 */;
CREATE TABLE `person` (
  `p_id` int(11) NOT NULL AUTO_INCREMENT,
  `p_name` varchar(15) DEFAULT NULL,
  `p_family` varchar(15) DEFAULT NULL,
  `p_fname` varchar(15) DEFAULT NULL,
  `p_birth` varchar(16) DEFAULT NULL COMMENT 'تاریخ تولد',
  `p_code` varchar(15) DEFAULT NULL,
  `p_phone` varchar(15) DEFAULT NULL,
  `p_mobile` varchar(15) DEFAULT NULL,
  `p_address` text,
  `p_sharj` double(11,2) DEFAULT '0.00',
  `p_expire` varchar(15) DEFAULT NULL,
  `p_pack` int(11) NOT NULL,
  PRIMARY KEY (`p_id`)
) ENGINE=InnoDB AUTO_INCREMENT=122 DEFAULT CHARSET=utf8;
/*!40101 SET character_set_client = @saved_cs_client */;

--
-- Dumping data for table `person`
--

LOCK TABLES `person` WRITE;
/*!40000 ALTER TABLE `person` DISABLE KEYS */;
INSERT INTO `person` (`p_id`, `p_name`, `p_family`, `p_fname`, `p_birth`, `p_code`, `p_phone`, `p_mobile`, `p_address`, `p_sharj`, `p_expire`, `p_pack`) VALUES (1,'سید مرتضی','مهدوی','سید علی',NULL,'0341','','09138630341','',33.83,'1398/08/11',17),(2,'سامان','ملاحسینی','علیرضا',NULL,'0597','','09132920597','',0.00,'0',0),(3,'آیدا ','کوهستانی','مجید',NULL,'9869','','09031829869','',0.00,'0',0),(4,'ملیکا ','علیرضازاده','محمود',NULL,'2398','','09130412398','',0.00,'0',0),(5,'فاطمه ','خراسانی','غلامرضا',NULL,'5719','','09366035719','',0.00,'0',0),(6,'فاطمه سادات','مرعشی','',NULL,'4216','','09037484216','',0.00,'0',0),(7,'فاطمه ','عرب','',NULL,'8690','','09916938690','',0.00,'0',0),(8,'مینا ','حسن زاده','',NULL,'9655','','09027859655','',0.00,'0',0),(9,'نوشین','پورطالبی','',NULL,'0390','','09134420390','',0.00,'0',0),(10,'سارا','طباطبایی','',NULL,'8449','','09136548449','',0.00,'0',0),(11,'شمیم','عباسی','',NULL,'0611','','09029240611','',0.00,'0',0),(12,'فروغ','موسی پور','',NULL,'6348','','09223926348','',0.00,'0',0),(13,'فیروزه','علوی','',NULL,'9474','','09399729474','',0.00,'0',0),(14,'بیتا','مرتضوی','',NULL,'1377','','09139911377','',0.00,'0',0),(15,'نسترن','صرافی','',NULL,'1810','','09212091810','',0.00,'0',0),(18,'فاطمه','بلوچ','',NULL,'5078','','09223095078','',0.00,'0',0),(19,'معین','احمدی','',NULL,'1947','','09217511947','',0.00,'0',0),(20,'سهراب ','تجدد','',NULL,'3942','','09192373942','',0.00,'0',0),(21,'لادن','علیپور','',NULL,'4053','','09134934053','',0.00,'0',0),(22,'لیلی ','حاجرضایی','',NULL,'1587','','09360351587','',0.00,'0',0),(23,'بهنام','کشاورزی','محمود',NULL,'4418','','09356484418','',0.00,'0',0),(24,'علی اکبر','تمجید','احمد',NULL,'2946','','09139912946','',0.00,'0',0),(25,'علی','عبداللهی','حسین',NULL,'1715','','09136231715','',0.00,'0',0),(26,'نیما','کشاورزی','منصور','1377/6/25','3678','','09363023678','',0.00,'0',0),(28,'محمد','نیکویی','مظفر',NULL,'5321','','09136515321','',0.00,'0',0),(29,'شهرزاد','حاجی زاده','کاظم',NULL,'3559','','09366033559','',0.00,'0',0),(30,'جواد ','امیری','حسین','1375/10/4','9544','','09134409544','',0.00,'0',0),(31,'امیر علی','محسنی','سعید',NULL,'7579','','09135987579','',0.00,'0',0),(32,'مهیا','محسنی','سعید',NULL,'5100','','09306225100','',0.00,'0',0),(33,'نادیا','کارگر','منصور',NULL,'4121','','09369794121','',0.00,'0',0),(34,'صدرا','محسنی','مجید',NULL,'3495','','09213153495','',0.00,'0',0),(36,'مهتاب','عرب','علیرضا',NULL,'5169','','09229965169','',0.00,'0',0),(37,'مهدی ','علیپور','ایرج',NULL,'6514','','09390936514','',0.00,'0',0),(38,'فاطمه','شایق','حسین',NULL,'0077','','09024020077','',0.00,'0',0),(39,'مبین ','ناصری','محمد',NULL,'7342','','09217807342','',0.00,'0',0),(40,'سجاد','محسنی','مجید',NULL,'3914','','09302153914','',0.00,'0',0),(41,'امیر محمود','ربیعی','محمدرضا','1380/5/13','6022','','09139916022','',0.00,'0',0),(42,'کیان','کامرانی','',NULL,'7643','','09137147643','',0.00,'0',0),(43,'پرنیان ','نجار پور','حسین',NULL,'7621','','09132917621','',0.00,'0',0),(44,'محسن ','هجری','سید جلال الدین',NULL,'1811','','09133911811','',0.00,'0',0),(45,'امیررضا','محمودی','محمود',NULL,'0011532125','','09215513781','',0.00,'0',0),(46,'پوریا','خلیلی زاده','مسعود',NULL,'8161','','09335288161','',0.00,'0',0),(47,'ساناز','بازمانده','رضا',NULL,'5822','','09379535822','',0.00,'0',0),(48,'آرش ','سعدلو','پیمان',NULL,'0011927567','','09053069119','',0.00,'0',0),(49,'اریانا ','احمدی','محسن','1376/4/9','5602','','09131965602','',0.00,'0',0),(50,'امیرحسین','عبداللهی','حسن',NULL,'0011927565','','09352234008','',0.00,'0',0),(51,'احسان','رحمتیان','علی',NULL,'7994','','09210357994','',0.00,'0',0),(52,'امیرحسین','خردمند','محمدحسین',NULL,'8594','','09135318594','',0.00,'0',0),(53,'ابوالفضل ','وحیدی','علیرضا',NULL,'5137','','09391915137','',0.00,'0',0),(54,'علی ','سرداری','محمد',NULL,'3696','','09134433696','',0.00,'0',0),(55,'علی ','جلالی','حمید',NULL,'2118','','09136522118','',0.00,'0',0),(56,'علی','مقیمی','جواد',NULL,'9793','','09128979793','',0.00,'0',0),(58,'امیررضا','حریری','شاهین',NULL,'5654','','09227325654','',0.00,'0',0),(59,'مریم ','شایگان','محمدرضا',NULL,'8736','','09909658736','',0.00,'0',0),(60,'محمدرضا','خیراندیش','حسن','1377/5/5','1840','','09131401840','',0.00,'0',0),(61,'صالح ','امیری','مهدی',NULL,'0809','','09364120809','',0.00,'0',0),(62,'محمدرضا','پورجعفری','امیر','','0012926599','','09215067019','',0.00,'0',0),(63,'امیر','معصومی','',NULL,'4535','','09309074539','',0.00,'0',0),(64,'سید حامد ','هاشمی','','1380/7/14','0011879806','','09134931643','',0.00,'0',0),(65,'محمدمهدی','کاظمی','',NULL,'4776','','09396094776','',0.00,'0',0),(67,'امیرعباس','کرمی','',NULL,'6029','','09137206029','',0.00,'0',0),(68,'علیرضا','رجب پور','',NULL,'7145','','09215977145','',0.00,'0',0),(69,'سید محمد','حسینی','',NULL,'6498','','09137746498','',0.00,'0',0),(70,'علی','صالحی','',NULL,'3010','','09393413010','',0.00,'0',0),(71,'امیرمحمد ','فاتحی','غلامرضا',NULL,'8236','','09913658236','',0.00,'0',0),(72,'فرشته','فاتحی','غلامرضا',NULL,'1360','','09133911360','',0.00,'0',0),(73,'ملیکا','استادحسینی','عارف',NULL,'2440','','09139912440','',0.00,'0',0),(74,'محمدحسین','غیاثی','محمد',NULL,'0011927065','','09392921206','',0.00,'0',0),(75,'محمدعلی','غیاثی','کوروش',NULL,'6688','','09028746688','',0.00,'0',0),(76,'احسان','اوحدی','احمد',NULL,'3058','','09132903058','',0.00,'0',0),(77,'امیررضا','مشتاق','',NULL,'1060','','09140991060','',0.00,'0',0),(78,'سامان','حسینی نوه','',NULL,'6080','','09135826080','',0.00,'0',0),(79,'پویا','نویدی','',NULL,'0011926998','','09215979693','',0.00,'0',0),(80,'امیرحسین','نیکنظر','علیرضا',NULL,'7057','','09352237057','',0.00,'0',0),(81,'امیرحسین','زیندینی','حمید','1377/9/18','0011927060','','09131915549','',0.00,'0',0),(82,'میز1','','','','1','','','',0.00,'0',0),(83,'میز 2','','','','2','','','',0.00,'0',0),(84,'میز 3','','','','3','','','',0.00,'0',0),(85,'میز 4','','','','4','','','',0.00,'0',0),(86,'میز 5','','','','5','','','',0.00,'0',0),(87,'VIP','','','','6','','','',0.00,'0',0),(88,'باربد','نوری','بابک','1380/6/25','0011882728','','09140613326','',10.00,'1398/6/31',0),(89,'امیرحسین','محمدرفیع','','','3480','','09215973480','',0.00,'0',0),(90,'حسین','جعفری','','','2339','','09215952339','',0.00,'0',0),(91,'امیرحسین','خدادادی','','1376/3/13','0781','','09384330781','',0.00,'0',0),(92,'محمدامیر','عبداللهی','حسین','1379/12/27','3885','','09391923885','',0.00,'0',0),(93,'پرنیان ','رضایی','','1382/10/3','6098','','09130646098','',0.00,'0',0),(94,'علی','شریفی','حسین','1383/11/10','0012926210','','09217516300','',0.00,'0',0),(95,'ایلیا','سنجی','رضا','1383/5/29','0011434024','','09303911600','',1.50,'0',0),(96,'امیرعلی','یزدان آفرین','حسین','1383/7/22','0009699077','','09136234541','',1.00,'0',0),(97,'محمدرضا ','مطلبی','','1380/1/17','','','09033193446','',0.00,'0',0),(98,'علی','احمدی راد','','1379/7/24','','','09391911993','',0.00,'0',0),(99,'امیرمسعود','مبین','','1379/12/14','','','09100680902','',0.00,'0',0),(100,'فواد','اسماعیلی','','1380/6/27','','','09381914212','',0.00,'0',0),(101,'مهدی','سیاهکوهی','','1380/3/20','','','09140149824','',0.00,'0',0),(102,'امیرعلی','توکلی','علیرضا','1377/12/27','','','09393730098','',0.00,'0',0),(103,'فربد ','عرب','حمید','1379/2/7','','','09217527974','',0.00,'0',0),(105,'محمدمهدی ','کاظمی','عباس','1380/12/3','0011882657','','09138549962','',0.00,'0',0),(106,'سهیل','ایزدخواه','علی','1383/8/15','0009699106','','09223572130','',2.00,'0',0),(107,'سید امیرحسین','تقوی','','1382/11/27','0010261378','','09103388990','',0.00,'0',0),(108,'پارسا ','انصاری','','1383/6/25','9874','','09130429874','',0.00,'0',0),(109,'حسین','سعیدی','','1382/9/12','09223401452','','09223401452','',0.00,'0',0),(110,'امیرعلی','رنجبر عسکری','','1383/3/13','09135395212','','09135395212','',0.00,'0',0),(111,'امیر ارسلان','ربیعی','','1385/10/23','9559','','09139939559','',0.00,'0',0),(113,'نگار','اقامحمدحسنی','','1381/8/15','','','09120049063','',0.00,'0',0),(114,'کیمیا','چیتساز','','1381/11/26','','','09120685135','',0.00,'0',0),(115,'امیرعباس','عباسی پور','','1379/1/22','','','09131917646','',0.00,'0',0),(116,'محمد','پورمیرزایی','','1371/2/10','','','09381536188','',0.00,'0',0),(117,'زینب','رسولی','','1373/3/24','0117','','09205430117','',0.00,'0',0),(118,'صدرا','اسماعیلی','','1383/9/1','6025','','09216776025','',0.00,'0',0),(119,'عاطفه','حیدری','','1379/9/2','','','09135993200','',0.00,'0',0),(120,'لیلی ','بخشنده','','1379/11/29','','','09904395300','',0.00,'0',0),(121,'میز بالا','','','','7','','','',0.00,'0',0);
/*!40000 ALTER TABLE `person` ENABLE KEYS */;
UNLOCK TABLES;

--
-- Table structure for table `product`
--

DROP TABLE IF EXISTS `product`;
/*!40101 SET @saved_cs_client     = @@character_set_client */;
/*!40101 SET character_set_client = utf8 */;
CREATE TABLE `product` (
  `pr_id` int(11) NOT NULL AUTO_INCREMENT COMMENT 'کد ردیف',
  `pr_name` varchar(20) NOT NULL COMMENT 'نام کالا',
  `pr_stock` int(11) NOT NULL COMMENT 'موجودی',
  `pr_buy` int(11) NOT NULL COMMENT 'قیمت خرید',
  `pr_sale` int(11) NOT NULL COMMENT 'قیمت فروش',
  PRIMARY KEY (`pr_id`)
) ENGINE=InnoDB AUTO_INCREMENT=37 DEFAULT CHARSET=utf8;
/*!40101 SET character_set_client = @saved_cs_client */;

--
-- Dumping data for table `product`
--

LOCK TABLES `product` WRITE;
/*!40000 ALTER TABLE `product` DISABLE KEYS */;
INSERT INTO `product` (`pr_id`, `pr_name`, `pr_stock`, `pr_buy`, `pr_sale`) VALUES (3,'آب معدنی',991,1500,1500),(4,'نوشابه ',985,4000,4000),(5,'اسپرسو سینگل',996,5000,5000),(6,'اسپرسو دوبل',1000,7000,7000),(7,'آمریکانو',1000,8000,8000),(8,'لاته',999,8000,8000),(9,'کاپوچینو',1000,8000,8000),(10,'موکا',1000,9000,9000),(11,'هات چاکلت',1000,7000,7000),(12,'چای',1000,3000,3000),(13,'دمنوش',1000,6000,6000),(14,'شیرموز شکلات',997,11000,11000),(15,'موهیتو',995,10000,10000),(16,'لیموناد',999,9000,9000),(17,'اسموتی هندوانه',1000,11000,11000),(18,'اسموتی موز',998,13000,13000),(19,'شیک شکلات',995,12000,12000),(20,'شیک کیت کت',999,14000,14000),(21,'شیک توت فرنگی',1000,13000,13000),(22,'شیک موز شکلات',996,14000,14000),(23,'شیک قهوه',997,11000,11000),(24,'بستنی',990,8000,8000),(25,'بستنی مخصوص',999,12000,12000),(26,'کیک بستنی',993,11000,11000),(27,'کیک',14,9000,9000),(28,'سیب زمینی کوچک',995,7000,7000),(29,'سیب بزرگ',997,15000,15000),(30,'سیب ویژه',995,21000,21000),(31,'چیپس و پنیر کوچک',996,16000,16000),(32,'چیپس و پنیر بزرگ',995,24000,24000),(33,'بشقاب هات داگ',992,20000,20000),(35,'بشقاب ویژه',990,29000,29000),(36,'اسنک',996,16000,16000);
/*!40000 ALTER TABLE `product` ENABLE KEYS */;
UNLOCK TABLES;

--
-- Table structure for table `setting`
--

DROP TABLE IF EXISTS `setting`;
/*!40101 SET @saved_cs_client     = @@character_set_client */;
/*!40101 SET character_set_client = utf8 */;
CREATE TABLE `setting` (
  `ID` int(11) NOT NULL AUTO_INCREMENT,
  `meta_key` varchar(20) NOT NULL,
  `meta_value` varchar(50) NOT NULL,
  PRIMARY KEY (`ID`)
) ENGINE=InnoDB AUTO_INCREMENT=17 DEFAULT CHARSET=utf8;
/*!40101 SET character_set_client = @saved_cs_client */;

--
-- Dumping data for table `setting`
--

LOCK TABLES `setting` WRITE;
/*!40000 ALTER TABLE `setting` DISABLE KEYS */;
INSERT INTO `setting` (`ID`, `meta_key`, `meta_value`) VALUES (9,'opt_name','بردلند'),(10,'opt_hour1','4000'),(11,'opt_hour2','4000'),(12,'save_opt',''),(13,'opt_home','http://helisoft.ir/app/boardland/'),(14,'sms_user','boardland'),(15,'sms_pass','123456'),(16,'sms_line','+985000189');
/*!40000 ALTER TABLE `setting` ENABLE KEYS */;
UNLOCK TABLES;

--
-- Table structure for table `sms_log`
--

DROP TABLE IF EXISTS `sms_log`;
/*!40101 SET @saved_cs_client     = @@character_set_client */;
/*!40101 SET character_set_client = utf8 */;
CREATE TABLE `sms_log` (
  `sl_id` int(11) NOT NULL AUTO_INCREMENT,
  `sl_user` int(11) NOT NULL,
  `sl_date` varchar(16) CHARACTER SET utf8 NOT NULL,
  `sl_line` varchar(17) CHARACTER SET utf8 NOT NULL,
  `sl_bulk` int(15) NOT NULL,
  `sl_rcpts` text CHARACTER SET utf8 NOT NULL,
  `sl_text` text CHARACTER SET utf8 NOT NULL,
  PRIMARY KEY (`sl_id`)
) ENGINE=MyISAM AUTO_INCREMENT=7 DEFAULT CHARSET=latin1;
/*!40101 SET character_set_client = @saved_cs_client */;

--
-- Dumping data for table `sms_log`
--

LOCK TABLES `sms_log` WRITE;
/*!40000 ALTER TABLE `sms_log` DISABLE KEYS */;
INSERT INTO `sms_log` (`sl_id`, `sl_user`, `sl_date`, `sl_line`, `sl_bulk`, `sl_rcpts`, `sl_text`) VALUES (1,1,'1398/05/25 18:41','+985000189',57719409,'09138630341,09132920597,09031829869,09130412398,09366035719,09037484216,09916938690,09027859655,09134420390,09136548449,09029240611,09223926348,09399729474,09139911377,09212091810,09223095078,09217511947,09192373942,09134934053,09360351587','سلام. به بردلند خوش اومدین.\r\nامیدوارم روز خوبی رو کنار هم داشته باشیم.'),(2,1,'1398/05/26 00:43','+985000189',57743039,'09363023678','1010'),(3,1,'1398/05/28 22:18','+985000189',58075741,'09138630341,09132920597,09031829869,09130412398,09366035719,09037484216,09916938690,09027859655,09134420390,09136548449,09029240611,09223926348,09399729474,09139911377,09212091810,09223095078,09217511947,09192373942,09134934053,09360351587,09356484418,09139912946,09136231715,09363023678,09136515321,09134409544,09135987579,09306225100,09369794121,09213153495,09229965169,09390936514,09024020077,09217807342,09302153914,09139916022,09137147643,09132917621,09133911811,09215513781,09335288161,09379535822,09053069119','عید غدیر مبارک \r\nبردلند همه روزه حتی روز های تعطیل ساعت 18 تا 23'),(4,1,'1398/06/03 19:11','+985000189',58590717,'09138630341,09132920597,09031829869,09130412398,09366035719,09037484216,09916938690,09027859655,09134420390,09136548449,09029240611,09223926348,09399729474,09139911377,09212091810,09223095078,09217511947,09192373942,09134934053,09360351587,09356484418,09139912946,09136231715,09363023678,09136515321,09366033559,09134409544,09135987579,09306225100,09369794121,09213153495,09229965169,09390936514,09024020077,09217807342,09302153914,09139916022,09137147643,09132917621,09133911811,09215513781,09335288161,09379535822,09053069119,09131965602,09352234008,09210357994,09135318594,09391915137,09134433696,09136522118,09128979793,09227325654,09909658736,09131401840,09364120809,09215067019,09309074539,09134931643,09396094776,09137206029,09215977145,09137746498,09393413010','سلام\r\nفردا دوشنبه ایونت \"شب مافیا\" منتظریم\r\nبردلند'),(5,1,'1398/06/13 22:27','+985000189',59699389,'09138630341','جمعه ایونت شب مافیا\r\nساعت 18 بردلند\r\nhttp://instagram.com/boardland_raf'),(6,1,'1398/06/13 22:29','+985000189',59699432,'09138630341,09132920597,09031829869,09130412398,09366035719,09037484216,09916938690,09027859655,09134420390,09136548449,09029240611,09223926348,09399729474,09139911377,09212091810,09223095078,09217511947,09192373942,09134934053,09360351587,09356484418,09139912946,09136231715,09363023678,09136515321,09366033559,09134409544,09135987579,09306225100,09369794121,09213153495,09229965169,09390936514,09024020077,09217807342,09302153914,09139916022,09137147643,09132917621,09133911811,09215513781,09335288161,09379535822,09053069119,09131965602,09352234008,09210357994,09135318594,09391915137,09134433696,09136522118,09128979793,09227325654,09909658736,09131401840,09364120809,09215067019,09309074539,09134931643,09396094776,09137206029,09215977145,09137746498,09393413010,09913658236,09133911360,09139912440,09392921206,09028746688,09132903058,09140991060,09135826080,09215979693,09352237057,09131915549,09140613326,09215973480,09215952339,09384330781,09391923885,09130646098,09217516300,09303911600,09136234541,09033193446,09391911993,09100680902,09381914212,09140149824,09393730098,09217527974,09138549962,09223572130,09103388990,09130429874,09223401452,09135395212,09139939559,09120049063,09120685135,09131917646,09381536188,09205430117,09216776025','جمعه ایونت شب مافیا بردلند\r\n* ساعت 18\r\n* ثبت نام از طریق:\r\nhttp://instagram.com/boardland_raf');
/*!40000 ALTER TABLE `sms_log` ENABLE KEYS */;
UNLOCK TABLES;

--
-- Table structure for table `users`
--

DROP TABLE IF EXISTS `users`;
/*!40101 SET @saved_cs_client     = @@character_set_client */;
/*!40101 SET character_set_client = utf8 */;
CREATE TABLE `users` (
  `ID` int(11) NOT NULL AUTO_INCREMENT COMMENT 'کد',
  `namee` varchar(255) CHARACTER SET utf8 DEFAULT NULL COMMENT 'نام',
  `family` varchar(255) CHARACTER SET utf8 DEFAULT NULL COMMENT 'نام خانوادگی',
  `username` varchar(255) CHARACTER SET utf8 DEFAULT NULL COMMENT 'نام کاربری',
  `password` varchar(255) CHARACTER SET utf8 DEFAULT NULL COMMENT 'رمز',
  `level` varchar(255) CHARACTER SET utf8 DEFAULT NULL COMMENT 'سطح دسترسی',
  `sign` varchar(255) CHARACTER SET utf8 DEFAULT NULL COMMENT 'آدرس امضاء',
  `mobile` varchar(255) CHARACTER SET utf8 DEFAULT NULL COMMENT 'موبایل',
  PRIMARY KEY (`ID`)
) ENGINE=InnoDB AUTO_INCREMENT=2 DEFAULT CHARSET=latin1;
/*!40101 SET character_set_client = @saved_cs_client */;

--
-- Dumping data for table `users`
--

LOCK TABLES `users` WRITE;
/*!40000 ALTER TABLE `users` DISABLE KEYS */;
INSERT INTO `users` (`ID`, `namee`, `family`, `username`, `password`, `level`, `sign`, `mobile`) VALUES (1,'سید مرتضی','مهدوی','admin','admin','مدیر',NULL,'09138630341');
/*!40000 ALTER TABLE `users` ENABLE KEYS */;
UNLOCK TABLES;

--
-- Dumping events for database 'helisoft_app'
--

--
-- Dumping routines for database 'helisoft_app'
--
/*!40103 SET TIME_ZONE=@OLD_TIME_ZONE */;

/*!40101 SET SQL_MODE=@OLD_SQL_MODE */;
/*!40014 SET FOREIGN_KEY_CHECKS=@OLD_FOREIGN_KEY_CHECKS */;
/*!40014 SET UNIQUE_CHECKS=@OLD_UNIQUE_CHECKS */;
/*!40101 SET CHARACTER_SET_CLIENT=@OLD_CHARACTER_SET_CLIENT */;
/*!40101 SET CHARACTER_SET_RESULTS=@OLD_CHARACTER_SET_RESULTS */;
/*!40101 SET COLLATION_CONNECTION=@OLD_COLLATION_CONNECTION */;
/*!40111 SET SQL_NOTES=@OLD_SQL_NOTES */;

-- Dump completed on 2020-01-19 11:56:09
