-- MySQL dump 10.15  Distrib 10.0.38-MariaDB, for Linux (x86_64)
--
-- Host: localhost    Database: helisoft_auth
-- ------------------------------------------------------
-- Server version	10.0.38-MariaDB

/*!40101 SET @OLD_CHARACTER_SET_CLIENT=@@CHARACTER_SET_CLIENT */;
/*!40101 SET @OLD_CHARACTER_SET_RESULTS=@@CHARACTER_SET_RESULTS */;
/*!40101 SET @OLD_COLLATION_CONNECTION=@@COLLATION_CONNECTION */;
/*!40101 SET NAMES utf8mb4 */;
/*!40103 SET @OLD_TIME_ZONE=@@TIME_ZONE */;
/*!40103 SET TIME_ZONE='+00:00' */;
/*!40014 SET @OLD_UNIQUE_CHECKS=@@UNIQUE_CHECKS, UNIQUE_CHECKS=0 */;
/*!40014 SET @OLD_FOREIGN_KEY_CHECKS=@@FOREIGN_KEY_CHECKS, FOREIGN_KEY_CHECKS=0 */;
/*!40101 SET @OLD_SQL_MODE=@@SQL_MODE, SQL_MODE='NO_AUTO_VALUE_ON_ZERO' */;
/*!40111 SET @OLD_SQL_NOTES=@@SQL_NOTES, SQL_NOTES=0 */;

--
-- Current Database: `helisoft_auth`
--


--
-- Table structure for table `account`
--

DROP TABLE IF EXISTS `account`;
/*!40101 SET @saved_cs_client     = @@character_set_client */;
/*!40101 SET character_set_client = utf8 */;
CREATE TABLE `account` (
  `a_id` int(11) NOT NULL AUTO_INCREMENT,
  `a_name` varchar(50) NOT NULL,
  `a_family` varchar(50) NOT NULL,
  `a_center` varchar(50) NOT NULL,
  `a_phone` varchar(11) NOT NULL,
  `a_mobile` varchar(11) NOT NULL,
  `a_city` varchar(20) NOT NULL,
  `a_address` text NOT NULL,
  `a_date` date NOT NULL,
  `a_days` int(11) NOT NULL,
  `a_db_name` varchar(50) DEFAULT NULL,
  `a_db_user` varchar(50) DEFAULT NULL,
  `a_db_password` varchar(50) DEFAULT NULL,
  `a_username` varchar(255) DEFAULT NULL,
  `a_password` varchar(255) DEFAULT NULL,
  PRIMARY KEY (`a_id`)
) ENGINE=MyISAM AUTO_INCREMENT=39 DEFAULT CHARSET=utf8;
/*!40101 SET character_set_client = @saved_cs_client */;

--
-- Dumping data for table `account`
--

LOCK TABLES `account` WRITE;
/*!40000 ALTER TABLE `account` DISABLE KEYS */;
INSERT INTO `account` (`a_id`, `a_name`, `a_family`, `a_center`, `a_phone`, `a_mobile`, `a_city`, `a_address`, `a_date`, `a_days`, `a_db_name`, `a_db_user`, `a_db_password`, `a_username`, `a_password`) VALUES (1,'سید مرتضی','مهدوی','گراتک','3434254141','9138630341','رفسنجان','خواجو','0000-00-00',0,'helisoft_gratech','helisoft_gratech_user','bt*zIc^CPkLP','admin','admin'),(14,'علی','عبداللهی','بردلند','3434224171','9136231715','رفسنجان','خیابان عدالت، نبش عدالت 11','2019-09-17',14,'','',NULL,NULL,NULL),(15,'عباس','جبلی','ابرار','','9121593173','تهران','خیابان قزوین','2019-09-19',14,'helisoft','root',NULL,NULL,NULL),(18,'شهین','زینلی','خانه بازی','34259051','9132912744','رفسجان','خ کارگر کوچه 41','2019-09-21',14,'','',NULL,NULL,NULL),(19,'ابراهیم','عبدالهی','سرزمین بازی شادیانه','034-3422684','09137655576','رفسنجان','میدان استادشهریار روبروی حوزه','2019-09-21',14,'','',NULL,NULL,NULL),(21,'امیر','اسفندیاری','فیلینو','-','09121953286','تهران','','2019-09-22',14,'helisoft_filinodb','helisoft_filinouser','}6&[A&p9F-JH','09121953286','4423366'),(22,'صادق','مرادی','بالونیا','28162000','9122753213','تهران','نونبیاد','2019-09-22',14,'helisoft_balloniadb','helisoft_balloniauser','}eKvE(4JaL9j','09122753213','30030'),(23,'خانم','نوری','وروجک ها','','09113290265','مازندران','ساری','2020-01-16',14,'helisoft_vorojakhadb','helisoft_vorojakhauser','$y_D@1FZGQaC','09113290265','0265'),(25,'فاطمه','کرمی','تارا','','9387617265','رفسنجان','رفسنجان','2019-10-06',14,'','',NULL,NULL,NULL),(28,'خانم','حاتمی','صمیمانه','','09109175693','','','2019-10-08',14,'helisoft_samimanehdb','helisoft_samimanehuser','BIUp0Fhe6M+#','09109175693','9376'),(29,'حمیده','سلطانی','خونه مادربزرگه','','9133933505','رفسنجان','شهید فکوری','2019-10-11',14,'','',NULL,NULL,NULL),(30,'خانم','سمیرانی','خانه کودک آروشا','','9127900806','تهران','تهران','2019-10-13',14,'','',NULL,NULL,NULL),(36,'خانم','نظام طلب','آراد','','09116542697','تهران','','0000-00-00',14,'helisoft_araddb','helisoft_araduser','ftJukA@pPcH[','09116542697','123456'),(33,'خانم','دهش','خانه کودک خاله هیلی','','9362977211','تهران','تهران','2019-10-13',14,'','',NULL,NULL,NULL),(34,'کاظم','صانعی','لب خندون','','09133930151','کرمان','رفسنجان','2019-10-30',14,'helisoft_labekhandondb','helisoft_labekhandonuser','4BkIfo0k##0(','09133930151','0151'),(35,'آقای','علینقی','چیکولند','','','','','0000-00-00',0,'helisoft_chikodb','helisoft_chikouser','{;S&nqN.S;{J','09128650407','8142');
/*!40000 ALTER TABLE `account` ENABLE KEYS */;
UNLOCK TABLES;

--
-- Table structure for table `login_record`
--

DROP TABLE IF EXISTS `login_record`;
/*!40101 SET @saved_cs_client     = @@character_set_client */;
/*!40101 SET character_set_client = utf8 */;
CREATE TABLE `login_record` (
  `lr_id` int(11) NOT NULL AUTO_INCREMENT,
  `a_id` int(11) NOT NULL,
  `lr_user` varchar(50) CHARACTER SET utf8 NOT NULL,
  `lr_pass` varchar(50) CHARACTER SET utf8 NOT NULL,
  `lr_time` datetime NOT NULL,
  `lr_ip` varchar(15) CHARACTER SET utf8 NOT NULL,
  PRIMARY KEY (`lr_id`)
) ENGINE=MyISAM AUTO_INCREMENT=533 DEFAULT CHARSET=latin1;
/*!40101 SET character_set_client = @saved_cs_client */;

--
-- Dumping data for table `login_record`
--

LOCK TABLES `login_record` WRITE;
/*!40000 ALTER TABLE `login_record` DISABLE KEYS */;
INSERT INTO `login_record` (`lr_id`, `a_id`, `lr_user`, `lr_pass`, `lr_time`, `lr_ip`) VALUES (532,22,'09122753213','30030','1398-10-29 11:29:41','84.241.11.195'),(531,22,'09122753213','30030','1398-10-29 11:27:09','5.216.50.246'),(530,22,'09122753213','30030','1398-10-29 09:00:57','84.241.11.195'),(529,22,'09122753213','30030','1398-10-28 21:32:50','46.225.208.128'),(528,1,'admin','admin','1398-10-28 20:22:45','5.116.9.92'),(527,22,'09122753213','30030','1398-10-28 19:58:52','5.216.9.233'),(526,22,'09122753213','30030','1398-10-28 19:26:32','5.216.151.133'),(525,22,'09122753213','30030','1398-10-28 18:16:10','5.216.169.117'),(524,22,'09122753213','30030','1398-10-28 17:38:11','84.241.11.195'),(523,22,'09122753213','30030','1398-10-28 17:32:05','185.140.240.10'),(522,22,'09122753213','30030','1398-10-28 15:20:35','5.213.151.35'),(521,22,'09122753213','30030','1398-10-28 14:48:35','5.213.166.218'),(520,22,'09122753213','30030','1398-10-28 13:38:30','5.213.177.241'),(519,22,'09122753213','30030','1398-10-28 13:23:18','5.119.141.72'),(518,22,'09122753213','30030','1398-10-28 13:00:12','84.241.11.195'),(517,22,'09122753213','30030','1398-10-28 12:53:18','5.212.83.67'),(516,22,'09122753213','30030','1398-10-28 11:10:04','185.140.240.10'),(515,22,'09122753213','30030','1398-10-28 10:33:59','5.114.186.11'),(514,22,'09122753213','30030','1398-10-28 10:48:55','185.140.240.10'),(513,22,'09122753213','30030','1398-10-28 10:57:31','5.214.128.170'),(512,1,'admin','admin','1398-10-27 21:53:55','46.225.208.128'),(511,22,'09122753213','30030','1398-10-27 21:16:29','5.214.203.146'),(510,22,'09122753213','30030','1398-10-27 20:13:52','91.184.71.235'),(509,22,'09122753213','30030','1398-10-27 20:50:21','91.184.71.235'),(508,22,'09122753213','30030','1398-10-27 20:31:08','5.214.129.212'),(507,23,'09113290265','0265','1398-10-27 18:08:54','89.198.120.39'),(506,22,'09122753213','30030','1398-10-27 18:22:16','5.216.37.189'),(505,22,'09122753213','30030','1398-10-27 18:47:03','91.184.71.235'),(504,0,'09122753213','admin','1398-10-27 18:26:03','91.184.71.235'),(503,0,'09122753213','admin','1398-10-27 18:11:03','91.184.71.235'),(502,22,'09122753213','30030','1398-10-27 17:39:38','185.140.240.10'),(501,22,'09122753213','30030','1398-10-27 15:36:53','5.217.159.128'),(500,22,'09122753213','30030','1398-10-27 14:13:02','5.106.67.195'),(499,22,'09122753213','30030','1398-10-27 12:39:17','5.106.67.195'),(498,22,'09122753213','30030','1398-10-27 11:30:34','84.241.11.195'),(497,0,'09122753213','admin','1398-10-27 11:50:23','5.78.180.82'),(496,0,'09122753213','admin','1398-10-27 11:32:23','5.78.180.82'),(495,0,'09122753213','admin','1398-10-27 11:18:23','5.78.180.82'),(494,0,'09122753213','admin','1398-10-27 11:11:23','5.78.180.82'),(493,0,'','','1398-10-27 11:51:22','5.78.180.82'),(492,22,'09122753213','30030','1398-10-27 11:31:17','2.177.65.86'),(491,1,'admin','admin','1398-10-27 10:00:53','46.225.208.128'),(490,22,'09122753213','30030','1398-10-27 10:14:44','2.177.65.86'),(489,0,'','','1398-10-27 10:08:44','2.177.65.86'),(488,22,'09122753213','30030','1398-10-27 10:43:09','84.241.11.195'),(487,34,'09133930151','0151','1398-10-26 21:01:00','5.120.124.171'),(486,0,'09133930151','9801','1398-10-26 20:54:59','5.120.124.171'),(485,22,'09122753213','30030','1398-10-26 20:40:53','204.18.117.179'),(484,22,'09122753213','30030','1398-10-26 20:42:43','84.241.11.195'),(483,0,'09133930151','9801','1398-10-26 20:14:20','5.120.124.171'),(482,22,'09122753213','30030','1398-10-26 20:22:19','84.241.11.195'),(481,0,'09133930151','9801','1398-10-26 20:16:19','5.120.124.171'),(480,22,'09122753213','30030','1398-10-26 19:20:43','84.241.11.195'),(479,22,'09122753213','30030','1398-10-26 19:36:18','84.241.11.195'),(478,22,'09122753213','30030','1398-10-26 18:22:07','204.18.219.87'),(477,1,'admin','admin','1398-10-26 15:58:35','5.119.52.193'),(476,23,'09113290265','0265','1398-10-26 15:19:19','5.52.251.60'),(475,1,'admin','admin','1398-10-26 15:09:01','5.52.251.60'),(474,1,'admin','admin','1398-10-26 14:08:58','5.52.251.60'),(473,1,'admin','admin','1398-10-26 14:08:58','5.52.251.60'),(472,22,'09122753213','30030','1398-10-26 14:30:37','151.242.74.93'),(471,23,'09113290265','0265','1398-10-26 14:14:25','5.119.52.193'),(470,1,'admin','admin','1398-10-26 14:00:25','5.119.52.193'),(469,22,'09122753213','30030','1398-10-26 14:35:18','151.242.74.93'),(468,22,'09122753213','30030','1398-10-26 13:11:43','151.242.74.93'),(467,22,'09122753213','30030','1398-10-26 13:25:36','5.119.52.193'),(466,1,'admin','admin','1398-10-26 10:29:59','5.119.52.193'),(465,0,'','','1398-10-26 10:08:59','5.119.52.193'),(464,0,'admin','','1398-10-26 10:06:59','5.119.52.193'),(463,1,'admin','admin','1398-10-26 10:18:58','5.119.52.193'),(462,1,'admin','admin','1398-10-26 10:55:54','5.119.52.193'),(461,1,'admin','admin','1398-10-26 10:44:52','5.119.52.193'),(460,1,'admin','admin','1398-10-26 10:14:52','5.119.52.193'),(459,22,'09122753213','30030','1398-10-26 10:00:38','5.114.186.11'),(458,22,'09122753213','30030','1398-10-26 10:35:24','5.114.186.11'),(457,0,'admin','30030','1398-10-26 10:26:24','5.114.186.11'),(456,22,'09122753213','30030','1398-10-26 09:26:58','89.199.110.179'),(455,1,'admin','admin','1398-10-25 22:42:52','5.209.166.71'),(454,1,'admin','admin','1398-10-25 22:16:52','5.209.166.71'),(453,22,'09122753213','30030','1398-10-25 21:05:53','5.116.9.92'),(452,22,'09122753213','30030','1398-10-25 21:01:36','69.175.34.163'),(451,1,'admin','admin','1398-10-25 21:58:27','46.225.208.128'),(450,22,'09122753213','30030','1398-10-25 21:53:17','5.116.9.92'),(449,22,'09122753213','30030','1398-10-25 21:11:13','46.225.208.128'),(448,1,'admin','admin','1398-10-25 21:47:12','46.225.208.128'),(447,1,'admin','admin','1398-10-25 20:18:56','5.209.166.71'),(446,1,'admin','admin','1398-10-25 20:28:53','46.225.208.128'),(445,22,'09122753213','30030','1398-10-25 20:57:27','86.55.59.163'),(444,0,'','','1398-10-25 20:49:27','86.55.59.163'),(443,0,'','','1398-10-25 20:48:27','86.55.59.163'),(442,22,'09122753213','30030','1398-10-25 18:48:36','5.120.38.111'),(441,22,'09122753213','30030','1398-10-25 18:58:33','86.55.59.163'),(440,0,'','','1398-10-25 18:53:33','86.55.59.163'),(439,1,'admin','admin','1398-10-25 18:58:16','5.120.38.111'),(438,22,'09122753213','30030','1398-10-25 17:04:38','5.120.38.111'),(437,22,'09122753213','30030','1398-10-25 17:07:23','5.114.186.11'),(436,22,'09122753213','30030','1398-10-25 17:48:21','31.2.163.93'),(435,1,'admin','admin','1398-10-25 16:17:52','5.120.38.111'),(434,1,'admin','admin','1398-10-25 16:43:42','5.120.38.111'),(433,22,'09122753213','30030','1398-10-25 16:50:19','84.241.11.195'),(432,22,'09122753213','30030','1398-10-25 15:27:53','86.57.89.111'),(431,1,'admin','admin','1398-10-25 15:17:53','86.57.89.111'),(430,22,'09122753213','30030','1398-10-25 15:05:06','84.241.11.195'),(429,22,'09122753213','30030','1398-10-25 15:32:00','5.120.38.111'),(428,1,'admin','admin','1398-10-25 14:03:34','5.120.38.111'),(427,22,'09122753213','30030','1398-10-25 14:49:02','5.120.38.111'),(426,22,'09122753213','30030','1398-10-25 13:38:36','89.199.124.124'),(425,1,'admin','admin','1398-10-25 13:06:01','5.120.38.111'),(424,22,'09122753213','30030','1398-10-25 12:53:06','5.120.38.111'),(423,1,'admin','admin','1398-10-25 12:41:05','5.120.38.111'),(422,22,'09122753213','30030','1398-10-25 11:59:52','89.199.124.124'),(421,22,'09122753213','30030','1398-10-25 11:16:52','89.199.28.0'),(420,1,'admin','admin','1398-10-25 10:56:58','89.199.225.81'),(419,22,'09122753213','30030','1398-10-25 10:08:09','84.241.11.195'),(418,1,'admin','admin','1398-10-24 21:22:12','86.57.89.111'),(417,1,'admin','admin','1398-10-24 20:25:35','188.209.73.191'),(416,1,'admin','admin','1398-10-24 19:29:40','5.120.38.111'),(415,1,'admin','admin','1398-10-24 19:30:22','204.18.143.228'),(414,0,'','','1398-10-24 19:25:22','204.18.143.228'),(413,1,'admin','admin','1398-10-24 19:34:04','5.120.38.111'),(412,22,'09122753213','30030','1398-10-24 18:27:22','84.241.11.195'),(411,1,'admin','admin','1398-10-24 17:31:58','204.18.143.228'),(410,0,'adim','admin','1398-10-24 17:18:58','204.18.143.228'),(409,0,'','','1398-10-24 17:50:51','5.78.67.65'),(408,0,'09122753213','admin','1398-10-24 17:42:51','5.78.67.65'),(407,22,'09122753213','30030','1398-10-24 17:27:51','5.78.67.65'),(406,1,'admin','admin','1398-10-24 17:09:31','204.18.143.228'),(405,22,'09122753213','30030','1398-10-24 17:26:29','192.168.1.85'),(404,0,'9122753213','30030','1398-10-24 17:04:29','192.168.1.85'),(399,0,'adasd','dasda','1398-10-24 16:43:53','5.120.38.111'),(400,1,'admin','admin','1398-10-24 16:53:53','5.120.38.111'),(401,1,'admin','admin','1398-10-24 16:20:54','5.120.38.111'),(402,22,'09122753213','30030','1398-10-24 17:19:07','204.18.143.228'),(403,1,'admin','admin','1398-10-24 17:02:09','5.120.38.111');
/*!40000 ALTER TABLE `login_record` ENABLE KEYS */;
UNLOCK TABLES;

--
-- Table structure for table `user`
--

DROP TABLE IF EXISTS `user`;
/*!40101 SET @saved_cs_client     = @@character_set_client */;
/*!40101 SET character_set_client = utf8 */;
CREATE TABLE `user` (
  `u_id` int(11) NOT NULL AUTO_INCREMENT COMMENT 'کد',
  `a_id` int(11) NOT NULL COMMENT 'کد اکانت',
  `u_name` varchar(255) CHARACTER SET utf8 DEFAULT NULL COMMENT 'نام',
  `u_family` varchar(255) CHARACTER SET utf8 DEFAULT NULL COMMENT 'نام خانوادگی',
  `u_username` varchar(255) CHARACTER SET utf8 DEFAULT NULL COMMENT 'نام کاربری',
  `u_password` varchar(255) CHARACTER SET utf8 DEFAULT NULL COMMENT 'رمز',
  `u_level` varchar(255) CHARACTER SET utf8 DEFAULT NULL COMMENT 'سطح دسترسی',
  `u_mobile` varchar(255) CHARACTER SET utf8 DEFAULT NULL COMMENT 'موبایل',
  PRIMARY KEY (`u_id`)
) ENGINE=InnoDB AUTO_INCREMENT=46 DEFAULT CHARSET=latin1;
/*!40101 SET character_set_client = @saved_cs_client */;

--
-- Dumping data for table `user`
--

LOCK TABLES `user` WRITE;
/*!40000 ALTER TABLE `user` DISABLE KEYS */;
INSERT INTO `user` (`u_id`, `a_id`, `u_name`, `u_family`, `u_username`, `u_password`, `u_level`, `u_mobile`) VALUES (21,14,'علی','عبداللهی','09136231715','6767','مدیر','09136231715'),(22,15,'عباس','جبلی','09121593173','5788','مدیر','09121593173'),(24,17,'شهین','زینلی','09132912744','7488','مدیر','09132912744'),(26,19,'ابراهیم','عبدالهی','09137655576','5111','مدیر','09137655576'),(29,22,'صادق','مرادی','09122753213','30030','مدیر','09122753213'),(30,23,'mahdiye','mohammadi','09133906828','7859','مدیر','09133906828'),(33,15,'منشی','مجموعه','mon','123456','مدیر',''),(34,25,'فاطمه','کرمی','09387617265','4778','مدیر','09387617265'),(35,21,'صادق','مرادی','9122753213','30030','مدیر',''),(37,27,'S','','','4574','مدیر',''),(39,29,'حمیده','سلطانی','09133933505','3647','مدیر','09133933505'),(40,30,'خانم','سمیرانی','09127900806','6164','مدیر','09127900806'),(41,31,'خانم','سمیرانی','09127900806','3410','مدیر','09127900806');
/*!40000 ALTER TABLE `user` ENABLE KEYS */;
UNLOCK TABLES;

--
-- Dumping events for database 'helisoft_auth'
--

--
-- Dumping routines for database 'helisoft_auth'
--
/*!40103 SET TIME_ZONE=@OLD_TIME_ZONE */;

/*!40101 SET SQL_MODE=@OLD_SQL_MODE */;
/*!40014 SET FOREIGN_KEY_CHECKS=@OLD_FOREIGN_KEY_CHECKS */;
/*!40014 SET UNIQUE_CHECKS=@OLD_UNIQUE_CHECKS */;
/*!40101 SET CHARACTER_SET_CLIENT=@OLD_CHARACTER_SET_CLIENT */;
/*!40101 SET CHARACTER_SET_RESULTS=@OLD_CHARACTER_SET_RESULTS */;
/*!40101 SET COLLATION_CONNECTION=@OLD_COLLATION_CONNECTION */;
/*!40111 SET SQL_NOTES=@OLD_SQL_NOTES */;

-- Dump completed on 2020-01-19 11:56:09
